LIFNR,NAME1,RISK_CLASS,avg_days_overdue_hist,late_ratio,total_spend_vol,transaction_count,open_exposure,open_count,RISK_CLASS_LABEL,KMEANS_CLUSTER,ISOLATION_SCORE,IS_OUTLIER
V000001,Alpha Partners,A,19.16216216216216,0.7567567567567568,470273.97,37,204729.87,20,0,3,0.0949,0
V000002,Gamma Industries,A,19.68421052631579,0.7105263157894737,535927.29,38,123551.36,17,0,3,0.1948,0
V000003,Smart GmbH,B,21.95,0.675,681151.15,40,774533.17,26,1,0,0.6161,1
V000004,Alpha Associates,C,25.75438596491228,0.7894736842105263,877773.0499999999,57,394282.29,21,2,2,0.2046,0
V000005,Delta Corp,D,25.022727272727273,0.7727272727272727,693614.21,44,337336.81,21,3,2,0.1248,0
V000006,Smart Corp,C,24.85185185185185,0.8148148148148148,380661.66,27,158658.74,20,2,1,0.1035,0
V000007,Infra Industries,B,30.2972972972973,0.918918918918919,671349.62,37,370888.77,28,1,1,0.5589,1
V000008,Prime Services,C,23.794117647058822,0.8235294117647058,957652.61,34,172385.78,20,2,2,0.1667,0
V000009,Sigma Enterprises,A,23.263157894736842,0.7631578947368421,395683.86,38,290585.51,28,0,1,0.0605,0
V000010,Smart Partners,A,26.6,0.825,357985.41,40,138779.61000000002,16,0,1,0.2044,0
V000011,Prime Services,A,20.153846153846153,0.7435897435897436,785379.09,39,321964.89,25,0,3,0.1371,0
V000012,Sigma Enterprises,A,20.05263157894737,0.6842105263157895,428251.37,38,295335.71,23,0,3,0.2087,0
V000013,Net Group,A,25.36842105263158,0.8421052631578947,366418.27,38,208811.51,23,0,1,0.1243,0
V000014,Digital Pvt Ltd,B,20.974358974358974,0.7948717948717948,719366.35,39,162445.96,23,1,2,0.1044,0
V000015,Pro Corp,D,27.232558139534884,0.8604651162790697,562755.01,43,464148.61,28,3,1,0.211,0
V000016,Inter Group,A,24.0,0.8723404255319149,787428.49,47,307800.07,16,0,2,0.1478,0
V000017,Energy Solutions,A,22.62962962962963,0.9259259259259259,309133.1,27,377081.33999999997,24,0,1,0.4471,0
V000018,Uni Group,A,26.636363636363637,0.8484848484848485,609545.58,33,441470.37,21,0,1,0.146,0
V000019,Pro AG,A,24.306122448979593,0.7551020408163265,557708.89,49,220163.73,23,0,1,0.0883,0
V000020,Gamma Corp,D,28.23913043478261,0.8913043478260869,416898.83,46,154776.99000000002,16,3,1,0.3213,0
V000021,Inter Pvt Ltd,A,18.63888888888889,0.7777777777777778,393257.46,36,412150.74,24,0,3,0.1903,0
V000022,Trans Inc,D,26.75,0.9,439589.78,40,243817.81,19,3,1,0.2263,0
V000023,Prime GmbH,A,18.333333333333332,0.7878787878787878,987426.34,33,610535.62,25,0,0,0.4975,0
V000024,Gamma Partners,D,23.11320754716981,0.8301886792452831,1167718.02,53,475466.14,31,3,2,0.3925,0
V000025,Global Enterprises,B,23.525,0.775,315254.32,40,254068.29,20,1,1,0.1134,0
V000026,Sigma Corp,A,22.98076923076923,0.75,579843.61,52,89814.16,17,0,3,0.1849,0
V000027,Inter Enterprises,B,27.375,0.85,733990.4,40,110103.19,23,1,1,0.2793,0
V000028,Sigma GmbH,C,29.305555555555557,0.8611111111111112,290624.53,36,175318.5,25,2,1,0.4222,0
V000029,Energy Associates,B,21.632653061224488,0.8163265306122449,460862.88,49,622969.2,16,1,0,0.2157,0
V000030,Logis Pvt Ltd,B,30.757575757575758,0.8787878787878788,213434.05,33,346581.56,14,1,1,0.635,1
V000031,Global Associates,C,18.46153846153846,0.7884615384615384,649865.61,52,316620.71,30,2,3,0.1478,0
V000032,Sigma Solutions,D,21.805555555555557,0.8611111111111112,311175.7,36,582711.16,18,3,0,0.3257,0
V000033,Metal Group,B,20.065217391304348,0.7391304347826086,425458.24,46,175866.32,21,1,3,0.0971,0
V000034,Pro Corp,A,21.041666666666668,0.75,323750.98,48,100613.93000000001,20,0,3,0.2558,0
V000035,Pro Corp,C,23.46153846153846,0.8205128205128205,283050.37,39,125672.23,17,2,1,0.2045,0
V000036,Prime Inc,B,16.228571428571428,0.6857142857142857,405388.86,35,121385.94,19,1,3,0.4237,0
V000037,Energy Industries,A,23.74468085106383,0.8297872340425532,1597074.85,47,343887.19999999995,23,0,2,0.5525,1
V000038,Infra Corp,C,23.0,0.8048780487804879,1032034.68,41,372478.21,22,2,2,0.2097,0
V000039,Pro Associates,A,18.054054054054053,0.7027027027027027,438925.93,37,288688.17,25,0,3,0.1832,0
V000040,Global Corp,A,23.41176470588235,0.7647058823529411,430239.03,51,287703.76999999996,21,0,1,0.0457,0
V000041,Trans AG,B,20.547619047619047,0.7380952380952381,468647.33999999997,42,144161.53,25,1,3,0.1156,0
V000042,Uni BV,A,19.0,0.7567567567567568,413229.87,37,230549.24,18,0,3,0.0979,0
V000043,Net Pvt Ltd,B,20.956521739130434,0.8260869565217391,532544.0,46,319404.86,21,1,1,0.081,0
V000044,Smart Solutions,A,17.16,0.7,518675.64,50,341205.17,22,0,3,0.2251,0
V000045,Infra Associates,C,19.57894736842105,0.7631578947368421,757673.8099999999,38,193928.58,25,2,3,0.1292,0
V000046,Smart Services,C,18.089285714285715,0.6428571428571429,556279.41,56,84596.91,15,2,3,0.4864,0
V000047,Alpha Ltd,A,24.181818181818183,0.7272727272727273,1045133.1099999999,44,306846.55,20,0,2,0.2915,0
V000048,Pharma Services,A,24.448979591836736,0.7551020408163265,533289.29,49,199182.64,21,0,1,0.0976,0
V000049,Prime Solutions,A,24.15625,0.71875,594453.9,32,149705.71,25,0,3,0.218,0
V000050,Uni Group,A,23.743589743589745,0.8717948717948718,350830.13,39,258905.62,25,0,1,0.1707,0
V000051,Eco Inc,A,26.44736842105263,0.7894736842105263,545822.78,38,217732.9,28,0,1,0.1002,0
V000052,Delta BV,C,26.705882352941178,0.7843137254901961,745304.27,51,215258.16999999998,17,2,1,0.1731,0
V000053,Inter Partners,A,21.956521739130434,0.7608695652173914,1569155.26,46,171955.0,20,0,2,0.5342,0
V000054,Pro AG,A,22.085714285714285,0.7428571428571429,332425.05,35,757498.5,23,0,0,0.4443,0
V000055,Pharma Partners,B,25.358490566037737,0.8301886792452831,588857.62,53,319516.76,25,1,1,0.0697,0
V000056,Pro Industries,A,16.666666666666668,0.7254901960784313,1261493.67,51,601101.54,23,0,2,0.6966,1
V000057,Pro Enterprises,A,23.43243243243243,0.7837837837837838,564073.85,37,260229.3,24,0,1,0.019,0
V000058,Inter Corp,B,20.0,0.75,361256.03,32,235200.72999999998,18,1,3,0.1083,0
V000059,Prime Associates,B,18.97222222222222,0.7777777777777778,302863.76,36,247688.5,21,1,3,0.168,0
V000060,Logis Enterprises,A,24.51219512195122,0.8048780487804879,494981.6,41,249396.27,21,0,1,0.0343,0
V000061,Delta Associates,B,24.545454545454547,0.8636363636363636,270263.34,44,267833.88,17,1,1,0.2325,0
V000062,Energy Ltd,D,20.857142857142858,0.7142857142857143,418596.56,42,288919.13,31,3,3,0.1481,0
V000063,Net Group,A,21.325,0.85,493411.27,40,286422.68,21,0,1,0.1039,0
V000064,Global Associates,A,25.790697674418606,0.813953488372093,372133.24,43,486177.86,20,0,0,0.1814,0
V000065,Global Pvt Ltd,A,23.0,0.8333333333333334,565328.81,42,633391.88,26,0,0,0.2319,0
V000066,Epsilon Ltd,C,17.341463414634145,0.7073170731707317,465751.2,41,615186.71,20,2,0,0.3743,0
V000067,Agro Group,A,29.264150943396228,0.9056603773584906,522523.65,53,101237.78,13,0,1,0.5155,0
V000068,Eco BV,B,21.0,0.75,737196.55,52,263643.68,25,1,3,0.0937,0
V000069,Net Partners,D,17.862068965517242,0.7586206896551724,282861.11,29,326533.94,16,3,3,0.2659,0
V000070,Alpha BV,D,22.735294117647058,0.7352941176470589,407734.47,34,155464.06,18,3,3,0.1388,0
V000071,Pro Group,A,20.244444444444444,0.7555555555555555,578236.19,45,140810.66999999998,15,0,3,0.1063,0
V000072,Epsilon Services,A,19.627450980392158,0.7450980392156863,820948.98,51,110510.9,20,0,3,0.2651,0
V000073,Agro Associates,C,19.355555555555554,0.7555555555555555,460480.75,45,226389.47,25,2,3,0.0858,0
V000074,Beta AG,D,25.11904761904762,0.8571428571428571,649033.1900000001,42,388896.45999999996,20,3,1,0.1206,0
V000075,Pro Ltd,D,24.87037037037037,0.8518518518518519,930404.0700000001,54,269786.52999999997,20,3,2,0.1915,0
V000076,Infra Ltd,A,24.741935483870968,0.8709677419354839,367189.38,31,158898.16,14,0,1,0.1941,0
V000077,Tech Industries,B,22.953488372093023,0.7209302325581395,559680.79,43,115885.23,20,1,3,0.2039,0
V000078,Delta Partners,B,24.606060606060606,0.8181818181818182,279798.79,33,309105.85,26,1,1,0.1827,0
V000079,Infra Group,D,25.456521739130434,0.8043478260869565,555707.34,46,86432.03,14,3,1,0.1954,0
V000080,Delta BV,B,22.066666666666666,0.8,339369.12,45,122198.49,20,1,1,0.1475,0
V000081,Uni Inc,B,17.675,0.8,310038.29000000004,40,418259.06,27,1,3,0.2952,0
V000082,Global AG,C,21.674418604651162,0.8372093023255814,649688.15,43,147300.16,16,2,1,0.1151,0
V000083,Pro Enterprises,C,21.3125,0.8125,488062.66000000003,32,239835.03,24,2,1,0.0373,0
V000084,Global AG,B,13.093023255813954,0.6511627906976745,304382.81,43,330127.04,27,1,3,0.6396,1
V000085,Prime Partners,B,25.58139534883721,0.813953488372093,492970.45,43,228996.99,23,1,1,0.0559,0
V000086,Energy Associates,C,19.058823529411764,0.7254901960784313,867515.71,51,210615.46,20,2,3,0.2295,0
V000087,Infra Pvt Ltd,C,16.318181818181817,0.6818181818181818,540368.38,44,253370.24,28,2,3,0.2605,0
V000088,Global Inc,A,23.19047619047619,0.8809523809523809,488588.96,42,213062.34,23,0,1,0.1392,0
V000089,Sigma GmbH,C,22.387096774193548,0.8064516129032258,439730.42,31,160591.32,20,2,1,0.0356,0
V000090,Sigma Inc,A,14.23913043478261,0.6521739130434783,467429.46,46,615679.75,21,0,3,0.6331,1
V000091,Beta Group,C,22.195652173913043,0.782608695652174,601183.91,46,280499.19,30,2,1,0.0258,0
V000092,Tech Pvt Ltd,C,24.36111111111111,0.8333333333333334,642335.21,36,276826.4,19,2,1,0.0543,0
V000093,Pharma Pvt Ltd,A,23.25581395348837,0.7906976744186046,314897.14,43,186728.86,13,0,1,0.112,0
V000094,Gamma GmbH,A,21.771428571428572,0.7428571428571429,362471.13,35,127695.86,15,0,3,0.1693,0
V000095,Energy Pvt Ltd,D,21.43243243243243,0.7567567567567568,337695.94,37,221727.86,21,3,3,0.0964,0
V000096,Sigma Enterprises,A,26.514285714285716,0.8,302682.83,35,297357.41,22,0,1,0.2057,0
V000097,Zeta Solutions,A,21.742857142857144,0.7714285714285715,361977.43,35,316898.24,26,0,3,0.0675,0
V000098,Trans Inc,D,22.5,0.825,569468.11,40,153532.93,20,3,1,0.0677,0
V000099,Inter Associates,C,21.391304347826086,0.782608695652174,448783.26,46,269619.39,28,2,3,0.0406,0
V000100,Epsilon Corp,C,24.323529411764707,0.7941176470588235,285453.09,34,178795.67,27,2,1,0.176,0
V000101,Trans Inc,B,26.528301886792452,0.8113207547169812,683014.52,53,177344.09,16,1,1,0.1357,0
V000102,Beta BV,B,21.193548387096776,0.7419354838709677,394947.57,31,597135.1,26,1,0,0.2531,0
V000103,Eco Solutions,B,19.88888888888889,0.7777777777777778,514463.36,45,247731.51,28,1,3,0.0682,0
V000104,Digital Enterprises,A,23.825,0.8,1898039.56,40,291373.74,23,0,2,0.56,1
V000105,Metal AG,C,25.73913043478261,0.8043478260869565,319055.89,46,608823.2,38,2,0,0.3152,0
V000106,Tech Enterprises,B,17.5,0.7647058823529411,259318.2,34,129400.7,19,1,3,0.3571,0
V000107,Agro Corp,A,18.032258064516128,0.7096774193548387,208670.61000000002,31,472000.69,24,0,3,0.4383,0
V000108,Digital AG,A,23.542857142857144,0.8,613167.12,35,206291.82,23,0,1,0.0242,0
V000109,Epsilon Inc,A,18.894736842105264,0.6842105263157895,290020.5,38,192869.19,21,0,3,0.3215,0
V000110,Trans Ltd,A,17.871794871794872,0.6923076923076923,535752.31,39,269901.48,23,0,3,0.1856,0
V000111,Delta Enterprises,C,26.703703703703702,0.9074074074074074,904286.8099999999,54,186972.92,18,2,2,0.3692,0
V000112,Prime Pvt Ltd,A,28.0,0.7878787878787878,384363.98000000004,33,236470.07,16,0,1,0.2315,0
V000113,Global Associates,C,27.864864864864863,0.8108108108108109,968276.59,37,355804.82,25,2,2,0.322,0
V000114,Net Inc,C,17.78723404255319,0.7659574468085106,423367.07,47,323152.63,30,2,3,0.163,0
V000115,Infra AG,A,23.774193548387096,0.8387096774193549,256845.97,31,139571.8,15,0,1,0.2413,0
V000116,Eco BV,D,14.872340425531915,0.6808510638297872,402970.93,47,319259.05,24,3,3,0.4323,0
V000117,Pharma Enterprises,B,18.55263157894737,0.8157894736842105,611315.73,38,160931.37,24,1,3,0.1921,0
V000118,Agro Services,A,20.261904761904763,0.7380952380952381,348287.07,42,460398.88,26,0,3,0.2052,0
V000119,Logis Services,A,23.763157894736842,0.8421052631578947,546902.81,38,209246.38,22,0,1,0.0416,0
V000120,Uni Corp,B,28.29268292682927,0.8536585365853658,443872.13,41,204811.47,17,1,1,0.2061,0
V000121,Smart Solutions,B,19.32608695652174,0.6956521739130435,805784.92,46,401327.97000000003,22,1,3,0.2865,0
V000122,Logis Corp,A,24.26829268292683,0.8292682926829268,1354188.52,41,480546.64,19,0,2,0.5144,0
V000123,Beta AG,A,26.020408163265305,0.9183673469387755,1009968.41,49,259496.5,20,0,2,0.4332,0
V000124,Logis Industries,D,26.272727272727273,0.8181818181818182,694783.75,44,392852.8,25,3,1,0.1444,0
V000125,Inter GmbH,B,24.471698113207548,0.8113207547169812,850759.9,53,499270.3,27,1,2,0.2178,0
V000126,Global Enterprises,A,18.121951219512194,0.6585365853658537,445272.13,41,310006.6,28,0,3,0.2707,0
V000127,Eco Inc,A,19.325581395348838,0.6511627906976745,786883.65,43,344517.56,23,0,3,0.3703,0
V000128,Delta GmbH,B,21.204545454545453,0.7272727272727273,835696.99,44,185477.93,25,1,2,0.1946,0
V000129,Global Solutions,A,19.09090909090909,0.7272727272727273,789741.13,44,504527.68999999994,24,0,3,0.2685,0
V000130,Pro Associates,A,19.53488372093023,0.8604651162790697,500625.53,43,221518.84,25,0,1,0.1956,0
V000131,Uni Corp,A,22.606060606060606,0.7272727272727273,456391.98,33,180178.28,27,0,3,0.1193,0
V000132,Net Ltd,A,22.029411764705884,0.7352941176470589,566551.9400000001,34,536614.13,22,0,0,0.2008,0
V000133,Smart AG,B,19.58974358974359,0.717948717948718,556371.86,39,212007.76,24,1,3,0.1156,0
V000134,Net Services,A,21.153846153846153,0.7948717948717948,549426.49,39,319612.56,31,0,3,0.049,0
V000135,Smart AG,B,16.658536585365855,0.7560975609756098,768181.6100000001,41,202009.43,22,1,3,0.2793,0
V000136,Eco BV,A,24.725490196078432,0.8235294117647058,1102050.26,51,110912.17,15,0,2,0.3828,0
V000137,Smart AG,B,19.424242424242426,0.7878787878787878,385849.69,33,84617.04,14,1,3,0.2579,0
V000138,Delta Ltd,C,28.594594594594593,0.8378378378378378,362726.89,37,170364.57,25,2,1,0.2944,0
V000139,Epsilon BV,A,21.046511627906977,0.8372093023255814,788249.0,43,334902.45,25,0,2,0.1748,0
V000140,Metal Industries,A,19.347826086956523,0.782608695652174,528377.75,46,326734.48,26,0,3,0.0909,0
V000141,Prime Services,C,24.228571428571428,0.8,456677.61,35,224329.12,18,2,1,0.0153,0
V000142,Sigma Corp,A,24.88372093023256,0.8604651162790697,239999.23,43,128522.7,17,0,1,0.3214,0
V000143,Alpha Solutions,B,19.76086956521739,0.8043478260869565,597282.45,46,144229.55,26,1,3,0.1212,0
V000144,Eco GmbH,C,24.513513513513512,0.8108108108108109,430295.44,37,181221.73,26,2,1,0.0495,0
V000145,Smart Inc,A,16.333333333333332,0.6904761904761905,512897.79,42,289809.83,24,0,3,0.2481,0
V000146,Eco AG,B,23.048780487804876,0.9024390243902439,837709.48,41,300891.36,29,1,2,0.2833,0
V000147,Metal Pvt Ltd,A,25.08695652173913,0.782608695652174,988281.13,46,442665.79000000004,26,0,2,0.2804,0
V000148,Beta Partners,B,23.318181818181817,0.8181818181818182,798942.75,44,198046.54,14,1,2,0.0957,0
V000149,Beta Pvt Ltd,A,20.423076923076923,0.7884615384615384,618291.6,52,398002.67,31,0,3,0.0994,0
V000150,Gamma AG,A,20.07894736842105,0.7894736842105263,479417.97000000003,38,251185.44999999998,28,0,3,0.0592,0
V000151,Tech Pvt Ltd,B,23.975,0.875,320344.68,40,523673.85,24,1,0,0.2917,0
V000152,Net Services,A,21.194444444444443,0.7777777777777778,349667.22000000003,36,386389.44,17,0,3,0.14,0
V000153,Logis Partners,B,23.263157894736842,0.7894736842105263,500845.48,38,156314.1,16,1,1,0.0502,0
V000154,Gamma Corp,C,26.470588235294116,0.8235294117647058,489606.18,34,441931.27,22,2,1,0.1483,0
V000155,Beta Industries,A,20.790697674418606,0.813953488372093,406818.9,43,178252.28,25,0,1,0.0765,0
V000156,Net Solutions,A,18.608695652173914,0.7391304347826086,788819.6900000001,46,209824.78,21,0,3,0.196,0
V000157,Epsilon Enterprises,C,25.11904761904762,0.7857142857142857,484045.91000000003,42,262722.41000000003,25,2,1,0.0633,0
V000158,Prime Associates,A,20.471698113207548,0.7924528301886793,611809.2,53,75046.18000000001,18,0,3,0.2206,0
V000159,Alpha Ltd,D,20.4,0.775,358443.59,40,302546.71,27,3,3,0.0983,0
V000160,Eco Enterprises,C,26.65,0.825,258836.48,40,54829.67,17,2,1,0.4429,0
V000161,Pharma BV,A,22.790697674418606,0.8837209302325582,365331.16,43,767266.71,21,0,0,0.4984,0
V000162,Gamma Solutions,B,18.103448275862068,0.6896551724137931,274667.21,29,435391.96,26,1,3,0.3908,0
V000163,Metal Industries,D,23.5,0.782608695652174,503682.38,46,208946.95,23,3,1,0.0251,0
V000164,Delta Inc,C,27.512820512820515,0.8461538461538461,489289.92,39,227273.83,22,2,1,0.1391,0
V000165,Pro Solutions,A,23.23913043478261,0.8478260869565217,463401.83,46,193340.78999999998,18,0,1,0.0517,0
V000166,Agro Corp,B,29.975,0.85,669764.25,40,117798.96,14,1,1,0.4473,0
V000167,Digital Group,B,20.6875,0.7291666666666666,662041.74,48,188062.5,17,1,3,0.1266,0
V000168,Alpha Pvt Ltd,D,21.19607843137255,0.803921568627451,367484.19,51,165723.12,18,3,1,0.0869,0
V000169,Tech Corp,A,23.666666666666668,0.7916666666666666,921410.8,48,300542.88,20,0,2,0.1399,0
V000170,Gamma BV,D,24.59090909090909,0.8636363636363636,781516.8,44,432398.88,18,3,2,0.1817,0
V000171,Tech Partners,B,20.146341463414632,0.8292682926829268,422923.97000000003,41,135559.83000000002,17,1,1,0.153,0
V000172,Digital GmbH,C,22.434782608695652,0.8913043478260869,486678.8,46,200218.58,24,2,1,0.1973,0
V000173,Global GmbH,A,20.58139534883721,0.7441860465116279,385136.02,43,173435.06,21,0,3,0.1173,0
V000174,Energy Associates,B,29.216216216216218,0.8648648648648649,481235.18,37,187722.4,27,1,1,0.3373,0
V000175,Energy Corp,B,23.147058823529413,0.7647058823529411,334512.36,34,269766.85000000003,27,1,1,0.0995,0
V000176,Tech Pvt Ltd,C,21.17142857142857,0.8857142857142857,915703.55,35,191285.81,29,2,2,0.3365,0
V000177,Pro Group,B,22.125,0.725,817793.3099999999,40,192470.05000000002,24,1,2,0.1911,0
V000178,Agro Industries,A,25.394736842105264,0.8421052631578947,478390.2,38,285922.19,25,0,1,0.0772,0
V000179,Digital Enterprises,B,25.886363636363637,0.8636363636363636,704592.16,44,96029.38,17,1,1,0.2775,0
V000180,Infra AG,A,24.58974358974359,0.8717948717948718,787046.72,39,198932.47,20,0,1,0.1531,0
V000181,Gamma AG,B,22.523809523809526,0.7857142857142857,321738.89,42,425375.59,30,1,0,0.1405,0
V000182,Epsilon AG,D,12.772727272727273,0.6590909090909091,648117.54,44,252324.21,29,3,3,0.5316,0
V000183,Epsilon Industries,D,16.181818181818183,0.6666666666666666,430520.91,33,286419.17,19,3,3,0.3171,0
V000184,Inter Partners,D,22.847826086956523,0.7608695652173914,502465.96,46,311014.19,15,3,3,0.0519,0
V000185,Digital AG,A,23.8,0.7428571428571429,1123413.24,35,422777.96,24,0,2,0.3475,0
V000186,Prime Ltd,A,22.941176470588236,0.7450980392156863,341225.38,51,737098.41,36,0,0,0.415,0
V000187,Pro Ltd,B,22.71698113207547,0.8301886792452831,544521.31,53,276199.20999999996,19,1,1,0.0256,0
V000188,Logis AG,C,21.103448275862068,0.6551724137931034,391570.36,29,119166.14,20,2,3,0.3761,0
V000189,Prime Group,A,23.244444444444444,0.8666666666666667,427300.76999999996,45,837293.28,22,0,0,0.4593,0
V000190,Energy Associates,B,22.692307692307693,0.8461538461538461,411617.58999999997,39,184168.21,20,1,1,0.0825,0
V000191,Epsilon Services,B,20.22222222222222,0.8148148148148148,697883.76,54,243385.29,32,1,2,0.0996,0
V000192,Tech Corp,B,26.318181818181817,0.8636363636363636,625460.09,44,252062.77,26,1,1,0.112,0
V000193,Prime Services,B,27.3,0.8666666666666667,278539.61,30,358627.57,24,1,1,0.3134,0
V000194,Prime BV,C,20.452380952380953,0.7380952380952381,338852.79,42,130083.93,20,2,3,0.2074,0
V000195,Epsilon Ltd,D,18.444444444444443,0.75,467304.5,36,925449.74,26,3,0,0.5583,1
V000196,Energy Industries,D,17.733333333333334,0.6333333333333333,400692.94,30,545902.6,19,3,3,0.547,0
V000197,Net Industries,C,19.487179487179485,0.717948717948718,452196.57,39,207037.95,20,2,3,0.1305,0
V000198,Logis Enterprises,A,19.93548387096774,0.6774193548387096,324976.23,31,209180.79,29,0,3,0.2839,0
V000199,Uni Group,B,24.795454545454547,0.7954545454545454,697770.47,44,262214.59,22,1,1,0.0784,0
V000200,Prime Industries,C,21.454545454545453,0.7272727272727273,610514.51,44,489064.37,26,2,0,0.1785,0
V000201,Smart Group,B,12.151515151515152,0.5757575757575758,327854.69,33,270943.68,17,1,3,0.7805,1
V000202,Infra Inc,A,27.75,0.8125,482322.91000000003,48,439672.19,18,0,1,0.2065,0
V000203,Eco Partners,B,20.613636363636363,0.7954545454545454,606091.13,44,441706.8,24,1,0,0.1241,0
V000204,Inter Pvt Ltd,B,13.194444444444445,0.6388888888888888,396511.57,36,323679.99,20,1,3,0.644,1
V000205,Beta Inc,B,22.275,0.8,588938.87,40,580148.32,30,1,0,0.1632,0
V000206,Smart Pvt Ltd,B,18.06,0.74,541685.1,50,211535.33,25,1,3,0.1266,0
V000207,Global Corp,A,19.976190476190474,0.8095238095238095,469321.0,42,451406.04,34,0,0,0.1637,0
V000208,Metal Partners,B,21.93877551020408,0.7346938775510204,484468.11,49,138226.22999999998,20,1,3,0.1279,0
V000209,Logis Industries,A,23.575,0.8,360612.3,40,175516.59,20,0,1,0.0765,0
V000210,Inter Inc,A,22.510204081632654,0.7755102040816326,1426983.44,49,224259.21,22,0,2,0.4522,0
V000211,Net Services,A,22.333333333333332,0.7435897435897436,505011.99,39,153444.22,18,0,3,0.0973,0
V000212,Infra Group,A,26.836734693877553,0.8163265306122449,690877.2999999999,49,261377.12,30,0,1,0.1202,0
V000213,Beta Ltd,C,18.829268292682926,0.8048780487804879,857120.34,41,658040.42,26,2,0,0.4509,0
V000214,Pro Ltd,C,20.102564102564102,0.7692307692307693,984352.2899999999,39,162853.95,19,2,2,0.2422,0
V000215,Epsilon Group,A,21.84375,0.78125,415880.38,32,132574.58,17,0,3,0.0984,0
V000216,Metal Group,A,24.21276595744681,0.8297872340425532,1200299.08,47,143253.0,16,0,2,0.3967,0
V000217,Pro Inc,A,25.5,0.782608695652174,476077.53,46,383398.52,19,0,1,0.1123,0
V000218,Zeta Partners,D,19.83783783783784,0.7297297297297297,405954.23,37,524846.28,21,3,0,0.2226,0
V000219,Smart Inc,D,19.257142857142856,0.7142857142857143,330216.11,35,477522.7,32,3,3,0.265,0
V000220,Prime Corp,B,20.303030303030305,0.7878787878787878,281858.87,33,421608.07,20,1,3,0.2324,0
V000221,Eco AG,D,23.17391304347826,0.717391304347826,809155.87,46,441119.6,27,3,2,0.2687,0
V000222,Trans Partners,A,26.53488372093023,0.8372093023255814,657894.38,43,830467.7,20,0,0,0.4357,0
V000223,Energy Pvt Ltd,B,26.56756756756757,0.8108108108108109,298736.27,37,565428.49,25,1,0,0.3203,0
V000224,Digital Services,C,24.48148148148148,0.7407407407407407,298526.8,27,121329.13,18,2,1,0.3099,0
V000225,Trans GmbH,B,21.46511627906977,0.7441860465116279,649887.36,43,200730.05,23,1,3,0.0767,0
V000226,Global Ltd,D,19.574468085106382,0.7446808510638298,584476.95,47,261355.40000000002,22,3,3,0.0712,0
V000227,Eco Ltd,B,22.867924528301888,0.7547169811320755,647882.86,53,407559.54,18,1,3,0.1015,0
V000228,Beta Enterprises,D,17.583333333333332,0.6111111111111112,711264.53,36,296490.32,23,3,3,0.5089,0
V000229,Metal Enterprises,A,20.256410256410255,0.7692307692307693,468231.3,39,472823.91000000003,27,0,0,0.13,0
V000230,Tech Pvt Ltd,C,21.727272727272727,0.7272727272727273,355513.26,33,354747.02,21,2,3,0.1748,0
V000231,Agro Industries,B,21.771428571428572,0.7428571428571429,460177.39,35,247353.46,25,1,3,0.0586,0
V000232,Digital Group,B,20.90909090909091,0.7727272727272727,556487.38,44,263816.8,26,1,3,0.0378,0
V000233,Delta Solutions,C,23.175,0.8,1032214.38,40,431627.39999999997,16,2,2,0.241,0
V000234,Net AG,C,23.365853658536587,0.8048780487804879,847645.0,41,456375.08,21,2,2,0.1804,0
V000235,Alpha Corp,A,26.12,0.8,539737.27,25,133043.53,20,0,1,0.145,0
V000236,Beta Inc,A,28.41860465116279,0.8372093023255814,1288684.68,43,175993.12,18,0,2,0.5769,1
V000237,Delta BV,C,20.395833333333332,0.75,561619.53,48,478992.92000000004,26,2,0,0.1506,0
V000238,Beta Industries,D,23.5,0.8095238095238095,662349.47,42,510276.36,22,3,0,0.1336,0
V000239,Smart Inc,A,19.88135593220339,0.6949152542372882,907318.7,59,316972.93,24,0,3,0.3038,0
V000240,Infra Associates,B,26.63888888888889,0.8333333333333334,932864.22,36,388261.76,28,1,2,0.2382,0
V000241,Pharma Group,D,23.395833333333332,0.8333333333333334,486342.14999999997,48,213635.76,19,3,1,0.0363,0
V000242,Energy Ltd,C,23.275,0.85,1054820.57,40,567618.76,15,2,2,0.4246,0
V000243,Net Services,A,18.916666666666668,0.6944444444444444,316039.55,36,168690.53,13,0,3,0.2706,0
V000244,Tech Pvt Ltd,A,21.256410256410255,0.7692307692307693,355524.24,39,270662.55,22,0,3,0.0798,0
V000245,Net Services,B,16.977777777777778,0.7111111111111111,484289.5,45,126102.72,22,1,3,0.2728,0
V000246,Prime Partners,A,22.57777777777778,0.8,380759.99,45,311237.9,29,0,1,0.0547,0
V000247,Beta Industries,B,23.0,0.7142857142857143,541199.38,35,133845.45,19,1,3,0.1915,0
V000248,Logis Partners,B,23.896551724137932,0.7586206896551724,204899.6,29,399677.27999999997,21,1,1,0.3358,0
V000249,Sigma Group,A,18.714285714285715,0.7428571428571429,623426.66,35,248064.99,20,0,3,0.1151,0
V000250,Smart AG,C,25.633333333333333,0.7666666666666667,169574.34,30,167701.29,24,2,1,0.4164,0
V000251,Prime Inc,B,21.705882352941178,0.7647058823529411,1114760.93,51,192719.27,20,1,2,0.2907,0
V000252,Agro Pvt Ltd,C,27.545454545454547,0.8545454545454545,1160320.58,55,591898.83,29,2,2,0.6033,1
V000253,Pharma BV,A,27.906976744186046,0.9302325581395349,637997.9299999999,43,161543.62,16,0,1,0.4696,0
V000254,Infra Pvt Ltd,B,25.41304347826087,0.8260869565217391,531905.71,46,214803.33,22,1,1,0.0573,0
V000255,Smart Partners,A,28.58695652173913,0.8478260869565217,796733.39,46,510152.54999999993,34,0,1,0.3837,0
V000256,Prime Enterprises,C,15.693877551020408,0.673469387755102,476611.4,49,506082.8,28,2,3,0.4211,0
V000257,Alpha Group,A,17.864864864864863,0.7297297297297297,452516.15,37,653410.02,29,0,0,0.3519,0
V000258,Tech AG,A,24.55263157894737,0.7105263157894737,430778.85000000003,38,150010.05,21,0,3,0.2557,0
V000259,Zeta BV,A,23.891304347826086,0.782608695652174,368951.16000000003,46,862070.87,23,0,0,0.4488,0
V000260,Beta Solutions,A,16.736842105263158,0.6842105263157895,639197.09,38,173550.19,22,0,3,0.3122,0
V000261,Digital Pvt Ltd,B,23.804878048780488,0.8292682926829268,966473.1799999999,41,278452.12,31,1,2,0.1625,0
V000262,Zeta Partners,A,20.795454545454547,0.7954545454545454,632245.79,44,139876.17,18,0,3,0.1058,0
V000263,Inter Associates,C,20.22222222222222,0.7111111111111111,788446.1,45,159563.03,19,2,3,0.2431,0
V000264,Pharma Enterprises,A,20.55263157894737,0.7894736842105263,339698.05,38,175134.06,16,0,3,0.1242,0
V000265,Prime Pvt Ltd,B,23.642857142857142,0.7857142857142857,378669.64,42,484624.41000000003,15,1,0,0.1332,0
V000266,Trans GmbH,B,20.857142857142858,0.7551020408163265,407344.38,49,410684.02,19,1,3,0.1295,0
V000267,Trans Associates,B,24.07894736842105,0.7894736842105263,727380.68,38,179086.88,21,1,2,0.0821,0
V000268,Epsilon Pvt Ltd,C,19.70731707317073,0.7560975609756098,776383.6799999999,41,252702.89,20,2,3,0.1222,0
V000269,Smart Associates,C,22.878048780487806,0.7073170731707317,438591.27,41,184630.01,20,2,3,0.2097,0
V000270,Trans AG,A,23.38888888888889,0.7777777777777778,294719.63,36,226974.5,30,0,1,0.1309,0
V000271,Epsilon Ltd,A,25.375,0.85,934416.44,40,151522.38999999998,24,0,2,0.2339,0
V000272,Gamma Group,C,25.36111111111111,0.9166666666666666,361335.93,36,223462.92,22,2,1,0.3212,0
V000273,Beta Group,B,28.28205128205128,0.8974358974358975,465413.2,39,794373.2999999999,22,1,0,0.6102,1
V000274,Net GmbH,D,23.076923076923077,0.7307692307692307,949954.16,52,500882.51,19,3,2,0.3129,0
V000275,Metal Solutions,A,20.72972972972973,0.8108108108108109,603336.57,37,125875.16,22,0,1,0.1166,0
V000276,Pharma BV,B,24.296296296296298,0.7592592592592593,1150938.21,54,214988.01,12,1,2,0.3336,0
V000277,Zeta Group,B,28.77777777777778,0.8055555555555556,586010.59,36,254507.69,25,1,1,0.2666,0
V000278,Logis Group,A,23.849056603773583,0.8113207547169812,644966.66,53,504601.94,27,0,0,0.1249,0
V000279,Net Associates,D,22.89189189189189,0.7567567567567568,411346.14,37,219903.85,21,3,3,0.0628,0
V000280,Delta Industries,B,20.0,0.725,483012.92,40,280487.95,24,1,3,0.0942,0
V000281,Pharma Pvt Ltd,D,24.80952380952381,0.7857142857142857,671021.02,42,299786.81,28,3,1,0.0788,0
V000282,Agro Industries,C,27.696969696969695,0.8181818181818182,349412.66000000003,33,420834.08999999997,29,2,1,0.2567,0
V000283,Prime BV,A,24.431818181818183,0.8636363636363636,602877.66,44,829631.5,29,0,0,0.4195,0
V000284,Smart Pvt Ltd,D,20.816326530612244,0.7551020408163265,671485.46,49,278386.33999999997,24,3,3,0.0731,0
V000285,Trans BV,B,24.318181818181817,0.7727272727272727,820365.95,44,240109.76,17,1,2,0.1275,0
V000286,Trans Ltd,B,23.313725490196077,0.7647058823529411,420169.00999999995,51,349465.38,29,1,1,0.0727,0
V000287,Epsilon BV,C,18.96153846153846,0.7692307692307693,600651.71,52,234901.55,27,2,3,0.0907,0
V000288,Smart Partners,A,24.367346938775512,0.7142857142857143,996757.99,49,538439.96,25,0,2,0.4662,0
V000289,Net Enterprises,D,15.21951219512195,0.6341463414634146,423544.19,41,312971.47,23,3,3,0.4931,0
V000290,Net Corp,B,26.2,0.8222222222222222,874784.3099999999,45,140550.18,21,1,2,0.2398,0
V000291,Agro Associates,B,23.632653061224488,0.7959183673469388,840013.75,49,229156.76,28,1,2,0.0994,0
V000292,Digital Pvt Ltd,A,20.485714285714284,0.7714285714285715,921362.15,35,200200.33,21,0,2,0.1699,0
V000293,Logis Solutions,A,22.607843137254903,0.803921568627451,1063709.17,51,308046.91000000003,24,0,2,0.2007,0
V000294,Net BV,A,21.0625,0.84375,482444.92,32,283367.87,19,0,1,0.1042,0
V000295,Smart Enterprises,A,23.97142857142857,0.8571428571428571,403901.94,35,292190.83,19,0,1,0.0951,0
V000296,Energy Ltd,B,20.065217391304348,0.7391304347826086,639210.62,46,195311.72,24,1,3,0.1027,0
V000297,Digital Solutions,C,25.404761904761905,0.8571428571428571,553769.29,42,434520.49,28,2,1,0.1301,0
V000298,Gamma Partners,A,22.86111111111111,0.8055555555555556,394401.67,36,188200.49,21,0,1,0.0487,0
V000299,Metal Enterprises,B,20.25,0.75,469164.04,44,138501.92,19,1,3,0.1188,0
V000300,Net Inc,A,24.891304347826086,0.8260869565217391,549705.61,46,372093.27,29,0,1,0.087,0
V000301,Delta Group,B,32.705882352941174,0.9411764705882353,390794.44,34,763694.41,26,1,0,0.8196,1
V000302,Pharma Corp,B,22.23913043478261,0.782608695652174,697205.29,46,216991.65,25,1,2,0.0534,0
V000303,Inter Services,B,20.727272727272727,0.8181818181818182,604393.11,44,111792.73,13,1,1,0.1617,0
V000304,Pharma Group,B,22.02777777777778,0.7777777777777778,373796.12,36,127282.73,16,1,1,0.117,0
V000305,Uni Associates,C,18.70731707317073,0.7317073170731707,459286.55,41,163176.41,20,2,3,0.1523,0
V000306,Metal Inc,A,21.6046511627907,0.7674418604651163,549401.26,43,308913.62,23,0,3,0.0466,0
V000307,Sigma Industries,A,20.18421052631579,0.7894736842105263,517801.39,38,195147.61,22,0,3,0.0591,0
V000308,Eco Services,C,23.289473684210527,0.8421052631578947,1236810.79,38,150972.57,22,2,2,0.4226,0
V000309,Trans Partners,B,28.772727272727273,0.8636363636363636,379287.47,44,425391.3,22,1,1,0.3549,0
V000310,Agro Industries,A,17.17241379310345,0.7241379310344828,453219.32,29,421476.10000000003,22,0,3,0.2132,0
V000311,Energy Pvt Ltd,A,23.09090909090909,0.7575757575757576,232901.03,33,173629.13999999998,27,0,1,0.2634,0
V000312,Gamma Associates,C,25.024390243902438,0.7804878048780488,334826.3,41,165566.82,18,2,1,0.1635,0
V000313,Pharma Partners,A,15.49090909090909,0.6909090909090909,1007153.26,55,234038.3,26,0,3,0.4814,0
V000314,Tech Pvt Ltd,A,19.441176470588236,0.7352941176470589,311466.67,34,654443.34,18,0,0,0.3804,0
V000315,Smart Group,B,14.904761904761905,0.6428571428571429,537703.12,42,138314.6,18,1,3,0.5384,0
V000316,Pro Associates,D,17.952380952380953,0.8095238095238095,762444.67,42,238387.41,20,3,3,0.2158,0
V000317,Prime Industries,B,21.128205128205128,0.7692307692307693,458449.6,39,515285.41000000003,23,1,0,0.1408,0
V000318,Metal Ltd,A,23.03921568627451,0.8431372549019608,759003.79,51,265683.51,23,0,2,0.0876,0
V000319,Global GmbH,C,24.48,0.82,556809.83,50,557499.96,24,2,0,0.1605,0
V000320,Tech Solutions,B,26.823529411764707,0.8529411764705882,328749.95,34,138657.18,15,1,1,0.2484,0
V000321,Uni Industries,D,21.735294117647058,0.7647058823529411,378820.3,34,850283.96,23,3,0,0.449,0
V000322,Pharma AG,A,20.361702127659573,0.7872340425531915,391008.39999999997,47,442186.21,20,0,0,0.1447,0
V000323,Pharma AG,C,28.745098039215687,0.8431372549019608,657256.55,51,212827.17,30,2,1,0.284,0
V000324,Net Pvt Ltd,B,20.45,0.65,454375.76,40,597462.12,28,1,3,0.4814,0
V000325,Epsilon Enterprises,A,20.022727272727273,0.7727272727272727,383759.27,44,253979.1,20,0,3,0.0832,0
V000326,Energy Industries,C,26.875,0.71875,429635.48,32,352877.97,31,2,1,0.3117,0
V000327,Trans Associates,C,16.53846153846154,0.7435897435897436,435541.16000000003,39,379581.92000000004,24,2,3,0.238,0
V000328,Zeta Enterprises,D,25.727272727272727,0.8409090909090909,873630.71,44,145230.75,16,3,2,0.2213,0
V000329,Delta Solutions,D,18.166666666666668,0.7291666666666666,516084.94,48,393220.52,26,3,3,0.1711,0
V000330,Prime Pvt Ltd,B,20.871794871794872,0.7948717948717948,679639.64,39,302531.38,22,1,2,0.0723,0
V000331,Metal Corp,B,18.205882352941178,0.8235294117647058,431095.7,34,272277.03,23,1,3,0.1914,0
V000332,Energy Associates,B,23.897435897435898,0.8205128205128205,656141.66,39,223779.89,19,1,1,0.0386,0
V000333,Agro Corp,A,24.323529411764707,0.7941176470588235,378249.16,34,237091.25,17,0,1,0.0555,0
V000334,Net GmbH,D,21.424242424242426,0.7575757575757576,478375.98000000004,33,357655.81999999995,17,3,3,0.0759,0
V000335,Uni Ltd,A,21.03921568627451,0.803921568627451,387826.01,51,633304.68,25,0,0,0.2656,0
V000336,Energy Industries,C,13.909090909090908,0.7575757575757576,306561.66000000003,33,123850.08,17,2,3,0.5287,0
V000337,Eco Corp,B,24.31578947368421,0.7368421052631579,711271.6,38,389547.53,33,1,2,0.18,0
V000338,Global Enterprises,A,20.829268292682926,0.7560975609756098,341857.9,41,542781.1,19,0,0,0.2325,0
V000339,Delta AG,A,28.14,0.86,978271.52,50,171254.2,24,0,2,0.3664,0
V000340,Inter Ltd,C,21.23404255319149,0.7659574468085106,522294.37,47,799396.9600000001,23,2,0,0.3884,0
V000341,Digital BV,D,25.52173913043478,0.8260869565217391,388146.59,46,202284.17,28,3,1,0.0915,0
V000342,Trans Enterprises,A,20.75,0.825,378774.25,40,295193.45,28,0,1,0.1114,0
V000343,Agro Services,C,23.307692307692307,0.8461538461538461,1090627.0999999999,39,135810.88,19,2,2,0.3495,0
V000344,Smart Group,C,21.22222222222222,0.8333333333333334,869423.6000000001,36,261512.64,16,2,2,0.1657,0
V000345,Zeta Corp,A,21.564102564102566,0.717948717948718,465340.19,39,462404.08,28,0,3,0.1832,0
V000346,Tech Ltd,B,24.0,0.8333333333333334,388577.82,36,359371.13,21,1,1,0.1046,0
V000347,Global Associates,B,26.857142857142858,0.8928571428571429,231964.49,28,275117.54,21,1,1,0.3861,0
V000348,Smart GmbH,A,23.526315789473685,0.7894736842105263,635191.79,38,202059.16,23,0,1,0.0317,0
V000349,Global AG,D,23.26086956521739,0.8478260869565217,369878.69,46,258787.28,18,3,1,0.0835,0
V000350,Trans AG,B,18.256410256410255,0.6153846153846154,464906.17,39,173551.21,18,1,3,0.4765,0
V000351,Sigma Associates,C,25.04,0.82,400063.17,50,100403.48000000001,14,2,1,0.1866,0
V000352,Tech Industries,C,24.434782608695652,0.782608695652174,597520.04,46,200221.53,26,2,1,0.0632,0
V000353,Global Services,B,15.914285714285715,0.7142857142857143,560175.4,35,307129.97,23,1,3,0.2526,0
V000354,Inter BV,A,16.9375,0.7291666666666666,797513.33,48,197840.77,15,0,3,0.2841,0
V000355,Uni Associates,C,26.8,0.8222222222222222,891132.24,45,268871.35,25,2,2,0.2118,0
V000356,Metal AG,D,24.955555555555556,0.8666666666666667,562573.44,45,304252.96,28,3,1,0.0891,0
V000357,Gamma Associates,D,28.225,0.85,466941.89,40,327795.12,32,3,1,0.1992,0
V000358,Agro Group,B,25.42222222222222,0.8,442190.36,45,326827.95,22,1,1,0.0743,0
V000359,Alpha Corp,A,18.054054054054053,0.7297297297297297,727839.05,37,221222.78,16,0,3,0.1655,0
V000360,Uni Inc,A,18.05,0.7,646236.77,40,106875.86,12,0,3,0.311,0
V000361,Inter Enterprises,B,27.11904761904762,0.8571428571428571,591165.89,42,351002.57,24,1,1,0.1501,0
V000362,Trans Corp,A,22.132075471698112,0.8301886792452831,773707.86,53,148807.49,20,0,2,0.136,0
V000363,Alpha Solutions,B,23.866666666666667,0.7333333333333333,494335.68,45,175836.73,24,1,3,0.1189,0
V000364,Pharma Corp,A,24.46153846153846,0.8205128205128205,738603.77,39,228321.5,24,0,1,0.0721,0
V000365,Epsilon Enterprises,A,18.931818181818183,0.7727272727272727,451614.89,44,709772.48,31,0,0,0.3684,0
V000366,Energy AG,B,24.89189189189189,0.8648648648648649,590240.24,37,200827.72,24,1,1,0.0925,0
V000367,Epsilon Associates,A,17.926829268292682,0.7804878048780488,631701.05,41,211088.54,18,0,3,0.1494,0
V000368,Global Enterprises,C,19.804347826086957,0.7391304347826086,392907.3,46,310840.47,20,2,3,0.1191,0
V000369,Inter Inc,A,23.195121951219512,0.8536585365853658,298282.91,41,602730.05,22,0,0,0.3121,0
V000370,Prime Pvt Ltd,B,25.18,0.76,602604.59,50,669535.1,17,1,0,0.3044,0
V000371,Agro Ltd,A,22.660377358490567,0.7358490566037735,1284198.4400000002,53,149704.87,23,0,2,0.4778,0
V000372,Metal Associates,A,20.97826086956522,0.8260869565217391,821225.97,46,668750.74,29,0,0,0.3711,0
V000373,Pharma Group,A,18.94736842105263,0.7105263157894737,333969.51,38,112819.98,21,0,3,0.3134,0
V000374,Gamma Enterprises,D,20.838709677419356,0.7419354838709677,524776.71,31,694370.4,26,3,0,0.3113,0
V000375,Sigma Associates,B,16.46511627906977,0.7906976744186046,547820.55,43,268108.95999999996,25,1,3,0.2053,0
V000376,Net Services,A,28.175,0.875,499177.87,40,248364.99,16,0,1,0.2204,0
V000377,Beta Inc,B,23.075,0.8,313776.77,40,262427.84,19,1,1,0.0935,0
V000378,Zeta Pvt Ltd,B,19.38888888888889,0.7222222222222222,429959.24,36,418095.35000000003,25,1,3,0.1618,0
V000379,Net Associates,A,20.69047619047619,0.7380952380952381,762738.09,42,1157832.6700000002,30,0,0,0.7388,1
V000380,Digital Corp,C,18.89189189189189,0.7567567567567568,644542.9,37,181703.27000000002,29,2,3,0.1348,0
V000381,Infra Solutions,A,28.170212765957448,0.8936170212765957,1140292.32,47,136667.81,16,0,2,0.571,1
V000382,Inter Partners,A,23.083333333333332,0.6944444444444444,540024.93,36,546829.46,32,0,0,0.3416,0
V000383,Metal AG,A,26.023255813953487,0.8604651162790697,468661.32,43,146973.6,15,0,1,0.1415,0
V000384,Logis Partners,A,22.405405405405407,0.8108108108108109,463968.75,37,351954.08999999997,27,0,1,0.0465,0
V000385,Zeta GmbH,A,21.81578947368421,0.8157894736842105,414103.58,38,276402.12,28,0,1,0.0303,0
V000386,Gamma Group,A,22.485714285714284,0.8571428571428571,288174.97,35,234900.38,28,0,1,0.1957,0
V000387,Energy AG,A,22.525,0.8,481084.36,40,124035.74,17,0,1,0.0756,0
V000388,Alpha GmbH,B,18.333333333333332,0.7857142857142857,864948.18,42,221451.71,22,1,2,0.2328,0
V000389,Net Partners,A,25.083333333333332,0.9375,958824.23,48,225870.77000000002,27,0,2,0.4863,0
V000390,Trans Inc,C,19.0625,0.78125,192038.53,32,189869.53,23,2,3,0.3279,0
V000391,Net Corp,A,21.633333333333333,0.7,293842.97,30,69750.48,18,0,3,0.4423,0
V000392,Beta BV,B,19.394736842105264,0.6578947368421053,348721.4,38,90739.29,14,1,3,0.4443,0
V000393,Trans Services,D,22.63157894736842,0.8157894736842105,470991.19,38,219598.94,21,3,1,0.022,0
V000394,Eco Corp,A,21.4,0.8181818181818182,723360.61,55,182066.41,24,0,2,0.0901,0
V000395,Infra Associates,B,26.571428571428573,0.8333333333333334,958167.0199999999,42,225078.33000000002,25,1,2,0.2453,0
V000396,Trans Partners,A,23.511627906976745,0.6976744186046512,467658.39,43,120217.7,14,0,3,0.2843,0
V000397,Pharma Group,B,22.483870967741936,0.8709677419354839,287267.87,31,827355.15,22,1,0,0.5568,1
V000398,Net Group,A,19.795454545454547,0.7727272727272727,666481.91,44,146011.53,12,0,3,0.1301,0
V000399,Epsilon GmbH,A,19.45945945945946,0.7837837837837838,414525.46,37,419221.58,28,0,3,0.1487,0
V000400,Gamma Solutions,A,19.7,0.75,552040.77,40,378729.11,22,0,3,0.1144,0
V000401,Beta Pvt Ltd,B,18.91176470588235,0.6470588235294118,313658.13,34,186648.78,26,1,3,0.4122,0
V000402,Inter BV,B,22.027027027027028,0.7837837837837838,347537.65,37,269916.76,28,1,1,0.0757,0
V000403,Pro Industries,B,22.555555555555557,0.8611111111111112,476916.1,36,385625.79,28,1,1,0.1372,0
V000404,Gamma Inc,B,21.804878048780488,0.7560975609756098,1073281.47,41,258472.52,22,1,2,0.2401,0
V000405,Alpha BV,D,24.074074074074073,0.7222222222222222,509323.11,54,289882.57,16,3,3,0.1639,0
V000406,Agro BV,C,20.82857142857143,0.6857142857142857,758253.53,35,243567.25,16,2,3,0.2731,0
V000407,Metal Group,A,20.319148936170212,0.7021276595744681,393919.89,47,324359.26,13,0,3,0.1929,0
V000408,Global Group,B,23.071428571428573,0.75,699443.05,56,172714.25,25,1,3,0.1254,0
V000409,Zeta Ltd,A,16.020833333333332,0.7291666666666666,550282.58,48,90996.78,14,0,3,0.3798,0
V000410,Eco Industries,C,23.4,0.7714285714285715,481476.58999999997,35,121635.23,19,2,1,0.0997,0
V000411,Gamma Solutions,A,28.973684210526315,0.7631578947368421,606097.75,38,180543.96,22,0,1,0.384,0
V000412,Sigma Associates,D,20.32,0.8,1090678.55,50,251223.81,24,3,2,0.2698,0
V000413,Trans Ltd,A,20.733333333333334,0.8444444444444444,642096.28,45,348540.05,24,0,1,0.1533,0
V000414,Eco Corp,C,23.818181818181817,0.8636363636363636,760139.25,44,143468.41,18,2,1,0.1558,0
V000415,Uni AG,A,24.62162162162162,0.8378378378378378,321583.78,37,677429.15,22,0,0,0.3413,0
V000416,Zeta BV,B,26.75,0.8333333333333334,431767.82,36,183848.91,20,1,1,0.1212,0
V000417,Pharma Services,B,27.653846153846153,0.8461538461538461,378726.32,26,293955.25,22,1,1,0.1964,0
V000418,Prime Enterprises,A,26.87878787878788,0.9090909090909091,251073.32,33,218914.15,26,0,1,0.4199,0
V000419,Infra AG,D,20.15,0.8,604029.53,40,357413.73,24,3,3,0.0959,0
V000420,Sigma GmbH,D,27.166666666666668,0.8541666666666666,1353651.48,48,231428.55,23,3,2,0.5376,0
V000421,Net BV,C,25.0,0.8518518518518519,469508.76,54,646337.97,28,2,0,0.2817,0
V000422,Delta Services,A,26.170731707317074,0.8292682926829268,518971.07,41,268284.63,19,0,1,0.0832,0
V000423,Beta Inc,C,26.13157894736842,0.8157894736842105,296014.58,38,185899.97,19,2,1,0.2023,0
V000424,Net Corp,B,23.11627906976744,0.8372093023255814,1145325.75,43,471110.88,34,1,2,0.4,0
V000425,Uni Ltd,B,19.580645161290324,0.6774193548387096,270419.69,31,123401.3,17,1,3,0.4268,0
V000426,Logis Partners,D,20.479166666666668,0.7291666666666666,442370.69,48,178276.12,24,3,3,0.1153,0
V000427,Beta BV,A,24.441176470588236,0.7941176470588235,317901.29,34,241454.71,23,0,1,0.1183,0
V000428,Gamma Inc,C,23.282608695652176,0.782608695652174,528505.87,46,199234.21,23,2,1,0.0212,0
V000429,Zeta Enterprises,B,21.475,0.725,386183.81,40,384748.54000000004,21,1,3,0.1578,0
V000430,Metal Enterprises,A,27.642857142857142,0.8571428571428571,285139.4,28,325665.13,20,0,1,0.2881,0
V000431,Zeta Pvt Ltd,C,17.305084745762713,0.7627118644067796,528813.53,59,290574.69,24,2,3,0.1628,0
V000432,Beta Ltd,A,21.692307692307693,0.7692307692307693,318732.45,39,290726.42,11,0,3,0.1106,0
V000433,Eco GmbH,A,23.243243243243242,0.7837837837837838,515862.13,37,140603.75,21,0,1,0.0664,0
V000434,Eco GmbH,A,22.571428571428573,0.7619047619047619,742766.92,42,509026.33999999997,29,0,0,0.1856,0
V000435,Eco Enterprises,C,19.916666666666668,0.8125,539274.12,48,88426.11,17,2,3,0.2103,0
V000436,Sigma Ltd,A,22.408163265306122,0.7755102040816326,744971.35,49,209900.54,22,0,2,0.0721,0
V000437,Pro Inc,A,24.69047619047619,0.8809523809523809,665064.9299999999,42,197130.0,18,0,1,0.1435,0
V000438,Agro Services,A,22.263157894736842,0.7105263157894737,579467.02,38,111675.3,19,0,3,0.2335,0
V000439,Logis Ltd,A,22.78787878787879,0.7575757575757576,512061.29,33,314751.55,21,0,3,0.0581,0
V000440,Tech Services,A,21.23913043478261,0.782608695652174,662891.8099999999,46,396126.1,19,0,3,0.0948,0
V000441,Pro Pvt Ltd,B,27.121951219512194,0.7804878048780488,447822.22000000003,41,227754.95,18,1,1,0.1705,0
V000442,Trans GmbH,C,20.75862068965517,0.7586206896551724,534545.84,58,175870.42,14,2,3,0.0624,0
V000443,Global Services,B,20.951219512195124,0.7073170731707317,592618.93,41,859279.41,29,1,0,0.5416,0
V000444,Agro Inc,B,25.894736842105264,0.8421052631578947,765176.88,38,480420.13,24,1,2,0.2049,0
V000445,Net Pvt Ltd,D,22.170212765957448,0.8085106382978723,1158862.01,47,485531.07,23,3,2,0.362,0
V000446,Tech Partners,C,22.488888888888887,0.7111111111111111,574924.8,45,369807.33,25,2,3,0.1915,0
V000447,Beta GmbH,D,26.942857142857143,0.7714285714285715,635503.1,35,165653.82,12,3,1,0.2224,0
V000448,Digital BV,C,27.847826086956523,0.8913043478260869,702308.02,46,585603.4299999999,15,2,0,0.4355,0
V000449,Energy Ltd,B,21.35483870967742,0.7096774193548387,417661.03,31,735472.87,31,1,0,0.4489,0
V000450,Net Services,A,27.98076923076923,0.8461538461538461,561663.61,52,223753.66,24,0,1,0.1715,0
V000451,Prime Enterprises,D,22.63157894736842,0.7894736842105263,966844.05,38,340115.55,33,3,2,0.1603,0
V000452,Metal Ltd,D,16.613636363636363,0.7954545454545454,593061.12,44,182455.24,14,3,3,0.2538,0
V000453,Logis BV,B,26.431818181818183,0.8863636363636364,464645.74,44,474905.42,31,1,1,0.2643,0
V000454,Pro BV,A,21.108695652173914,0.7608695652173914,659014.92,46,459477.38,22,0,0,0.1355,0
V000455,Pro Inc,B,23.11904761904762,0.7857142857142857,464087.92,42,421375.33,25,1,0,0.0735,0
V000456,Global Inc,A,26.043478260869566,0.8695652173913043,580379.28,46,151594.91,24,0,1,0.1501,0
V000457,Beta Associates,A,25.365853658536587,0.8048780487804879,338634.21,41,99487.23,20,0,1,0.2516,0
V000458,Uni Pvt Ltd,C,23.615384615384617,0.7884615384615384,1156646.09,52,213266.18,22,2,2,0.3031,0
V000459,Trans Industries,C,24.24390243902439,0.8780487804878049,327732.31,41,344738.04,26,2,1,0.2429,0
V000460,Digital Inc,D,20.0,0.75,539718.72,48,804402.73,30,3,0,0.4206,0
V000461,Epsilon Partners,B,20.52777777777778,0.6944444444444444,434950.88,36,452479.47,28,1,3,0.2464,0
V000462,Prime AG,A,24.0,0.8076923076923077,1017702.71,52,167779.8,14,0,2,0.206,0
V000463,Tech Pvt Ltd,A,19.571428571428573,0.7959183673469388,323027.39,49,365955.11,26,0,3,0.1933,0
V000464,Delta Services,A,19.0,0.6944444444444444,1183583.99,36,716924.05,23,0,2,0.7204,1
V000465,Sigma AG,D,23.13888888888889,0.75,388072.67,36,307483.16000000003,17,3,3,0.1012,0
V000466,Metal AG,B,26.176470588235293,0.9117647058823529,337985.43,34,368565.78,24,1,1,0.3729,0
V000467,Sigma Associates,B,21.325581395348838,0.7441860465116279,452931.11,43,176298.04,21,1,3,0.0822,0
V000468,Uni BV,A,18.818181818181817,0.7575757575757576,598641.52,33,542174.85,20,0,0,0.2411,0
V000469,Net AG,A,25.96,0.86,626815.06,50,194588.16,22,0,1,0.1172,0
V000470,Uni Partners,C,20.927272727272726,0.7454545454545455,553539.38,55,221454.99000000002,22,2,3,0.0573,0
V000471,Eco Inc,A,21.609756097560975,0.7804878048780488,292022.74,41,317135.47,25,0,3,0.1445,0
V000472,Pro Group,C,27.61904761904762,0.8809523809523809,469470.16,42,205248.71,25,2,1,0.2068,0
V000473,Pharma Solutions,C,17.973684210526315,0.7631578947368421,1043731.8,38,101337.76,17,2,2,0.4555,0
V000474,Delta AG,C,18.46938775510204,0.7755102040816326,731370.11,49,720351.1,28,2,0,0.423,0
V000475,Beta Industries,C,15.159090909090908,0.7727272727272727,791187.55,44,449954.48,24,2,3,0.4151,0
V000476,Logis Pvt Ltd,D,21.023255813953487,0.7674418604651163,408150.5,43,67014.22,10,3,3,0.2129,0
V000477,Tech BV,A,20.757575757575758,0.7272727272727273,613210.02,33,172005.13,18,0,3,0.1171,0
V000478,Net Industries,B,21.69090909090909,0.8545454545454545,654143.15,55,330771.02,20,1,1,0.1504,0
V000479,Digital GmbH,D,23.86111111111111,0.8055555555555556,373107.96,36,171021.75,17,3,1,0.0619,0
V000480,Trans Pvt Ltd,A,30.0,0.8974358974358975,749454.5,39,154171.46,23,0,1,0.5025,0
V000481,Epsilon Corp,A,21.541666666666668,0.8333333333333334,543109.79,48,185044.61,18,0,1,0.0654,0
V000482,Energy Solutions,A,22.41025641025641,0.7435897435897436,811949.38,39,559539.7,22,0,0,0.2931,0
V000483,Logis Partners,B,23.62,0.86,547703.34,50,344003.24,24,1,1,0.0963,0
V000484,Agro AG,C,24.928571428571427,0.8095238095238095,523189.18,42,273845.67,19,2,1,0.042,0
V000485,Delta BV,A,21.49056603773585,0.7924528301886793,745457.3099999999,53,168104.84,25,0,2,0.0972,0
V000486,Delta Ltd,A,25.977272727272727,0.7727272727272727,866735.9299999999,44,197346.45,24,0,2,0.2286,0
V000487,Inter Pvt Ltd,B,20.48936170212766,0.6808510638297872,710794.53,47,408253.22,21,1,3,0.2978,0
V000488,Metal Pvt Ltd,A,21.733333333333334,0.8,451149.39,45,285274.13,12,0,1,0.0235,0
V000489,Alpha Partners,D,21.428571428571427,0.8333333333333334,1139635.65,42,239358.69,28,3,2,0.3281,0
V000490,Digital Partners,B,29.305555555555557,0.8888888888888888,770069.6900000001,36,232799.49,20,1,1,0.4056,0
V000491,Epsilon Services,A,25.5,0.8846153846153846,612477.62,52,485261.97,26,0,1,0.2234,0
V000492,Metal Services,D,24.479166666666668,0.9166666666666666,722454.67,48,408072.88,31,3,1,0.3148,0
V000493,Global Solutions,A,23.372093023255815,0.813953488372093,363779.1,43,201929.3,29,0,1,0.0597,0
V000494,Energy Pvt Ltd,A,25.384615384615383,0.8076923076923077,245989.65,26,328783.96,20,0,1,0.2388,0
V000495,Net Enterprises,A,22.03030303030303,0.7272727272727273,178989.99,33,413073.57,28,0,3,0.3923,0
V000496,Pro Enterprises,B,22.88372093023256,0.9069767441860465,833878.33,43,235288.5,24,1,2,0.2981,0
V000497,Prime Services,C,19.224489795918366,0.7142857142857143,519400.68,49,193268.61,22,2,3,0.1278,0
V000498,Trans Pvt Ltd,C,26.068181818181817,0.8636363636363636,1597489.8800000001,44,221871.49,21,2,2,0.602,1
V000499,Smart Group,A,22.681818181818183,0.8863636363636364,489328.42,44,201286.27000000002,25,0,1,0.1815,0
V000500,Delta Inc,B,25.8,0.8181818181818182,502565.05,55,495866.06,25,1,0,0.1365,0
V000501,Delta Associates,C,18.714285714285715,0.8,804264.13,35,300640.36,29,2,2,0.2122,0
V000502,Inter Industries,A,24.462962962962962,0.8333333333333334,1144946.77,54,64628.36,12,0,2,0.4816,0
V000503,Logis Services,A,22.256410256410255,0.8205128205128205,428076.29,39,197570.50999999998,23,0,1,0.0304,0
V000504,Pharma Enterprises,C,22.90740740740741,0.8148148148148148,657650.4400000001,54,397779.18,21,2,1,0.0649,0
V000505,Global BV,B,27.38095238095238,0.8809523809523809,417871.18,42,618941.51,24,1,0,0.3751,0
V000506,Trans Partners,A,16.236842105263158,0.7105263157894737,733788.06,38,185979.65,19,0,3,0.3069,0
V000507,Trans Inc,A,26.414634146341463,0.9024390243902439,625395.08,41,184442.55,17,0,1,0.268,0
V000508,Trans Corp,B,23.72093023255814,0.813953488372093,322433.43,43,263180.62,23,1,1,0.0953,0
V000509,Tech Services,B,21.3125,0.65625,393214.0,32,594130.52,28,1,0,0.475,0
V000510,Inter Solutions,C,23.794871794871796,0.7948717948717948,493958.54,39,215099.33000000002,19,2,1,0.0154,0
V000511,Sigma Associates,B,23.56756756756757,0.7567567567567568,401824.05,37,267619.71,24,1,1,0.0745,0
V000512,Pharma GmbH,C,19.485714285714284,0.7428571428571429,744261.94,35,183232.69,19,2,3,0.1394,0
V000513,Inter AG,A,19.066666666666666,0.6888888888888889,732544.4400000001,45,166735.02,20,0,3,0.2567,0
V000514,Prime Enterprises,C,22.526315789473685,0.7368421052631579,400844.76,38,121945.64,19,2,3,0.1829,0
V000515,Tech Pvt Ltd,C,23.31111111111111,0.8222222222222222,1012836.9900000001,45,571409.75,22,2,2,0.3672,0
V000516,Pharma Solutions,D,16.0,0.6666666666666666,367057.75,36,402966.9,24,3,3,0.4114,0
V000517,Agro Pvt Ltd,A,26.8,0.9090909090909091,708592.49,55,222335.8,22,0,1,0.2962,0
V000518,Inter Inc,A,24.095238095238095,0.8571428571428571,604773.97,42,331682.66,20,0,1,0.0928,0
V000519,Digital GmbH,A,22.509090909090908,0.7454545454545455,600863.29,55,404713.17000000004,28,0,3,0.1068,0
V000520,Pharma Corp,B,24.804878048780488,0.8536585365853658,639484.04,41,146868.61,21,1,1,0.1147,0
V000521,Sigma Associates,D,13.21875,0.53125,274439.99,32,292007.64,34,3,3,0.8073,1
V000522,Energy GmbH,B,23.977272727272727,0.7954545454545454,707365.72,44,238973.77000000002,30,1,2,0.0556,0
V000523,Delta BV,A,19.956521739130434,0.8260869565217391,1047888.2,46,323418.92,25,0,2,0.2974,0
V000524,Digital Pvt Ltd,A,24.142857142857142,0.7142857142857143,447526.22,35,238375.28,16,0,3,0.1862,0
V000525,Zeta Associates,A,21.59259259259259,0.8333333333333334,667181.21,54,698606.89,21,0,0,0.3366,0
V000526,Inter BV,A,19.625,0.6875,564208.2,48,203169.6,27,0,3,0.1941,0
V000527,Alpha Pvt Ltd,B,26.09259259259259,0.8148148148148148,1314077.71,54,207396.66,23,1,2,0.4852,0
V000528,Gamma Industries,A,18.894736842105264,0.7105263157894737,1081206.85,38,293808.99,26,0,2,0.3898,0
V000529,Logis AG,A,23.906976744186046,0.813953488372093,474619.14,43,338008.44,19,0,1,0.0454,0
V000530,Gamma Associates,C,19.325,0.7,774067.64,40,211998.19,20,2,3,0.229,0
V000531,Pro Corp,A,20.333333333333332,0.7619047619047619,669153.35,42,158868.11,23,0,3,0.1175,0
V000532,Metal Ltd,B,22.842105263157894,0.8157894736842105,397514.18,38,247414.97999999998,26,1,1,0.0269,0
V000533,Inter Associates,B,20.70212765957447,0.7659574468085106,673734.59,47,602070.67,20,1,0,0.2555,0
V000534,Eco Industries,A,24.46808510638298,0.8085106382978723,453079.72,47,419866.1,34,0,1,0.0809,0
V000535,Sigma BV,A,23.88095238095238,0.8333333333333334,760921.0299999999,42,359155.69,31,0,2,0.0921,0
V000536,Global GmbH,B,21.49206349206349,0.8095238095238095,1104811.13,63,366504.47,26,1,2,0.2787,0
V000537,Tech Enterprises,B,24.711111111111112,0.8888888888888888,530608.43,45,441994.32999999996,19,1,1,0.2061,0
V000538,Inter Enterprises,B,20.6,0.7111111111111111,468438.39,45,156310.66,19,1,3,0.1691,0
V000539,Agro Industries,B,24.38888888888889,0.8055555555555556,412887.69,36,734230.85,37,1,0,0.3236,0
V000540,Zeta Solutions,C,27.17948717948718,0.7948717948717948,462442.44,39,215204.71000000002,21,2,1,0.1406,0
V000541,Inter Partners,A,24.44736842105263,0.7631578947368421,637468.79,38,201018.45,25,0,1,0.101,0
V000542,Smart Corp,C,25.261904761904763,0.7619047619047619,526624.58,42,657047.11,18,2,0,0.305,0
V000543,Net Enterprises,D,21.127659574468087,0.7446808510638298,1002320.55,47,234775.09,23,3,2,0.2194,0
V000544,Pharma Associates,B,15.8,0.8,386375.81,40,487296.66,29,1,3,0.3509,0
V000545,Uni Associates,B,24.11111111111111,0.8222222222222222,402072.14,45,252689.08000000002,26,1,1,0.0401,0
V000546,Digital Corp,A,21.705882352941178,0.8235294117647058,489161.5,34,422370.26,28,0,1,0.1085,0
V000547,Digital Ltd,A,24.294117647058822,0.8235294117647058,475159.71,34,645113.98,33,0,0,0.2363,0
V000548,Infra Solutions,A,27.958333333333332,0.8333333333333334,685407.9,48,164368.32,17,0,1,0.2323,0
V000549,Inter GmbH,A,20.5625,0.8125,434050.22,32,111807.84999999999,18,0,1,0.1627,0
V000550,Uni AG,A,20.444444444444443,0.75,700924.21,36,413980.95999999996,31,0,3,0.1485,0
V000551,Eco Group,C,23.416666666666668,0.8055555555555556,340772.3,36,425281.44999999995,23,2,1,0.1285,0
V000552,Digital Inc,C,28.046511627906977,0.813953488372093,441520.29,43,171244.22999999998,22,2,1,0.2106,0
V000553,Metal Industries,B,18.65625,0.71875,1029073.02,32,167394.63,21,1,2,0.3772,0
V000554,Uni Inc,C,19.076923076923077,0.7435897435897436,387112.69,39,228337.28,24,2,3,0.1086,0
V000555,Agro Partners,A,20.09090909090909,0.7954545454545454,467222.66,44,287258.02,22,0,3,0.0682,0
V000556,Alpha GmbH,D,27.428571428571427,0.8979591836734694,391212.79,49,141954.16,14,3,1,0.3278,0
V000557,Eco Ltd,D,25.555555555555557,0.8333333333333334,1039997.77,54,246399.63,29,3,2,0.2563,0
V000558,Net Partners,C,23.104166666666668,0.75,627063.57,48,290282.81,18,2,3,0.0909,0
V000559,Zeta GmbH,C,20.604166666666668,0.75,599159.14,48,322059.94,28,2,3,0.0866,0
V000560,Global Ltd,B,23.333333333333332,0.7254901960784313,571406.36,51,163248.48,16,1,3,0.1434,0
V000561,Epsilon Corp,C,22.525,0.775,338375.04,40,120420.71,15,2,1,0.1583,0
V000562,Delta Ltd,A,20.302325581395348,0.813953488372093,417073.71,43,388279.39,21,0,3,0.1346,0
V000563,Metal Enterprises,B,24.487179487179485,0.8717948717948718,1047351.25,39,162484.43,18,1,2,0.3206,0
V000564,Beta Partners,B,24.083333333333332,0.6944444444444444,548416.99,36,335077.06,20,1,3,0.2599,0
V000565,Delta BV,B,18.93617021276596,0.7872340425531915,791348.05,47,237877.63999999998,16,1,2,0.1754,0
V000566,Global GmbH,A,22.026315789473685,0.7368421052631579,386249.74,38,327660.83999999997,21,0,3,0.1181,0
V000567,Pharma Enterprises,C,28.107142857142858,0.8571428571428571,979568.5,56,515702.69,16,2,2,0.4693,0
V000568,Uni Industries,B,29.347826086956523,0.8695652173913043,1019238.87,46,235311.82,21,1,2,0.5089,0
V000569,Sigma BV,B,27.675,0.875,718429.3,40,111756.59,14,1,1,0.3301,0
V000570,Global Inc,A,17.975,0.75,493247.33,40,362833.44,30,0,3,0.1547,0
V000571,Net GmbH,C,24.294117647058822,0.8431372549019608,535762.42,51,434948.27,30,2,1,0.0992,0
V000572,Smart Industries,A,28.694444444444443,0.7777777777777778,717720.7000000001,36,553720.5499999999,36,0,0,0.4295,0
V000573,Epsilon Pvt Ltd,A,22.8125,0.8125,376806.83999999997,48,690363.88,25,0,0,0.2883,0
V000574,Pro Solutions,B,13.047619047619047,0.5952380952380952,341983.47000000003,42,261420.36,23,1,3,0.7566,1
V000575,Beta Associates,C,23.5,0.8260869565217391,491817.91000000003,46,140076.06,18,2,1,0.0667,0
V000576,Tech GmbH,B,27.704545454545453,0.8181818181818182,764273.26,44,407747.86,38,1,1,0.2305,0
V000577,Infra GmbH,C,18.8,0.725,617469.1799999999,40,180019.91999999998,23,2,3,0.1582,0
V000578,Pharma Industries,B,20.08823529411765,0.7058823529411765,615097.74,34,190003.98,19,1,3,0.1733,0
V000579,Infra AG,B,20.914285714285715,0.7714285714285715,536715.64,35,335433.58,18,1,3,0.0498,0
V000580,Alpha Inc,C,19.162790697674417,0.6976744186046512,745710.92,43,714210.4099999999,24,2,0,0.5211,0
V000581,Delta Associates,B,17.89189189189189,0.6756756756756757,1096958.05,37,223913.12,22,1,2,0.4867,0
V000582,Eco Pvt Ltd,D,20.318181818181817,0.7954545454545454,1087215.8,44,283226.06,25,3,2,0.2701,0
V000583,Delta Inc,A,24.5,0.8260869565217391,396699.01,46,265846.76,30,0,1,0.0628,0
V000584,Infra Group,A,24.4,0.85,302152.58,40,105095.25,15,0,1,0.2697,0
V000585,Gamma Group,A,19.305555555555557,0.7777777777777778,607777.52,36,296912.55,25,0,3,0.0981,0
V000586,Net Enterprises,C,21.318181818181817,0.7272727272727273,591967.93,44,110975.23,17,2,3,0.18,0
V000587,Global GmbH,A,22.585365853658537,0.8048780487804879,519812.81,41,391613.75,16,0,1,0.0539,0
V000588,Gamma Enterprises,A,19.4390243902439,0.7317073170731707,453298.93,41,250791.83,23,0,3,0.1091,0
V000589,Pro AG,A,15.76086956521739,0.717391304347826,1117803.6500000001,46,573028.0,22,0,2,0.6525,1
V000590,Pharma GmbH,B,29.069767441860463,0.8604651162790697,667712.95,43,226292.59000000003,18,1,1,0.3295,0
V000591,Digital AG,D,21.25581395348837,0.6976744186046512,654971.2,43,137026.9,19,3,3,0.2463,0
V000592,Agro Partners,C,24.065217391304348,0.8695652173913043,588416.51,46,125206.16,17,2,1,0.1599,0
V000593,Global Ltd,B,26.594594594594593,0.8108108108108109,421305.30999999994,37,138056.66,20,1,1,0.1556,0
V000594,Logis GmbH,A,11.456521739130435,0.6521739130434783,502533.17,46,235791.94999999998,16,0,3,0.5961,1
V000595,Eco Ltd,B,19.2,0.7555555555555555,697223.3200000001,45,231186.96000000002,19,1,3,0.1111,0
V000596,Logis Services,B,25.555555555555557,0.8055555555555556,621120.8,36,271743.58,23,1,1,0.0601,0
V000597,Epsilon Services,B,22.463414634146343,0.8536585365853658,608097.0700000001,41,93340.64,14,1,1,0.2144,0
V000598,Beta BV,A,18.342105263157894,0.7631578947368421,407739.81,38,277109.09,24,0,3,0.1281,0
V000599,Energy Partners,B,17.23076923076923,0.717948717948718,865772.29,39,386801.03,29,1,3,0.3234,0
V000600,Delta AG,B,21.83783783783784,0.8648648648648649,702030.27,37,337245.03,21,1,1,0.1773,0
V000601,Agro Enterprises,A,25.755102040816325,0.7959183673469388,443589.07,49,353877.94,22,0,1,0.1111,0
V000602,Uni Ltd,B,23.59090909090909,0.7954545454545454,686179.41,44,113372.64,19,1,1,0.146,0
V000603,Zeta AG,C,23.477272727272727,0.75,610649.44,44,192173.45,23,2,3,0.1078,0
V000604,Global Pvt Ltd,C,21.31578947368421,0.7894736842105263,383011.52999999997,38,288477.48,21,2,3,0.0696,0
V000605,Zeta Services,A,26.054054054054053,0.7297297297297297,596529.14,37,526386.54,27,0,0,0.3286,0
V000606,Sigma Ltd,B,28.21951219512195,0.8048780487804879,504010.06,41,191068.33000000002,28,1,1,0.2065,0
V000607,Gamma Corp,B,15.838709677419354,0.6451612903225806,493032.45,31,761016.6799999999,26,1,0,0.6627,1
V000608,Net Inc,A,24.18918918918919,0.8108108108108109,926720.2999999999,37,591923.4,24,0,0,0.3118,0
V000609,Agro Services,A,23.9,0.8,684327.14,50,117909.06,19,0,1,0.1419,0
V000610,Zeta Industries,C,25.571428571428573,0.8333333333333334,746771.66,42,323398.9,19,2,1,0.1051,0
V000611,Tech AG,A,21.41176470588235,0.7058823529411765,618308.79,34,428949.05,19,0,3,0.2174,0
V000612,Epsilon Inc,A,26.72093023255814,0.8604651162790697,1410464.59,43,130114.42,19,0,2,0.6036,1
V000613,Trans Pvt Ltd,B,19.727272727272727,0.7878787878787878,324056.93,33,180794.61000000002,22,1,3,0.1602,0
V000614,Prime Associates,A,18.612903225806452,0.6129032258064516,392536.05,31,503729.74,24,0,3,0.5485,0
V000615,Trans Partners,A,25.15909090909091,0.75,642533.99,44,323773.52,19,0,1,0.1517,0
V000616,Digital Associates,A,16.38235294117647,0.6470588235294118,358210.42,34,269977.48,31,0,3,0.4225,0
V000617,Global BV,A,19.693877551020407,0.8163265306122449,589701.99,49,469938.26,27,0,0,0.1816,0
V000618,Pro Pvt Ltd,B,16.80851063829787,0.7659574468085106,788236.36,47,233715.93,25,1,3,0.2765,0
V000619,Smart Solutions,A,28.09090909090909,0.8636363636363636,784860.4400000001,44,179417.02000000002,20,0,1,0.2694,0
V000620,Prime Corp,A,20.595238095238095,0.7380952380952381,493046.14,42,172347.59,18,0,3,0.0908,0
V000621,Energy Partners,B,25.326923076923077,0.8653846153846154,521302.08999999997,52,532155.02,21,1,0,0.1876,0
V000622,Gamma Group,B,20.363636363636363,0.7636363636363637,791814.95,55,421700.93,31,1,2,0.1756,0
V000623,Pharma Associates,A,25.275,0.775,427248.73,40,361237.01,23,0,1,0.1288,0
V000624,Inter GmbH,A,15.185185185185185,0.7037037037037037,527445.84,27,177718.49,21,0,3,0.3426,0
V000625,Net Group,A,30.677419354838708,0.8709677419354839,319736.57,31,286705.6,26,0,1,0.4958,0
V000626,Inter GmbH,A,19.391304347826086,0.6739130434782609,454552.05,46,352040.69,22,0,3,0.2526,0
V000627,Eco Corp,C,27.20754716981132,0.7924528301886793,785483.18,53,579308.9299999999,24,2,0,0.3457,0
V000628,Infra Associates,C,23.72972972972973,0.7567567567567568,684892.16,37,284287.74,25,2,2,0.0841,0
V000629,Beta AG,B,24.023809523809526,0.8095238095238095,655397.86,42,724673.32,31,1,0,0.3195,0
V000630,Smart Associates,A,35.11363636363637,0.9318181818181818,366294.72000000003,44,331665.63,25,0,1,0.6708,1
V000631,Infra Partners,B,18.585365853658537,0.7073170731707317,538400.59,41,345320.13,21,1,3,0.193,0
V000632,Trans Pvt Ltd,B,18.523809523809526,0.7142857142857143,270217.27,42,468542.8,25,1,3,0.3347,0
V000633,Pro Services,A,24.085106382978722,0.7659574468085106,1012779.99,47,345058.92,18,0,2,0.2241,0
V000634,Infra Pvt Ltd,A,22.69047619047619,0.8095238095238095,390098.4,42,427619.52999999997,25,0,1,0.1025,0
V000635,Pro GmbH,B,21.976744186046513,0.7906976744186046,753202.4,43,521813.67,27,1,0,0.1888,0
V000636,Smart Ltd,B,22.170731707317074,0.7073170731707317,369364.85,41,110421.81,19,1,3,0.3132,0
V000637,Inter Corp,B,18.325,0.725,530934.12,40,467002.3,29,1,3,0.1986,0
V000638,Sigma Corp,A,20.09375,0.71875,508044.49,32,244032.61000000002,25,0,3,0.114,0
V000639,Global Solutions,C,27.11904761904762,0.8809523809523809,937441.9,42,712631.51,19,2,0,0.5561,1
V000640,Energy Associates,B,16.37837837837838,0.7027027027027027,500787.83,37,543032.38,28,1,3,0.3549,0
V000641,Pro Inc,B,14.176470588235293,0.7058823529411765,950272.4299999999,51,168779.48,24,1,3,0.5541,1
V000642,Delta Partners,B,22.0,0.7962962962962963,1137217.51,54,587361.21,28,1,2,0.4528,0
V000643,Uni Ltd,C,25.833333333333332,0.8333333333333334,279768.52,30,304003.64999999997,25,2,1,0.2091,0
V000644,Infra Enterprises,B,21.151515151515152,0.7878787878787878,647511.9,33,393042.24,20,1,3,0.0921,0
V000645,Pharma Group,A,26.363636363636363,0.8636363636363636,1798650.57,44,249912.83000000002,23,0,2,0.6452,1
V000646,Agro Services,C,25.57777777777778,0.7777777777777778,860308.14,45,258705.83,21,2,2,0.1776,0
V000647,Smart GmbH,D,24.027027027027028,0.7567567567567568,405340.29,37,228277.39,18,3,1,0.0795,0
V000648,Net Solutions,B,26.47222222222222,0.8888888888888888,682135.4400000001,36,492302.51,28,1,1,0.2918,0
V000649,Prime GmbH,B,28.818181818181817,0.8787878787878788,484164.44,33,266838.68,22,1,1,0.2917,0
V000650,Epsilon Corp,D,22.473684210526315,0.7368421052631579,514242.93,38,138277.22,23,3,3,0.1312,0
V000651,Prime Inc,A,21.974358974358974,0.7948717948717948,931336.07,39,136530.52,19,0,2,0.204,0
V000652,Metal Ltd,C,17.5,0.7045454545454546,326973.83,44,167773.67,20,2,3,0.2804,0
V000653,Pharma Corp,D,23.973684210526315,0.7894736842105263,710937.8300000001,38,256131.87,24,3,2,0.0577,0
V000654,Net Enterprises,B,24.862068965517242,0.8448275862068966,801836.96,58,128495.23,19,1,2,0.1798,0
V000655,Beta AG,B,21.444444444444443,0.7407407407407407,635377.78,27,135997.87,16,1,3,0.14,0
V000656,Energy Associates,B,23.53846153846154,0.8461538461538461,335321.33,39,118813.45,20,1,1,0.1898,0
V000657,Epsilon AG,B,21.29824561403509,0.7719298245614035,501900.71,57,382318.73,17,1,3,0.0747,0
V000658,Digital BV,A,22.974358974358974,0.8205128205128205,533255.09,39,259444.71,25,0,1,0.0106,0
V000659,Sigma Group,A,21.632653061224488,0.7551020408163265,503269.91,49,210130.45,23,0,3,0.0505,0
V000660,Agro Enterprises,A,20.25,0.78125,357630.65,32,190747.56,18,0,3,0.1091,0
V000661,Sigma AG,C,16.767441860465116,0.7674418604651163,760096.93,43,388180.72,26,2,3,0.2817,0
V000662,Energy Industries,B,27.208333333333332,0.8333333333333334,991191.34,48,365132.13,23,1,2,0.3187,0
V000663,Delta Partners,B,20.647058823529413,0.8823529411764706,668458.19,34,296216.14,20,1,1,0.247,0
V000664,Tech Pvt Ltd,B,23.795454545454547,0.8409090909090909,597081.69,44,251861.9,20,1,1,0.0526,0
V000665,Global Group,C,22.666666666666668,0.8205128205128205,616615.4,39,124379.7,20,2,1,0.098,0
V000666,Beta Inc,A,19.393939393939394,0.7575757575757576,787432.45,33,165805.48,17,0,3,0.1746,0
V000667,Gamma BV,B,23.11627906976744,0.8372093023255814,307078.23,43,322748.97,18,1,1,0.1441,0
V000668,Prime BV,B,26.22222222222222,0.8333333333333334,407879.63,36,404598.08,22,1,1,0.1587,0
V000669,Zeta GmbH,A,19.428571428571427,0.8285714285714286,1063279.43,35,102383.9,15,0,2,0.464,0
V000670,Tech AG,B,18.6,0.725,729986.49,40,264845.94,17,1,3,0.1604,0
V000671,Uni Inc,C,25.041666666666668,0.8958333333333334,781638.88,48,515954.35000000003,24,2,0,0.3388,0
V000672,Global GmbH,B,21.511627906976745,0.7209302325581395,602474.14,43,263729.24,18,1,3,0.1075,0
V000673,Digital Enterprises,D,17.894736842105264,0.6842105263157895,734638.87,38,512815.09,24,3,3,0.3792,0
V000674,Logis Inc,C,24.594594594594593,0.7567567567567568,541167.36,37,140661.78,23,2,1,0.1363,0
V000675,Eco Group,A,23.48780487804878,0.8292682926829268,742161.94,41,168867.81,20,0,2,0.078,0
V000676,Uni Industries,C,18.558139534883722,0.6511627906976745,380884.68,43,90730.32,18,2,3,0.4661,0
V000677,Agro Services,A,24.046511627906977,0.7674418604651163,356721.4,43,164692.27,21,0,1,0.1289,0
V000678,Energy Partners,C,23.0625,0.7291666666666666,605830.45,48,309874.89999999997,21,2,3,0.1164,0
V000679,Epsilon Ltd,B,19.18421052631579,0.7631578947368421,830013.37,38,310438.10000000003,25,1,2,0.1694,0
V000680,Inter Solutions,A,24.85,0.825,514321.89999999997,40,352990.77,21,0,1,0.0731,0
V000681,Trans Enterprises,D,25.87878787878788,0.8181818181818182,286301.35,33,610049.01,18,3,0,0.3468,0
V000682,Prime Solutions,B,19.146341463414632,0.7804878048780488,832094.25,41,333309.5,27,1,2,0.1819,0
V000683,Sigma Corp,B,28.048780487804876,0.8048780487804879,678313.41,41,452599.53,30,1,1,0.2818,0
V000684,Prime BV,B,22.257142857142856,0.7428571428571429,461467.39,35,161750.95,25,1,3,0.0906,0
V000685,Pro Partners,C,21.789473684210527,0.7368421052631579,437476.81,38,277460.91,26,2,3,0.0741,0
V000686,Energy Services,A,20.224489795918366,0.7551020408163265,1193780.39,49,446225.72,31,0,2,0.404,0
V000687,Pharma Group,C,22.87719298245614,0.7192982456140351,437805.15,57,276122.14,18,2,3,0.1362,0
V000688,Tech Pvt Ltd,C,26.457142857142856,0.8,740464.0,35,146949.49,16,2,1,0.1859,0
V000689,Gamma Partners,A,23.85,0.825,450885.39,40,309439.99,35,0,1,0.0341,0
V000690,Energy Solutions,B,28.88888888888889,0.8888888888888888,437701.58,36,170553.56,20,1,1,0.3443,0
V000691,Trans Partners,B,28.473684210526315,0.8421052631578947,517858.73,57,242965.74,13,1,1,0.2199,0
V000692,Net Associates,A,27.545454545454547,0.8863636363636364,440861.21,44,632828.77,21,0,0,0.3895,0
V000693,Eco Services,C,24.369565217391305,0.8260869565217391,747108.77,46,921680.4199999999,23,2,0,0.5098,0
V000694,Logis Inc,A,20.35135135135135,0.7837837837837838,692420.04,37,196828.51,30,0,3,0.0829,0
V000695,Alpha Industries,C,24.568181818181817,0.8409090909090909,1022618.41,44,337740.3,26,2,2,0.233,0
V000696,Metal GmbH,A,22.05128205128205,0.7948717948717948,581151.9,39,272956.83999999997,19,0,1,0.015,0
V000697,Pro Solutions,A,18.93877551020408,0.6938775510204082,789137.32,49,179287.12,26,0,3,0.2747,0
V000698,Beta Enterprises,A,22.682926829268293,0.8048780487804879,321503.51,41,268283.51,23,0,1,0.0883,0
V000699,Delta BV,C,23.18421052631579,0.7894736842105263,493970.13,38,206751.32,21,2,1,0.0109,0
V000700,Infra Solutions,C,20.857142857142858,0.8571428571428571,439673.68,21,662519.85,23,2,0,0.3556,0
V000701,Smart Corp,B,19.384615384615383,0.717948717948718,664174.9,39,161061.75,25,1,3,0.1765,0
V000702,Digital GmbH,C,25.341463414634145,0.8536585365853658,467360.75,41,389504.95,23,2,1,0.1149,0
V000703,Trans Inc,B,25.25,0.84375,297704.51999999996,32,355451.95,20,1,1,0.2065,0
V000704,Epsilon Industries,C,7.357142857142857,0.6428571428571429,371604.47000000003,28,413885.44,25,2,3,0.7073,1
V000705,Prime Partners,A,19.093023255813954,0.7441860465116279,499832.88,43,333309.91,22,0,3,0.1031,0
V000706,Net Services,B,24.147058823529413,0.7941176470588235,354540.56,34,118326.45999999999,16,1,1,0.1616,0
V000707,Uni GmbH,A,17.770833333333332,0.7291666666666666,814345.6,48,284272.85,29,0,3,0.2163,0
V000708,Smart AG,A,17.625,0.71875,219849.68,32,582910.2,24,0,3,0.4982,0
V000709,Pro Solutions,C,25.630434782608695,0.7608695652173914,478285.16,46,181259.83,18,2,1,0.1583,0
V000710,Metal Ltd,A,23.28205128205128,0.7435897435897436,497152.55,39,127475.73,21,0,3,0.1373,0
V000711,Digital Inc,A,22.625,0.8,491601.88,40,287258.39,21,0,1,0.0113,0
V000712,Inter AG,B,27.25,0.8392857142857143,429763.27,56,144304.25,19,1,1,0.1812,0
V000713,Pharma Enterprises,C,26.36842105263158,0.8947368421052632,422578.47000000003,38,326376.69,13,2,1,0.2243,0
V000714,Tech Partners,A,25.533333333333335,0.8444444444444444,572887.35,45,345037.35,23,0,1,0.1016,0
V000715,Infra Pvt Ltd,C,23.944444444444443,0.8148148148148148,837781.9500000001,54,213409.72999999998,26,2,2,0.096,0
V000716,Beta Associates,A,21.55,0.7,714487.69,40,177215.24,22,0,3,0.2219,0
V000717,Epsilon GmbH,B,27.06779661016949,0.8983050847457628,984104.88,59,397782.2,22,1,2,0.4119,0
V000718,Inter Ltd,B,22.38235294117647,0.8823529411764706,792486.3,34,187767.46,22,1,2,0.2337,0
V000719,Beta Enterprises,A,22.813953488372093,0.8372093023255814,360077.59,43,174367.02,23,0,1,0.1139,0
V000720,Inter Partners,A,24.129032258064516,0.6774193548387096,261543.47999999998,31,447571.56,27,0,3,0.4708,0
V000721,Tech Inc,A,18.53191489361702,0.7446808510638298,415889.54,47,98393.99,13,0,3,0.2565,0
V000722,Global Corp,A,19.818181818181817,0.8181818181818182,303977.61,44,337038.1,17,0,3,0.2217,0
V000723,Smart AG,A,21.512820512820515,0.8205128205128205,280747.26,39,260583.18,33,0,1,0.1645,0
V000724,Pro AG,B,16.81081081081081,0.7837837837837838,299245.16000000003,37,651500.4,22,1,0,0.4641,0
V000725,Pharma Solutions,A,20.980392156862745,0.8235294117647058,766635.8,51,421534.23,31,0,2,0.1685,0
V000726,Agro Services,B,17.185185185185187,0.5925925925925926,204726.24,27,435438.92,20,1,3,0.7124,1
V000727,Epsilon Corp,A,22.340425531914892,0.7659574468085106,591389.6799999999,47,230349.66,21,0,3,0.041,0
V000728,Metal GmbH,B,26.666666666666668,0.8,637285.6799999999,45,198740.5,23,1,1,0.1135,0
V000729,Agro Pvt Ltd,A,23.658536585365855,0.8048780487804879,928523.8099999999,41,198839.74,26,0,2,0.1408,0
V000730,Tech Associates,C,20.847826086956523,0.782608695652174,1102377.07,46,152977.17,22,2,2,0.3044,0
V000731,Agro Group,A,21.289473684210527,0.7368421052631579,500900.89,38,268327.32,22,0,3,0.0755,0
V000732,Prime Industries,C,14.8,0.6,696611.16,40,500629.64,29,2,3,0.6965,1
V000733,Logis Associates,A,23.925,0.8,407940.81,40,343774.41000000003,20,0,1,0.0581,0
V000734,Net Partners,A,22.048780487804876,0.7804878048780488,723879.77,41,290875.54,32,0,2,0.0646,0
V000735,Energy Ltd,C,20.37837837837838,0.7027027027027027,540253.84,37,530283.4400000001,21,2,3,0.2681,0
V000736,Agro Pvt Ltd,C,24.13953488372093,0.8372093023255814,487146.22000000003,43,261787.14,23,2,1,0.0429,0
V000737,Epsilon Enterprises,A,28.058823529411764,0.8431372549019608,586593.2,51,255735.36000000002,23,0,1,0.1835,0
V000738,Tech Industries,B,22.514285714285716,0.8,722745.64,35,327398.69,31,1,2,0.0531,0
V000739,Pro Group,B,25.358974358974358,0.8717948717948718,511226.87,39,351480.86,20,1,1,0.1291,0
V000740,Trans Group,D,24.157894736842106,0.8421052631578947,378568.98,38,228639.37,26,3,1,0.0809,0
V000741,Pharma Enterprises,A,22.26829268292683,0.8292682926829268,1074935.05,41,170299.3,21,0,2,0.2569,0
V000742,Metal Ltd,C,20.395833333333332,0.7291666666666666,447135.2,48,362124.11,30,2,3,0.1299,0
V000743,Epsilon Solutions,B,21.58139534883721,0.7209302325581395,655729.67,43,181358.46,21,1,3,0.1466,0
V000744,Gamma Ltd,A,22.710526315789473,0.7631578947368421,554129.98,38,308128.48,24,0,3,0.0496,0
V000745,Digital BV,A,19.205128205128204,0.6923076923076923,460587.76,39,202612.28,26,0,3,0.1751,0
V000746,Alpha Industries,D,20.509090909090908,0.7454545454545455,399176.86,55,431810.11000000004,22,3,3,0.1437,0
V000747,Eco AG,B,26.225,0.85,494593.08999999997,40,234830.94999999998,24,1,1,0.0934,0
V000748,Trans Corp,A,24.435897435897434,0.8205128205128205,264182.41,39,336403.44,25,0,1,0.2032,0
V000749,Digital Industries,B,22.28846153846154,0.8076923076923077,901850.18,52,620297.89,22,1,0,0.3282,0
V000750,Eco Inc,B,18.28846153846154,0.7692307692307693,975616.61,52,331760.13,19,1,2,0.2955,0
V000751,Metal Industries,B,16.5609756097561,0.7317073170731707,514549.43,41,305253.37,22,1,3,0.2174,0
V000752,Net Inc,A,26.0625,0.8958333333333334,1080369.65,48,272866.7,18,0,2,0.3973,0
V000753,Beta Enterprises,A,23.833333333333332,0.7916666666666666,890898.75,48,463135.55,22,0,2,0.2035,0
V000754,Digital Corp,B,20.25531914893617,0.7446808510638298,495672.58999999997,47,366970.44,30,1,3,0.1034,0
V000755,Net Corp,A,33.17857142857143,0.9642857142857143,633178.11,28,332931.01999999996,16,0,1,0.6997,1
V000756,Zeta Inc,D,24.30952380952381,0.7857142857142857,478445.64,42,210294.86000000002,23,3,1,0.04,0
V000757,Epsilon Industries,B,19.0,0.75,176968.01,32,179895.68,23,1,3,0.3485,0
V000758,Inter Pvt Ltd,C,22.3,0.76,495731.93,50,353196.92,20,2,3,0.066,0
V000759,Delta Solutions,B,19.891304347826086,0.8043478260869565,611682.76,46,377678.56,25,1,3,0.1097,0
V000760,Pharma Enterprises,B,22.46,0.8,691444.48,50,333887.28,22,1,2,0.0561,0
V000761,Energy BV,A,17.510204081632654,0.7142857142857143,645291.21,49,326799.64,29,0,3,0.1844,0
V000762,Logis Industries,A,20.444444444444443,0.7111111111111111,510228.35,45,453594.7,20,0,3,0.1865,0
V000763,Uni Industries,A,23.675675675675677,0.8648648648648649,449097.52,37,179013.9,20,0,1,0.0994,0
V000764,Sigma Group,B,22.642857142857142,0.7857142857142857,339108.63,42,349359.49,25,1,1,0.0957,0
V000765,Alpha BV,A,30.22222222222222,0.9333333333333333,566893.48,45,144970.11000000002,18,0,1,0.5997,1
V000766,Global GmbH,B,20.96078431372549,0.7647058823529411,906415.66,51,517905.29000000004,26,1,2,0.2811,0
V000767,Trans Corp,B,20.340425531914892,0.7446808510638298,696952.58,47,292712.2,26,1,3,0.1078,0
V000768,Global Inc,C,30.585365853658537,0.8536585365853658,647919.62,41,158931.89,27,2,1,0.4458,0
V000769,Global Ltd,C,21.92105263157895,0.7894736842105263,669264.82,38,263821.35,21,2,2,0.0419,0
V000770,Global Ltd,D,16.097560975609756,0.7560975609756098,694707.85,41,188011.15,21,3,3,0.2813,0
V000771,Delta Ltd,D,24.511627906976745,0.7906976744186046,497253.92,43,288896.8,33,3,1,0.0473,0
V000772,Delta Solutions,C,19.953488372093023,0.9069767441860465,728238.88,43,458819.08,27,2,2,0.4618,0
V000773,Beta Enterprises,A,19.104166666666668,0.7083333333333334,531868.64,48,648259.8099999999,30,0,0,0.3517,0
V000774,Metal BV,A,21.153846153846153,0.8717948717948718,406433.96,39,168295.43,26,0,1,0.2035,0
V000775,Delta Industries,D,18.071428571428573,0.8214285714285714,1230736.24,56,513509.67000000004,26,3,2,0.6154,1
V000776,Infra Group,B,27.86,0.88,629060.14,50,657629.84,17,1,0,0.4074,0
V000777,Smart Solutions,B,21.477272727272727,0.75,449631.7,44,295063.91000000003,14,1,3,0.063,0
V000778,Metal Corp,B,18.25,0.7727272727272727,347099.33,44,301110.81,20,1,3,0.1815,0
V000779,Prime Pvt Ltd,B,25.25,0.85,599673.07,40,1114251.06,27,1,0,0.6309,1
V000780,Alpha Solutions,B,23.733333333333334,0.7666666666666667,329876.59,30,291059.95,19,1,1,0.1192,0
V000781,Energy Enterprises,C,25.65909090909091,0.8636363636363636,415377.73,44,125003.34,22,2,1,0.1826,0
V000782,Metal Enterprises,B,18.282608695652176,0.717391304347826,909888.36,46,198728.93,24,1,3,0.3052,0
V000783,Alpha Ltd,B,21.952380952380953,0.7619047619047619,824858.43,42,363978.83,26,1,2,0.1346,0
V000784,Gamma Services,A,20.64516129032258,0.8064516129032258,655858.5,31,1203533.88,29,0,0,0.6933,1
V000785,Agro Associates,A,20.982758620689655,0.8103448275862069,1725143.51,58,644773.88,26,0,2,0.7334,1
V000786,Smart Ltd,A,26.31578947368421,0.868421052631579,487973.82,38,244714.35,27,0,1,0.1174,0
V000787,Gamma Corp,A,22.387755102040817,0.8571428571428571,801535.8200000001,49,55721.41,16,0,2,0.3566,0
V000788,Prime Industries,B,16.764705882352942,0.6666666666666666,788725.83,51,498567.89,20,1,3,0.4671,0
V000789,Metal Corp,C,17.548387096774192,0.7741935483870968,488772.25,31,291641.05,24,2,3,0.148,0
V000790,Trans Ltd,C,20.73170731707317,0.7804878048780488,660517.62,41,612057.11,26,2,0,0.2464,0
V000791,Pro Partners,A,23.128205128205128,0.717948717948718,366369.25,39,601355.76,23,0,0,0.3657,0
V000792,Logis Solutions,C,22.244897959183675,0.8163265306122449,612014.25,49,194807.12,21,2,1,0.027,0
V000793,Digital GmbH,B,25.653061224489797,0.7959183673469388,635716.56,49,213283.03,24,1,1,0.0809,0
V000794,Epsilon Enterprises,A,16.25,0.7,727362.67,40,245716.22999999998,27,0,3,0.2889,0
V000795,Beta Enterprises,A,27.951219512195124,0.8292682926829268,284404.16,41,737768.6000000001,27,0,0,0.5577,1
V000796,Delta Partners,B,23.57894736842105,0.7894736842105263,784781.0599999999,38,105869.06,14,1,2,0.2052,0
V000797,Gamma GmbH,C,17.914285714285715,0.6857142857142857,382305.87,35,130042.6,19,2,3,0.3369,0
V000798,Prime Associates,A,20.475,0.8,492483.47000000003,40,135538.29,21,0,3,0.0953,0
V000799,Gamma Pvt Ltd,C,25.84375,0.84375,384312.33,32,583664.51,26,2,0,0.2388,0
V000800,Pharma AG,A,15.377777777777778,0.6444444444444445,560526.13,45,193250.17,23,0,3,0.4358,0
V000801,Epsilon Solutions,B,22.78723404255319,0.7446808510638298,565583.81,47,219199.91,22,1,3,0.0692,0
V000802,Logis Ltd,D,23.22222222222222,0.8055555555555556,417799.91,36,265833.14,19,3,1,0.0186,0
V000803,Zeta Industries,C,17.34285714285714,0.7714285714285715,299384.86,35,338573.52,25,2,3,0.2783,0
V000804,Sigma Industries,A,24.977777777777778,0.8888888888888888,343395.27,45,152361.62,28,0,1,0.2656,0
V000805,Agro BV,A,24.13888888888889,0.8055555555555556,378683.61,36,379327.15,20,0,1,0.0915,0
V000806,Metal Partners,A,20.666666666666668,0.8461538461538461,703334.87,39,272623.81,22,0,2,0.1416,0
V000807,Energy Pvt Ltd,A,28.333333333333332,0.8095238095238095,1533036.3699999999,42,192353.24,20,0,2,0.673,1
V000808,Tech GmbH,C,20.09433962264151,0.7735849056603774,715350.39,53,132259.78,18,2,3,0.1596,0
V000809,Eco Partners,C,25.0,0.8536585365853658,608231.95,41,426765.49,23,2,1,0.1251,0
V000810,Infra Enterprises,C,19.804878048780488,0.7560975609756098,414545.58999999997,41,385044.74,30,2,3,0.1285,0
V000811,Digital Solutions,B,17.75,0.725,716724.71,40,140895.47,16,1,3,0.2351,0
V000812,Pro AG,A,24.346153846153847,0.8461538461538461,931074.1699999999,52,209266.64,21,0,2,0.171,0
V000813,Infra Pvt Ltd,C,24.166666666666668,0.7777777777777778,372422.43,36,335864.41,33,2,1,0.0906,0
V000814,Epsilon AG,A,17.84,0.74,660665.03,50,152690.54,20,0,3,0.1773,0
V000815,Agro AG,D,24.424242424242426,0.7272727272727273,872807.12,33,377994.81,23,3,2,0.2663,0
V000816,Infra Pvt Ltd,A,22.933333333333334,0.8222222222222222,436880.83,45,274222.26,23,0,1,0.0266,0
V000817,Energy Industries,D,19.487179487179485,0.7435897435897436,354155.07,39,342328.37,19,3,3,0.1511,0
V000818,Zeta Inc,A,29.11111111111111,0.8888888888888888,616112.56,36,414929.8,26,0,1,0.3974,0
V000819,Metal Ltd,B,24.09090909090909,0.9090909090909091,353321.93,33,399388.05,32,1,1,0.3242,0
V000820,Epsilon Pvt Ltd,B,15.622222222222222,0.7333333333333333,1148337.69,45,227194.19999999998,21,1,2,0.5131,0
V000821,Prime Services,C,24.30952380952381,0.8571428571428571,697546.03,42,498589.44,27,2,0,0.1868,0
V000822,Metal Industries,A,25.627906976744185,0.7674418604651163,490938.18,43,219345.06,24,0,1,0.1216,0
V000823,Tech Ltd,C,24.20754716981132,0.8679245283018868,655051.75,53,371478.94,30,2,1,0.1332,0
V000824,Infra Inc,A,21.046511627906977,0.7441860465116279,723108.63,43,300540.28,28,0,3,0.1001,0
V000825,Trans Partners,A,14.371428571428572,0.7142857142857143,394904.88,35,509091.71,26,0,3,0.5001,0
V000826,Eco Ltd,B,22.523809523809526,0.7619047619047619,816927.0700000001,42,199904.2,20,1,2,0.1263,0
V000827,Epsilon AG,A,15.142857142857142,0.673469387755102,284306.66,49,201538.41,23,0,3,0.4911,0
V000828,Metal Associates,B,23.027027027027028,0.7837837837837838,611883.06,37,176858.18,21,1,1,0.0475,0
V000829,Agro Enterprises,C,23.634146341463413,0.8536585365853658,619638.29,41,662256.49,23,2,0,0.268,0
V000830,Agro Partners,A,16.0,0.7272727272727273,392770.13,33,173802.4,26,0,3,0.2887,0
V000831,Pro Services,D,13.181818181818182,0.6363636363636364,378677.08999999997,33,300108.99,22,3,3,0.6438,1
V000832,Eco Group,A,20.470588235294116,0.7941176470588235,422126.45999999996,34,226010.34,28,0,3,0.0615,0
V000833,Inter Enterprises,C,23.363636363636363,0.7878787878787878,360703.39,33,236442.21,25,2,1,0.0586,0
V000834,Digital Solutions,A,19.585365853658537,0.7317073170731707,630941.95,41,158561.0,19,0,3,0.1445,0
V000835,Alpha Inc,B,20.04255319148936,0.7446808510638298,605666.95,47,312727.56,17,1,3,0.0874,0
V000836,Net BV,D,24.976190476190474,0.8333333333333334,551931.5599999999,42,560110.51,29,3,0,0.1785,0
V000837,Eco Industries,D,17.9375,0.71875,438487.25,32,485774.88,24,3,3,0.2402,0
V000838,Pharma Corp,B,22.113636363636363,0.8181818181818182,504500.55,44,158134.65,24,1,1,0.0565,0
V000839,Epsilon GmbH,B,17.108695652173914,0.7608695652173914,664817.68,46,627504.88,37,1,0,0.3841,0
V000840,Tech Pvt Ltd,D,22.78048780487805,0.8048780487804879,486184.1,41,628640.18,22,3,0,0.1906,0
V000841,Uni Services,A,24.853658536585368,0.8048780487804879,752910.29,41,806206.07,23,0,0,0.4215,0
V000842,Trans Enterprises,C,22.394736842105264,0.8157894736842105,454103.22,38,187780.75,25,2,1,0.0336,0
V000843,Eco Pvt Ltd,B,23.418181818181818,0.8181818181818182,533963.28,55,470726.82,36,1,0,0.088,0
V000844,Digital Partners,C,17.228571428571428,0.7428571428571429,471338.38,35,212345.43,25,2,3,0.1562,0
V000845,Trans Ltd,D,24.225,0.775,612291.89,40,167144.43,18,3,1,0.082,0
V000846,Tech Inc,C,24.61764705882353,0.7941176470588235,546163.02,34,783293.59,26,2,0,0.3233,0
V000847,Delta Industries,B,25.27659574468085,0.8085106382978723,451678.69,47,401541.66,31,1,1,0.0967,0
V000848,Delta Group,A,28.23076923076923,0.9230769230769231,290607.11,39,348497.36,21,0,1,0.5084,0
V000849,Metal BV,B,26.358974358974358,0.8205128205128205,389127.6,39,342935.82,24,1,1,0.1427,0
V000850,Sigma Associates,C,20.704545454545453,0.8181818181818182,454596.72,44,158163.39,27,2,1,0.0976,0
V000851,Delta Services,B,15.483870967741936,0.7419354838709677,273835.67,31,234807.47,21,1,3,0.3613,0
V000852,Energy Industries,D,30.945945945945947,0.8648648648648649,307518.05,37,260243.75999999998,22,3,1,0.5248,0
V000853,Prime Ltd,C,20.735849056603772,0.7547169811320755,1116566.79,53,564811.38,28,2,2,0.4563,0
V000854,Logis Partners,B,24.51219512195122,0.7804878048780488,596813.56,41,110303.29,21,1,1,0.15,0
V000855,Sigma Corp,A,24.047619047619047,0.7857142857142857,867686.6,42,481471.44,31,0,2,0.2165,0
V000856,Beta Corp,A,25.790697674418606,0.8372093023255814,454209.44,43,542681.05,24,0,0,0.1912,0
V000857,Inter AG,A,15.277777777777779,0.6944444444444444,497427.91000000003,36,364019.26,26,0,3,0.3483,0
V000858,Net Industries,A,24.76923076923077,0.8717948717948718,797822.03,39,172415.76,21,0,1,0.1694,0
V000859,Tech Ltd,B,19.08108108108108,0.7297297297297297,610171.78,37,98689.25,22,1,3,0.2513,0
V000860,Infra Partners,B,20.595744680851062,0.7659574468085106,863573.51,47,634951.42,22,1,0,0.3824,0
V000861,Logis GmbH,D,19.651162790697676,0.7441860465116279,809539.83,43,241747.05,24,3,3,0.1518,0
V000862,Digital Ltd,B,28.885714285714286,0.8,256972.98,35,188274.89,22,1,1,0.4174,0
V000863,Delta BV,D,27.166666666666668,0.9047619047619048,308220.52999999997,42,391468.58999999997,21,3,1,0.3945,0
V000864,Tech Services,A,26.34285714285714,0.8571428571428571,383995.37,35,125565.73,17,0,1,0.2205,0
V000865,Inter Corp,C,18.846153846153847,0.6923076923076923,832885.37,39,150242.96,17,2,3,0.3359,0
V000866,Pharma Partners,B,20.61111111111111,0.75,302756.2,36,588139.9199999999,26,1,0,0.3154,0
V000867,Pro Services,B,24.717391304347824,0.782608695652174,456092.06,46,182871.91,22,1,1,0.0737,0
V000868,Eco Inc,B,25.84375,0.75,717144.86,32,344286.24,26,1,2,0.2284,0
V000869,Pharma Pvt Ltd,C,19.59259259259259,0.7592592592592593,774419.58,54,417653.27999999997,32,2,3,0.173,0
V000870,Prime Enterprises,A,19.844444444444445,0.8,1186235.3,45,330277.04000000004,18,0,2,0.3904,0
V000871,Inter Solutions,A,23.244444444444444,0.7555555555555555,815898.19,45,377002.0,29,0,2,0.1363,0
V000872,Pro Corp,B,24.142857142857142,0.7714285714285715,1009046.09,35,356020.79000000004,26,1,2,0.2125,0
V000873,Tech Enterprises,B,21.375,0.775,645305.23,40,692578.0700000001,29,1,0,0.2938,0
V000874,Alpha Associates,A,24.526315789473685,0.8421052631578947,362080.83,38,280201.33999999997,17,0,1,0.1076,0
V000875,Energy Solutions,A,20.209302325581394,0.6976744186046512,666562.6900000001,43,536607.1,30,0,3,0.3209,0
V000876,Tech Partners,C,19.53846153846154,0.6666666666666666,769394.32,39,137898.5,12,2,3,0.3602,0
V000877,Eco Pvt Ltd,A,20.5531914893617,0.7446808510638298,951998.86,47,134088.28,21,0,2,0.2704,0
V000878,Eco BV,B,21.324324324324323,0.7567567567567568,559288.02,37,321701.94,31,1,3,0.0614,0
V000879,Epsilon Services,B,26.83783783783784,0.8378378378378378,305589.72,37,533916.92,18,1,0,0.3114,0
V000880,Infra AG,B,18.916666666666668,0.8055555555555556,883804.59,36,618009.82,23,1,0,0.4411,0
V000881,Eco Corp,D,22.05263157894737,0.7368421052631579,733445.16,38,423332.98,17,3,3,0.1537,0
V000882,Agro Solutions,C,22.6,0.8222222222222222,829207.68,45,232407.77000000002,24,2,2,0.0991,0
V000883,Trans Pvt Ltd,A,22.5,0.7727272727272727,453164.45,44,292437.27,31,0,3,0.0352,0
V000884,Metal Corp,A,18.675,0.725,312679.83,40,182105.79,20,0,3,0.2303,0
V000885,Zeta Industries,C,19.29787234042553,0.6382978723404256,900711.81,47,490276.33999999997,21,2,3,0.5761,1
V000886,Sigma Inc,B,24.25531914893617,0.7872340425531915,674951.91,47,272420.12,25,1,1,0.0512,0
V000887,Trans Services,A,21.1,0.75,907649.45,40,297521.13,22,0,2,0.1695,0
V000888,Logis GmbH,B,20.16,0.78,562255.59,50,328173.22,24,1,3,0.0691,0
V000889,Inter Group,B,25.205882352941178,0.8529411764705882,1104877.63,34,391327.4,33,1,2,0.3518,0
V000890,Zeta Solutions,B,23.76086956521739,0.717391304347826,375683.26,46,515023.26999999996,31,1,0,0.2821,0
V000891,Global Enterprises,A,21.647058823529413,0.7941176470588235,305273.17,34,626438.39,17,0,0,0.2849,0
V000892,Energy Ltd,B,24.21875,0.8125,544857.64,32,186208.1,22,1,1,0.0229,0
V000893,Agro Services,C,28.05128205128205,0.9230769230769231,400516.57,39,237754.47,23,2,1,0.4203,0
V000894,Global Enterprises,A,22.88095238095238,0.7857142857142857,999613.76,42,731199.75,24,0,0,0.4718,0
V000895,Tech Pvt Ltd,B,24.4390243902439,0.8048780487804879,996526.13,41,153294.68,21,1,2,0.235,0
V000896,Epsilon Solutions,B,19.0,0.78125,650414.77,32,597516.35,26,1,0,0.2846,0
V000897,Alpha Solutions,A,23.644444444444446,0.7555555555555555,593226.62,45,216556.02,20,0,1,0.0759,0
V000898,Inter Enterprises,D,22.114285714285714,0.8,268366.71,35,152639.47,22,3,1,0.1789,0
V000899,Delta Group,B,25.175,0.825,377310.71,40,137046.85,21,1,1,0.1302,0
V000900,Delta Associates,B,22.142857142857142,0.8285714285714286,958685.0599999999,35,965898.97,23,1,0,0.6295,1
V000901,Logis GmbH,C,23.547619047619047,0.8809523809523809,1074919.94,42,386694.42,28,2,2,0.3671,0
V000902,Beta Pvt Ltd,A,28.857142857142858,0.8163265306122449,680668.47,49,402848.08,20,0,1,0.3302,0
V000903,Global Associates,A,18.86046511627907,0.7209302325581395,683352.77,43,245855.27,19,0,3,0.1551,0
V000904,Uni Industries,D,18.280701754385966,0.7719298245614035,527980.73,57,405208.45999999996,27,3,3,0.1519,0
V000905,Tech Enterprises,B,24.711111111111112,0.8,961013.9,45,306934.33,25,1,2,0.1679,0
V000906,Alpha BV,A,24.288888888888888,0.8666666666666667,588917.58,45,259780.39,27,0,1,0.0816,0
V000907,Sigma Services,A,24.41509433962264,0.7735849056603774,1074366.0,53,304749.78,18,0,2,0.2615,0
V000908,Beta Inc,A,20.803571428571427,0.75,1010455.17,56,488885.88999999996,20,0,2,0.3139,0
V000909,Delta Services,A,22.225806451612904,0.8387096774193549,405457.33,31,264117.55,26,0,1,0.0663,0
V000910,Net AG,B,17.35135135135135,0.7567567567567568,341779.69,37,356225.29,26,1,3,0.2424,0
V000911,Alpha BV,A,28.055555555555557,0.8333333333333334,432606.26,36,186095.30000000002,21,0,1,0.2034,0
V000912,Digital Partners,B,26.07894736842105,0.8157894736842105,512357.15,38,745709.9,35,1,0,0.3365,0
V000913,Agro Pvt Ltd,B,21.305555555555557,0.8055555555555556,549203.3099999999,36,306336.93,21,1,1,0.0273,0
V000914,Tech GmbH,A,19.35135135135135,0.7837837837837838,398186.05,37,373123.99,27,0,3,0.1418,0
V000915,Alpha Solutions,A,18.105263157894736,0.7631578947368421,528351.9,38,538693.01,20,0,0,0.2295,0
V000916,Global Partners,A,16.973684210526315,0.6052631578947368,464310.21,38,166364.36,20,0,3,0.5313,0
V000917,Gamma AG,D,25.659574468085108,0.8297872340425532,571294.26,47,424944.15,31,3,1,0.116,0
V000918,Delta GmbH,B,20.717391304347824,0.6956521739130435,692675.8200000001,46,110131.17,21,1,3,0.3135,0
V000919,Sigma Industries,C,18.0,0.7352941176470589,555026.41,34,159594.27,13,2,3,0.169,0
V000920,Epsilon Solutions,A,25.8,0.875,626200.0499999999,40,860915.36,21,0,0,0.4812,0
V000921,Inter Enterprises,C,22.076923076923077,0.717948717948718,744181.7899999999,39,232957.47,27,2,3,0.1784,0
V000922,Trans BV,A,21.24390243902439,0.7317073170731707,336618.94,41,336319.05,22,0,3,0.1629,0
V000923,Beta AG,C,24.27906976744186,0.813953488372093,532215.17,43,630615.92,21,2,0,0.1926,0
V000924,Pro BV,D,24.441176470588236,0.7941176470588235,268561.3,34,163846.04,13,3,1,0.204,0
V000925,Zeta Inc,B,24.0,0.8108108108108109,308251.99,37,131318.25,23,1,1,0.1634,0
V000926,Logis Ltd,C,26.105263157894736,0.8947368421052632,913650.71,38,1226664.1,30,2,0,0.8207,1
V000927,Logis Inc,C,22.609756097560975,0.7804878048780488,555056.1,41,282874.85000000003,13,2,1,0.0283,0
V000928,Zeta AG,C,25.813953488372093,0.8604651162790697,597362.66,43,525760.16,30,2,0,0.1967,0
V000929,Beta GmbH,A,20.89189189189189,0.7297297297297297,526221.45,37,147951.6,16,0,3,0.1193,0
V000930,Beta Pvt Ltd,B,25.244444444444444,0.9333333333333333,459431.79,45,353571.96,21,1,1,0.3505,0
V000931,Delta AG,A,20.906976744186046,0.8372093023255814,288162.13,43,817739.98,22,0,0,0.5318,0
V000932,Eco Enterprises,B,21.84090909090909,0.8181818181818182,370332.19,44,210261.66999999998,25,1,1,0.0635,0
V000933,Metal Enterprises,A,24.125,0.825,842764.15,40,163919.43,14,0,2,0.1204,0
V000934,Delta Services,B,25.64,0.84,578267.71,50,235497.13,32,1,1,0.0704,0
V000935,Pro Enterprises,C,22.236842105263158,0.868421052631579,344889.45,38,162399.12,19,2,1,0.2096,0
V000936,Epsilon GmbH,A,19.617021276595743,0.8297872340425532,1087114.73,47,350668.89999999997,20,0,2,0.357,0
V000937,Smart Industries,D,24.93877551020408,0.8163265306122449,712137.42,49,250426.8,25,3,1,0.0739,0
V000938,Alpha Services,A,18.526315789473685,0.7894736842105263,407332.99,38,220351.91999999998,22,0,3,0.1433,0
V000939,Logis Partners,A,18.533333333333335,0.6666666666666666,756148.01,45,232368.0,24,0,3,0.2958,0
V000940,Infra Group,A,17.341463414634145,0.7560975609756098,852423.36,41,208712.59,20,0,3,0.28,0
V000941,Gamma Associates,B,24.263157894736842,0.8421052631578947,399213.88,38,386570.06,30,1,1,0.1174,0
V000942,Beta Group,C,18.5,0.7391304347826086,753132.5,46,266651.94,25,2,3,0.1641,0
V000943,Gamma Inc,A,16.86111111111111,0.6666666666666666,268849.0,36,258982.84,21,0,3,0.3993,0
V000944,Prime Group,A,21.564102564102566,0.7948717948717948,825414.7000000001,39,317325.49,26,0,2,0.1108,0
V000945,Digital BV,C,21.790697674418606,0.813953488372093,362838.38,43,224359.1,21,2,1,0.0603,0
V000946,Gamma Associates,A,24.06122448979592,0.8571428571428571,1142441.24,49,333004.88,27,0,2,0.34,0
V000947,Beta Corp,B,20.902439024390244,0.7317073170731707,800425.58,41,178022.75,23,1,3,0.1726,0
V000948,Pro Associates,A,18.794871794871796,0.7948717948717948,596037.17,39,266900.61,26,0,3,0.1371,0
V000949,Global Services,B,19.30952380952381,0.7619047619047619,352607.55,42,91330.26,18,1,3,0.258,0
V000950,Zeta Enterprises,B,21.642857142857142,0.75,315335.85000000003,28,558674.84,23,1,0,0.2629,0
V000951,Infra Partners,B,20.310344827586206,0.7586206896551724,416629.92000000004,29,556173.83,31,1,0,0.1972,0
V000952,Alpha GmbH,A,26.78048780487805,0.8536585365853658,939192.63,41,107936.84,21,0,2,0.3522,0
V000953,Uni GmbH,B,18.444444444444443,0.7777777777777778,488440.51,45,274361.5,26,1,3,0.1153,0
V000954,Metal BV,A,15.6,0.6571428571428571,499151.57,35,294332.47000000003,23,0,3,0.3545,0
V000955,Energy Industries,B,20.0,0.8125,876324.4400000001,48,502657.41,25,1,2,0.3011,0
V000956,Uni Services,C,22.029411764705884,0.7941176470588235,993389.3300000001,34,569104.1699999999,21,2,2,0.3529,0
V000957,Metal Group,A,25.775,0.75,530608.08,40,206424.64,25,0,1,0.177,0
V000958,Alpha BV,A,28.45,0.875,587084.81,40,285910.56,35,0,1,0.2352,0
V000959,Pro Enterprises,A,21.170212765957448,0.7446808510638298,628806.78,47,326435.81,22,0,3,0.0906,0
V000960,Metal AG,B,23.435897435897434,0.7435897435897436,351331.69,39,298721.64,28,1,3,0.1308,0
V000961,Epsilon Inc,C,20.974358974358974,0.7692307692307693,572292.48,39,554082.91,32,2,0,0.1695,0
V000962,Pro GmbH,C,24.35185185185185,0.8703703703703703,747386.3099999999,54,242133.49,27,2,1,0.1238,0
V000963,Zeta Industries,A,23.914893617021278,0.7659574468085106,536975.1799999999,47,69872.0,14,0,1,0.2141,0
V000964,Beta Solutions,C,21.70731707317073,0.7317073170731707,697278.28,41,338860.65,26,2,3,0.1357,0
V000965,Gamma AG,A,21.735849056603772,0.7924528301886793,667055.51,53,140564.98,15,0,1,0.1072,0
V000966,Infra Associates,C,24.44736842105263,0.8421052631578947,380738.21,38,838146.01,30,2,0,0.4341,0
V000967,Pro Enterprises,B,27.264705882352942,0.8235294117647058,304077.17,34,325932.32,23,1,1,0.2351,0
V000968,Delta Services,B,20.416666666666668,0.7222222222222222,322489.26,36,95017.09,12,1,3,0.317,0
V000969,Net Inc,A,27.511111111111113,0.8888888888888888,521211.52,45,520490.43999999994,19,0,1,0.3058,0
V000970,Agro Services,D,19.46153846153846,0.7692307692307693,1006859.34,52,176602.67,21,3,2,0.2619,0
V000971,Metal AG,A,23.68,0.84,545184.37,50,535986.97,26,0,0,0.149,0
V000972,Uni Enterprises,B,27.43243243243243,0.8378378378378378,550033.24,37,243692.26,20,1,1,0.1266,0
V000973,Logis Pvt Ltd,D,21.06122448979592,0.7959183673469388,743248.46,49,85915.36,10,3,2,0.2263,0
V000974,Trans Associates,A,19.170731707317074,0.7073170731707317,696192.34,41,770562.95,23,0,0,0.5408,0
V000975,Beta BV,B,23.261904761904763,0.8333333333333334,627438.37,42,209769.57,17,1,1,0.0389,0
V000976,Tech BV,C,23.02127659574468,0.9148936170212766,637661.99,47,296901.66000000003,22,2,1,0.2871,0
V000977,Digital Industries,A,23.325,0.775,653864.89,40,260944.81,21,0,1,0.0388,0
V000978,Uni Pvt Ltd,A,23.132075471698112,0.8113207547169812,997433.87,53,208074.79,22,0,2,0.1734,0
V000979,Smart AG,D,21.48780487804878,0.6829268292682927,401240.11,41,605160.62,30,3,0,0.4175,0
V000980,Smart Inc,A,21.26,0.8,626009.3099999999,50,213514.21,25,0,1,0.0395,0
V000981,Global GmbH,A,27.26829268292683,0.9024390243902439,521079.52999999997,41,151253.39,19,0,1,0.3015,0
V000982,Global Enterprises,A,19.6046511627907,0.7906976744186046,390332.68,43,265899.82,24,0,3,0.1096,0
V000983,Net Solutions,A,23.974358974358974,0.7435897435897436,349578.08,39,268061.59,19,0,1,0.1424,0
V000984,Infra Inc,C,22.714285714285715,0.8333333333333334,414302.77999999997,42,510319.97000000003,24,2,0,0.1423,0
V000985,Net GmbH,C,23.377777777777776,0.8444444444444444,607342.09,45,113809.22,17,2,1,0.1412,0
V000986,Trans BV,B,22.756756756756758,0.8378378378378378,728409.0800000001,37,252532.96000000002,24,1,2,0.0734,0
V000987,Energy Corp,B,25.69047619047619,0.8571428571428571,464900.31,42,191127.21999999997,12,1,1,0.098,0
V000988,Eco Pvt Ltd,A,25.358974358974358,0.7435897435897436,327747.25,39,162318.22,11,0,1,0.2808,0
V000989,Digital Ltd,A,20.41304347826087,0.7391304347826086,760044.41,46,130412.01,13,0,3,0.196,0
V000990,Energy Pvt Ltd,A,20.658536585365855,0.6829268292682927,585296.62,41,308862.91000000003,26,0,3,0.2249,0
V000991,Delta AG,C,17.452380952380953,0.7619047619047619,500306.4,42,239984.27,23,2,3,0.1525,0
V000992,Tech Inc,B,23.6,0.8333333333333334,698198.63,30,284050.8,19,1,1,0.0653,0
V000993,Sigma Ltd,A,28.44736842105263,0.8947368421052632,519013.9,38,341286.42,22,0,1,0.3107,0
V000994,Metal Industries,A,19.886363636363637,0.7272727272727273,887439.35,44,300780.07,26,0,2,0.2164,0
V000995,Epsilon Associates,C,20.980392156862745,0.803921568627451,540023.46,51,312077.1,27,2,1,0.0408,0
V000996,Net AG,D,21.08888888888889,0.7555555555555555,528543.94,45,181714.61000000002,17,3,3,0.0673,0
V000997,Agro Group,A,27.533333333333335,0.9333333333333333,739716.2,45,318757.8,21,0,1,0.4444,0
V000998,Trans Solutions,C,25.307692307692307,0.7692307692307693,1443781.52,39,353337.91000000003,12,2,2,0.5261,0
V000999,Sigma Industries,C,25.238095238095237,0.7857142857142857,486366.16,42,137539.94,22,2,1,0.1165,0
V001000,Alpha Corp,A,21.583333333333332,0.7708333333333334,830387.44,48,416894.23,35,0,2,0.15,0
V001001,Trans Services,A,22.727272727272727,0.7954545454545454,963812.9600000001,44,235286.34,27,0,2,0.1427,0
V001002,Metal Services,A,28.973684210526315,0.7894736842105263,312940.04,38,339420.79,22,0,1,0.3772,0
V001003,Pharma Inc,C,24.636363636363637,0.8181818181818182,504690.38,44,381835.79,25,2,1,0.0701,0
V001004,Gamma Ltd,A,17.81578947368421,0.7368421052631579,645499.7000000001,38,321687.09,23,0,3,0.1411,0
V001005,Alpha Partners,D,23.43243243243243,0.7567567567567568,543618.19,37,231253.02000000002,26,3,1,0.0542,0
V001006,Pharma Services,B,19.18918918918919,0.7297297297297297,399946.59,37,360801.04000000004,24,1,3,0.168,0
V001007,Pharma Corp,B,23.074074074074073,0.8333333333333334,504715.79,54,196539.04,17,1,1,0.0423,0
V001008,Logis Enterprises,C,21.05128205128205,0.7692307692307693,634326.25,39,355805.94,22,2,3,0.0794,0
V001009,Tech Industries,C,23.84,0.68,239448.36,25,483053.82,19,2,3,0.5009,0
V001010,Smart Ltd,A,20.974358974358974,0.7692307692307693,302965.64,39,147656.3,19,0,3,0.1685,0
V001011,Pro Inc,B,26.333333333333332,0.7666666666666667,723663.91,30,638129.21,33,1,0,0.3746,0
V001012,Inter BV,C,19.22222222222222,0.8,437859.89,45,285689.06,17,2,3,0.108,0
V001013,Net Group,A,16.333333333333332,0.7037037037037037,360658.72000000003,27,131165.73,15,0,3,0.3729,0
V001014,Global BV,B,18.53191489361702,0.7021276595744681,501469.79,47,362441.8,25,1,3,0.2066,0
V001015,Global GmbH,D,23.048780487804876,0.7317073170731707,379867.51,41,220490.09,22,3,3,0.1261,0
V001016,Trans Ltd,A,23.666666666666668,0.8,518938.08,30,359770.69,23,0,1,0.0457,0
V001017,Logis Group,A,19.0,0.6938775510204082,432687.37,49,151136.94,18,0,3,0.2186,0
V001018,Smart Solutions,A,23.256410256410255,0.7948717948717948,462890.07999999996,39,311625.24,29,0,1,0.0133,0
V001019,Infra BV,C,24.029411764705884,0.8529411764705882,438071.63,34,888792.6699999999,16,2,0,0.4642,0
V001020,Alpha GmbH,C,25.342105263157894,0.7368421052631579,436809.60000000003,38,286264.54,27,2,1,0.1856,0
V001021,Uni Inc,A,21.5,0.7368421052631579,1053375.65,38,429542.29,32,0,2,0.2956,0
V001022,Trans Partners,B,21.770833333333332,0.75,1045129.4299999999,48,667614.99,28,1,0,0.496,0
V001023,Digital Pvt Ltd,A,16.59090909090909,0.6818181818181818,531820.65,44,92400.2,11,0,3,0.4172,0
V001024,Net Corp,A,22.08108108108108,0.7837837837837838,319907.05,37,566956.52,23,0,0,0.2115,0
V001025,Inter Solutions,C,26.142857142857142,0.7142857142857143,530060.1900000001,28,247042.27000000002,21,2,1,0.2796,0
V001026,Alpha BV,A,16.307692307692307,0.717948717948718,396470.69,39,581685.55,24,0,3,0.4027,0
V001027,Delta Enterprises,B,23.641025641025642,0.7948717948717948,562004.61,39,367118.74000000005,23,1,1,0.0547,0
V001028,Global BV,A,24.29268292682927,0.8292682926829268,1128210.16,41,197879.43,16,0,2,0.2963,0
V001029,Alpha Partners,A,24.476190476190474,0.8809523809523809,438272.75,42,198407.13,22,0,1,0.1462,0
V001030,Tech Corp,C,23.61764705882353,0.7941176470588235,325527.81,34,322750.41,28,2,1,0.1061,0
V001031,Uni AG,A,20.08823529411765,0.8235294117647058,342197.19,34,210519.63,19,0,1,0.1575,0
V001032,Digital Associates,A,24.58,0.86,784378.33,50,227943.82,19,0,2,0.122,0
V001033,Eco Corp,B,22.175,0.825,488824.33,40,266801.42,35,1,1,0.0336,0
V001034,Epsilon Solutions,C,25.923076923076923,0.8269230769230769,1072038.14,52,137334.72999999998,20,2,2,0.3623,0
V001035,Smart Solutions,B,23.083333333333332,0.7222222222222222,505211.0,36,230446.05,25,1,3,0.1223,0
V001036,Alpha Pvt Ltd,C,22.42105263157895,0.8421052631578947,516460.84,38,167850.39,22,2,1,0.0765,0
V001037,Energy Group,D,18.818181818181817,0.6363636363636364,313946.95,44,434777.24,21,3,3,0.4816,0
V001038,Eco Associates,B,20.976744186046513,0.813953488372093,615762.42,43,175697.24,20,1,1,0.0649,0
V001039,Metal Partners,B,18.75,0.8125,415655.47000000003,32,334026.94,24,1,3,0.188,0
V001040,Eco BV,C,22.404255319148938,0.7659574468085106,837897.63,47,324960.24,21,2,2,0.1223,0
V001041,Pro AG,A,27.128205128205128,0.7435897435897436,713141.84,39,337433.98,29,0,2,0.273,0
V001042,Smart Services,A,24.25,0.7884615384615384,833719.89,52,225371.54,26,0,2,0.1175,0
V001043,Sigma Enterprises,C,20.885714285714286,0.6857142857142857,371555.21,35,154246.41,16,2,3,0.283,0
V001044,Agro Industries,B,22.642857142857142,0.8571428571428571,734427.49,42,678011.29,23,1,0,0.3449,0
V001045,Prime Solutions,A,15.55,0.75,833698.32,40,208123.61,32,0,3,0.3443,0
V001046,Net BV,C,22.13888888888889,0.7222222222222222,245120.43,36,232385.5,25,2,3,0.2654,0
V001047,Smart Corp,A,25.36111111111111,0.8055555555555556,405725.95,36,182361.69,18,0,1,0.0839,0
V001048,Sigma Inc,A,26.323529411764707,0.7647058823529411,215477.97,34,1104132.75,24,0,0,0.8104,1
V001049,Zeta GmbH,D,25.38095238095238,0.7857142857142857,558553.12,42,474079.11,17,3,0,0.1423,0
V001050,Pharma Enterprises,A,18.923076923076923,0.7948717948717948,1045234.56,39,451950.77999999997,24,0,2,0.3814,0
V001051,Infra Enterprises,D,20.03846153846154,0.7692307692307693,341198.5,26,160384.45,20,3,3,0.1456,0
V001052,Sigma GmbH,B,23.96078431372549,0.8235294117647058,745781.4,51,220998.77,14,1,2,0.0644,0
V001053,Pro Industries,A,20.80851063829787,0.7446808510638298,274873.41,47,284811.21,24,0,3,0.185,0
V001054,Epsilon Services,A,24.135135135135137,0.8378378378378378,411249.69,37,419344.93,29,0,1,0.1121,0
V001055,Gamma Ltd,A,24.533333333333335,0.8444444444444444,522571.16,45,431110.77999999997,24,0,1,0.0976,0
V001056,Energy Ltd,B,20.6046511627907,0.7209302325581395,338093.76,43,808481.45,28,1,0,0.5212,0
V001057,Global Industries,A,23.914285714285715,0.8285714285714286,323119.17,35,120856.85,13,0,1,0.1916,0
V001058,Energy Services,A,17.071428571428573,0.7142857142857143,494153.77999999997,42,1345016.2,25,0,0,0.7862,1
V001059,Global Group,B,18.72340425531915,0.8297872340425532,968321.1900000001,47,168180.46,20,1,2,0.3345,0
V001060,Eco Solutions,A,22.615384615384617,0.8269230769230769,902134.66,52,62291.75,8,0,2,0.3415,0
V001061,Infra Associates,A,17.78048780487805,0.7073170731707317,720954.26,41,603298.29,23,0,0,0.4153,0
V001062,Uni Corp,B,21.375,0.875,751860.2,48,174408.47,19,1,2,0.2322,0
V001063,Global GmbH,A,13.166666666666666,0.6666666666666666,293174.95,42,523874.25,28,0,3,0.6634,1
V001064,Global Inc,D,18.054054054054053,0.7297297297297297,528605.8099999999,37,534057.58,20,3,3,0.2506,0
V001065,Trans Partners,D,16.155555555555555,0.6888888888888889,498750.42000000004,45,300413.42,21,3,3,0.2676,0
V001066,Pharma Services,A,26.25581395348837,0.8372093023255814,753378.72,43,213742.88,21,0,1,0.1388,0
V001067,Prime GmbH,C,15.620689655172415,0.6896551724137931,335943.32,29,608406.5800000001,31,2,3,0.5223,0
V001068,Net Services,D,25.818181818181817,0.7954545454545454,451904.96,44,421572.31,29,3,1,0.1271,0
V001069,Sigma Pvt Ltd,C,23.325,0.775,300099.16,40,210615.7,23,2,1,0.1341,0
V001070,Net Solutions,C,25.609756097560975,0.8292682926829268,625072.11,41,345796.8,25,2,1,0.0864,0
V001071,Trans Group,A,23.58695652173913,0.8478260869565217,342347.51,46,568638.61,30,0,0,0.2329,0
V001072,Eco Enterprises,D,22.166666666666668,0.8125,467893.52,48,233610.1,21,3,1,0.0164,0
V001073,Gamma Group,C,20.98148148148148,0.8148148148148148,587261.5800000001,54,462473.47,21,2,0,0.1344,0
V001074,Zeta Corp,C,20.81081081081081,0.7567567567567568,351231.26,37,339577.61,24,2,3,0.1318,0
V001075,Gamma BV,B,24.05128205128205,0.8717948717948718,553088.38,39,126125.43000000001,20,1,1,0.1759,0
V001076,Infra Group,B,21.8,0.7142857142857143,620942.93,35,274994.69,24,1,3,0.1459,0
V001077,Logis Pvt Ltd,A,14.317073170731707,0.6097560975609756,582086.59,41,330044.94,18,0,3,0.6165,1
V001078,Zeta Industries,A,21.510204081632654,0.6938775510204082,587945.17,49,263931.7,27,0,3,0.1844,0
V001079,Global GmbH,D,16.945945945945947,0.6756756756756757,554591.94,37,392932.99,28,3,3,0.2937,0
V001080,Agro Industries,A,12.03225806451613,0.6129032258064516,289103.85,31,128546.68999999999,17,0,3,0.7951,1
V001081,Uni Pvt Ltd,D,22.4,0.82,618116.62,50,60581.850000000006,11,3,1,0.2285,0
V001082,Pro Partners,B,20.666666666666668,0.7333333333333333,1026242.8400000001,45,272810.5,20,1,2,0.2516,0
V001083,Prime Services,D,25.458333333333332,0.8333333333333334,667538.95,48,202189.48,19,3,1,0.0944,0
V001084,Metal BV,A,20.892857142857142,0.6785714285714286,578912.3,28,607982.38,30,0,0,0.4243,0
V001085,Agro BV,D,23.541666666666668,0.7916666666666666,613723.03,24,143871.87,25,3,1,0.0755,0
V001086,Uni Partners,C,28.933333333333334,0.9111111111111111,613535.46,45,499265.87,26,2,1,0.4715,0
V001087,Beta Solutions,B,26.19607843137255,0.8823529411764706,493555.02999999997,51,302766.88999999996,12,1,1,0.1526,0
V001088,Gamma Group,B,15.547619047619047,0.6904761904761905,873029.83,42,442192.44,26,1,3,0.4721,0
V001089,Zeta Services,C,18.695652173913043,0.717391304347826,559219.8,46,88759.05,14,2,3,0.2923,0
V001090,Zeta Corp,B,23.790697674418606,0.8372093023255814,491095.14,43,269962.43,24,1,1,0.0421,0
V001091,Sigma Partners,A,21.555555555555557,0.8222222222222222,746372.29,45,403255.7,31,0,2,0.1259,0
V001092,Uni Enterprises,C,18.210526315789473,0.7105263157894737,464188.44,38,269102.57,22,2,3,0.1607,0
V001093,Alpha Solutions,A,17.333333333333332,0.7142857142857143,679896.62,42,272162.61,24,0,3,0.1976,0
V001094,Alpha BV,D,18.975609756097562,0.9024390243902439,359249.94,41,175703.30000000002,25,3,1,0.3813,0
V001095,Net Ltd,B,24.55263157894737,0.8421052631578947,735440.77,38,192344.12,17,1,1,0.0953,0
V001096,Pro GmbH,A,22.369565217391305,0.8478260869565217,942618.89,46,304247.79000000004,12,0,2,0.1948,0
V001097,Agro Ltd,A,23.18421052631579,0.8421052631578947,470732.32999999996,38,163806.85,23,0,1,0.0643,0
V001098,Gamma Enterprises,A,26.636363636363637,0.8181818181818182,446205.31,44,774275.69,26,0,0,0.3913,0
V001099,Tech Associates,A,28.511111111111113,0.8888888888888888,599556.55,45,212679.46,19,0,1,0.2935,0
V001100,Agro Enterprises,C,19.714285714285715,0.7142857142857143,519722.07,35,268469.52999999997,23,2,3,0.1224,0
V001101,Inter Pvt Ltd,B,24.895833333333332,0.8125,570793.45,48,249984.98,29,1,1,0.0406,0
V001102,Digital Industries,A,20.394736842105264,0.8421052631578947,436039.45,38,373197.95,29,0,1,0.1694,0
V001103,Prime Industries,A,26.236842105263158,0.8157894736842105,306410.86,38,241744.01,24,0,1,0.1723,0
V001104,Sigma Enterprises,B,28.027027027027028,0.8648648648648649,572279.05,37,318866.52,30,1,1,0.1935,0
V001105,Uni Associates,B,25.666666666666668,0.8787878787878788,447647.49,33,490979.35000000003,30,1,1,0.2192,0
V001106,Net AG,C,21.513513513513512,0.7297297297297297,412335.26,37,390150.39,27,2,3,0.1364,0
V001107,Pro Services,B,17.833333333333332,0.7,381622.67,30,195891.76,25,1,3,0.2431,0
V001108,Sigma Solutions,A,24.47222222222222,0.8611111111111112,826047.97,36,308366.28,23,0,2,0.1409,0
V001109,Sigma GmbH,C,22.612903225806452,0.7741935483870968,258216.55,31,177359.83,19,2,1,0.2062,0
V001110,Logis Ltd,A,22.970588235294116,0.7941176470588235,249744.18,34,106111.39,16,0,1,0.2888,0
V001111,Metal Corp,A,17.88372093023256,0.7209302325581395,1250381.8,43,401398.05,28,0,2,0.5224,0
V001112,Digital Industries,A,23.857142857142858,0.8333333333333334,634973.9400000001,42,135913.54,23,0,1,0.0972,0
V001113,Gamma Associates,A,18.704545454545453,0.7954545454545454,1012776.82,44,450873.82999999996,33,0,2,0.3748,0
V001114,Global BV,A,26.0,0.8076923076923077,496672.09,52,181642.12,19,0,1,0.0852,0
V001115,Trans Pvt Ltd,A,22.25,0.8055555555555556,335307.22000000003,36,360053.12,29,0,1,0.1067,0
V001116,Metal BV,A,27.13953488372093,0.7906976744186046,629590.71,43,140642.94,18,0,1,0.2056,0
V001117,Uni Industries,C,22.75,0.8181818181818182,506758.78,44,189233.49,21,2,1,0.0343,0
V001118,Logis Inc,A,15.772727272727273,0.6818181818181818,586999.08,44,624814.63,30,0,3,0.4805,0
V001119,Trans Solutions,C,31.13157894736842,0.8947368421052632,226349.98,38,340211.62,20,2,1,0.6474,1
V001120,Infra Enterprises,A,16.857142857142858,0.7380952380952381,439222.3,42,153379.61000000002,26,0,3,0.2399,0
V001121,Inter Ltd,A,22.0625,0.8333333333333334,904833.78,48,969706.3099999999,24,0,0,0.6229,1
V001122,Uni Partners,C,26.0,0.8409090909090909,516301.8,44,1073831.97,25,2,0,0.6204,1
V001123,Logis Inc,A,25.341463414634145,0.8292682926829268,484260.42,41,203541.29,20,0,1,0.0642,0
V001124,Net Services,A,22.29032258064516,0.7419354838709677,331060.61,31,209337.49,24,0,3,0.132,0
V001125,Net BV,A,19.77777777777778,0.8,640442.13,45,174721.01,22,0,3,0.1049,0
V001126,Digital BV,B,18.6046511627907,0.7441860465116279,336381.88,43,512159.69,35,1,3,0.2635,0
V001127,Sigma Pvt Ltd,A,19.2972972972973,0.8108108108108109,295996.0,37,446130.58999999997,25,0,0,0.2734,0
V001128,Net Ltd,A,22.974358974358974,0.8461538461538461,314215.54000000004,39,263407.4,22,0,1,0.1391,0
V001129,Uni Ltd,A,22.632653061224488,0.7755102040816326,934359.4299999999,49,546337.6,21,0,2,0.2886,0
V001130,Eco GmbH,C,20.22222222222222,0.8,401380.26,45,157516.21,16,2,3,0.1102,0
V001131,Beta Corp,D,24.791666666666668,0.8333333333333334,736398.18,48,169779.79,23,3,1,0.0924,0
V001132,Metal Associates,B,28.692307692307693,0.8974358974358975,983870.39,39,482719.06,31,1,2,0.5708,1
V001133,Inter BV,A,24.523809523809526,0.7619047619047619,229799.81,21,171557.33000000002,23,0,1,0.3069,0
V001134,Net Services,C,19.607142857142858,0.75,208305.62,28,164387.68,23,2,3,0.3143,0
V001135,Infra Pvt Ltd,C,20.083333333333332,0.7708333333333334,478815.07,48,317581.67,28,2,3,0.0678,0
V001136,Uni Services,C,21.857142857142858,0.7857142857142857,1269008.33,56,341432.83,26,2,2,0.387,0
V001137,Pro Pvt Ltd,C,17.902439024390244,0.7560975609756098,607152.59,41,401413.87,19,2,3,0.1612,0
V001138,Net BV,C,26.642857142857142,0.8571428571428571,544026.68,42,178636.44,22,2,1,0.1195,0
V001139,Gamma Inc,B,21.689655172413794,0.8275862068965517,224794.9,29,330039.31,19,1,1,0.2736,0
V001140,Prime GmbH,D,20.842105263157894,0.7894736842105263,369037.05,38,296958.76,25,3,3,0.0843,0
V001141,Zeta AG,C,23.846153846153847,0.7948717948717948,354747.01,39,152059.6,17,2,1,0.1021,0
V001142,Inter Ltd,B,31.07894736842105,0.9210526315789473,834857.87,38,433874.24,20,1,1,0.6913,1
V001143,Gamma Enterprises,A,22.886363636363637,0.8409090909090909,824677.28,44,233260.77,35,0,2,0.1269,0
V001144,Global Corp,C,19.674418604651162,0.6976744186046512,861339.29,43,648397.57,27,2,0,0.5032,0
V001145,Infra Ltd,C,19.037037037037038,0.8333333333333334,597181.05,54,348408.1,17,2,3,0.188,0
V001146,Smart GmbH,A,18.23076923076923,0.717948717948718,491446.73,39,200938.43,20,0,3,0.1508,0
V001147,Digital Enterprises,B,20.59259259259259,0.7777777777777778,327904.04,27,596348.09,22,1,0,0.2842,0
V001148,Epsilon Services,A,23.1,0.775,679192.1,40,249804.23,17,0,2,0.0594,0
V001149,Epsilon Partners,C,21.085714285714285,0.8,638714.18,35,178365.86,23,2,3,0.0665,0
V001150,Global Services,B,18.568181818181817,0.6818181818181818,673320.91,44,342649.08999999997,24,1,3,0.258,0
V001151,Beta Associates,A,18.05128205128205,0.717948717948718,257964.61,39,238487.98,27,0,3,0.2651,0
V001152,Zeta Services,B,18.5,0.7142857142857143,800087.63,42,738449.6699999999,23,1,0,0.5463,0
V001153,Agro BV,A,24.29268292682927,0.7804878048780488,777952.34,41,772362.05,32,0,0,0.4149,0
V001154,Tech Partners,B,22.58823529411765,0.7450980392156863,1003817.16,51,285664.09,17,1,2,0.2216,0
V001155,Beta Services,A,19.789473684210527,0.6842105263157895,284338.09,38,159690.68,23,0,3,0.327,0
V001156,Trans Pvt Ltd,A,18.142857142857142,0.8,360526.08999999997,35,119619.4,11,0,3,0.2736,0
V001157,Infra Partners,D,23.906976744186046,0.8372093023255814,392247.19,43,370566.33,21,3,1,0.1115,0
V001158,Beta Corp,A,22.45945945945946,0.7297297297297297,310226.31,37,370835.39999999997,20,0,3,0.2248,0
V001159,Eco BV,C,23.0,0.8157894736842105,614401.08,38,358826.75,25,2,1,0.046,0
V001160,Metal Inc,B,19.489795918367346,0.7755102040816326,738639.82,49,517957.48,23,1,0,0.2456,0
V001161,Energy Services,B,20.463414634146343,0.7560975609756098,525009.03,41,264488.94,25,1,3,0.0541,0
V001162,Delta Corp,B,26.305555555555557,0.8333333333333334,524795.18,36,351948.54,24,1,1,0.1098,0
V001163,Eco Pvt Ltd,A,20.57777777777778,0.7333333333333333,447460.3,45,177607.72999999998,18,0,3,0.1089,0
V001164,Tech Industries,B,20.976190476190474,0.7857142857142857,1567018.66,42,172879.01,18,1,2,0.5445,0
V001165,Pharma Group,C,16.195652173913043,0.6956521739130435,691351.64,46,156459.57,20,2,3,0.3392,0
V001166,Trans Services,B,24.694444444444443,0.8055555555555556,268460.41,36,161357.18,26,1,1,0.2005,0
V001167,Alpha Group,B,24.075,0.675,718756.13,40,223518.85,24,1,3,0.338,0
V001168,Gamma Group,C,21.857142857142858,0.8571428571428571,587213.18,49,112438.98,16,2,1,0.1885,0
V001169,Smart Ltd,C,26.428571428571427,0.8571428571428571,1001927.7,42,353291.3,26,2,2,0.3005,0
V001170,Tech Enterprises,A,20.88235294117647,0.8235294117647058,373553.13,34,319598.76,25,0,1,0.1132,0
V001171,Smart Group,A,22.093023255813954,0.813953488372093,498998.05,43,312509.03,32,0,1,0.0222,0
V001172,Tech Services,C,21.34090909090909,0.7727272727272727,634769.55,44,317526.19,21,2,3,0.0565,0
V001173,Epsilon Partners,A,23.333333333333332,0.8333333333333334,747195.81,48,458377.37,16,0,2,0.1496,0
V001174,Pharma Pvt Ltd,B,24.763157894736842,0.8157894736842105,449563.87,38,361439.55,31,1,1,0.075,0
V001175,Uni Partners,B,27.14,0.86,493960.63,50,166306.35,20,1,1,0.1641,0
V001176,Pro Ltd,A,20.3,0.85,612722.1799999999,40,370617.39,24,0,1,0.1959,0
V001177,Gamma Inc,D,21.842105263157894,0.8421052631578947,271699.65,38,311961.57,24,3,1,0.2127,0
V001178,Infra AG,A,23.54054054054054,0.7567567567567568,403763.46,37,888683.46,31,0,0,0.4593,0
V001179,Pharma Corp,C,26.23076923076923,0.8974358974358975,363975.83999999997,39,494564.35,20,2,1,0.3581,0
V001180,Digital AG,B,22.40625,0.6875,663372.83,32,168563.26,19,1,3,0.2777,0
V001181,Zeta AG,B,24.361702127659573,0.8085106382978723,760010.35,47,288412.79,29,1,2,0.0785,0
V001182,Metal Industries,B,25.5,0.782608695652174,996639.56,46,279231.38,31,1,2,0.2499,0
V001183,Pharma Industries,A,25.9375,0.8541666666666666,677171.16,48,155577.93,22,0,1,0.1462,0
V001184,Trans Pvt Ltd,B,23.13888888888889,0.7777777777777778,731679.17,36,389573.5,29,1,2,0.089,0
V001185,Trans Services,A,26.79245283018868,0.8490566037735849,516108.82,53,136320.13999999998,18,0,1,0.1539,0
V001186,Uni Corp,A,29.27027027027027,0.918918918918919,270662.87,37,728556.36,25,0,0,0.7322,1
V001187,Smart Pvt Ltd,D,24.393939393939394,0.7272727272727273,453096.94,33,164037.13999999998,21,3,3,0.1778,0
V001188,Metal Group,C,20.68421052631579,0.8157894736842105,378454.45999999996,38,588932.48,17,2,0,0.258,0
V001189,Sigma Services,A,16.515151515151516,0.7575757575757576,558629.1,33,247222.73,24,0,3,0.2008,0
V001190,Net Enterprises,C,26.95,0.8,393241.95,40,56572.49,12,2,1,0.3344,0
V001191,Inter Associates,A,19.02,0.68,1013471.06,50,318705.37,29,0,2,0.396,0
V001192,Infra Solutions,A,22.77358490566038,0.8113207547169812,716430.91,53,205184.9,25,0,2,0.0453,0
V001193,Smart Services,C,21.068181818181817,0.7045454545454546,321978.23,44,180368.01,20,2,3,0.2412,0
V001194,Alpha Partners,A,22.31111111111111,0.8222222222222222,413977.54,45,247342.7,25,0,1,0.035,0
V001195,Pro Services,A,24.166666666666668,0.8095238095238095,255539.15,42,415148.68,23,0,1,0.2238,0
V001196,Delta Solutions,D,25.653846153846153,0.8461538461538461,253407.04,26,690232.34,14,3,0,0.4452,0
V001197,Metal GmbH,C,20.653061224489797,0.7959183673469388,424784.35,49,347189.77999999997,21,2,3,0.0932,0
V001198,Inter Inc,B,27.705882352941178,0.7941176470588235,344612.28,34,435768.08,19,1,1,0.2989,0
V001199,Global Corp,A,27.233333333333334,0.8333333333333334,1105048.84,30,156791.37,20,0,2,0.4189,0
V001200,Alpha AG,C,19.842105263157894,0.7631578947368421,494158.56,38,577292.75,27,2,0,0.2113,0
V001201,Pharma BV,C,22.607142857142858,0.8214285714285714,272916.21,28,302602.77999999997,20,2,1,0.173,0
V001202,Delta BV,B,25.923076923076923,0.8205128205128205,441156.94999999995,39,495695.73,26,1,0,0.1579,0
V001203,Net Partners,B,20.634146341463413,0.8048780487804879,677284.93,41,150064.72,23,1,3,0.1126,0
V001204,Epsilon AG,D,24.641025641025642,0.8461538461538461,698046.25,39,282412.06,20,3,1,0.0804,0
V001205,Pro Partners,B,23.785714285714285,0.8333333333333334,464429.53,42,199316.86,21,1,1,0.0348,0
V001206,Pro Ltd,A,18.88679245283019,0.7169811320754716,424679.92,53,238829.04,30,0,3,0.1353,0
V001207,Inter Services,A,25.365853658536587,0.8048780487804879,470996.45,41,476119.31,28,0,0,0.1281,0
V001208,Eco Enterprises,A,21.675675675675677,0.8108108108108109,307018.71,37,137549.1,18,0,1,0.1554,0
V001209,Epsilon BV,C,21.63888888888889,0.7777777777777778,366458.73,36,215986.87,21,2,3,0.0659,0
V001210,Trans Enterprises,A,20.575,0.825,473184.21,40,150914.32,21,0,1,0.1181,0
V001211,Uni Solutions,B,17.0,0.7142857142857143,415115.75,42,154558.37,20,1,3,0.2615,0
V001212,Agro Solutions,B,23.46153846153846,0.8205128205128205,418169.39,39,870210.04,28,1,0,0.4292,0
V001213,Global Industries,D,30.525,0.875,849152.38,40,274523.34,26,3,1,0.5031,0
V001214,Delta Enterprises,B,25.659574468085108,0.7872340425531915,1193351.26,47,314350.35,20,1,2,0.3901,0
V001215,Digital Industries,B,15.147058823529411,0.7058823529411765,565115.03,34,143741.43,23,1,3,0.3599,0
V001216,Uni Partners,A,19.642857142857142,0.7142857142857143,572821.92,42,194829.04,18,0,3,0.1283,0
V001217,Delta Corp,C,17.857142857142858,0.7142857142857143,452659.99,42,171216.3,20,2,3,0.1883,0
V001218,Net Ltd,C,17.09090909090909,0.6666666666666666,517598.54000000004,33,157413.68,24,2,3,0.3265,0
V001219,Infra Pvt Ltd,B,15.783783783783784,0.6216216216216216,671649.63,37,424274.7,22,1,3,0.5503,1
V001220,Alpha Ltd,B,20.42105263157895,0.6842105263157895,446413.14,38,241840.91,23,1,3,0.2092,0
V001221,Net Services,D,22.264705882352942,0.7647058823529411,320945.49,34,165477.59,17,3,3,0.129,0
V001222,Pharma Group,A,20.195121951219512,0.7560975609756098,344916.68,41,176561.77,16,0,3,0.1463,0
V001223,Eco GmbH,C,26.42,0.76,627608.04,50,209367.51,17,2,1,0.1987,0
V001224,Global Inc,C,13.047619047619047,0.6904761904761905,756853.91,42,704880.39,22,2,3,0.7074,1
V001225,Smart GmbH,C,22.56756756756757,0.7567567567567568,915889.19,37,157173.61000000002,28,2,2,0.1997,0
V001226,Sigma Group,A,13.69047619047619,0.6904761904761905,367044.99,42,468431.02,28,0,3,0.5574,1
V001227,Global Partners,C,26.06451612903226,0.8709677419354839,450885.83,31,343070.18,27,2,1,0.1542,0
V001228,Infra GmbH,A,21.083333333333332,0.8333333333333334,390707.82,36,383298.37,24,0,1,0.1668,0
V001229,Delta Partners,A,25.147058823529413,0.8529411764705882,407353.38,34,289008.12,24,0,1,0.0932,0
V001230,Agro Inc,B,19.205128205128204,0.717948717948718,464660.61,39,131269.37,19,1,3,0.1824,0
V001231,Infra Ltd,A,15.666666666666666,0.7,239161.09,30,105170.6,16,0,3,0.5694,1
V001232,Eco Pvt Ltd,A,22.28205128205128,0.6923076923076923,610953.45,39,314698.56,23,0,3,0.2185,0
V001233,Pharma Enterprises,B,23.78048780487805,0.7804878048780488,537236.03,41,308482.78,21,1,1,0.0346,0
V001234,Delta Partners,A,22.229166666666668,0.8125,890514.9500000001,48,276959.41000000003,27,0,2,0.1142,0
V001235,Delta Services,C,28.76086956521739,0.8695652173913043,567200.42,46,229500.19,23,2,1,0.2867,0
V001236,Epsilon Enterprises,A,23.789473684210527,0.8947368421052632,361773.84,38,727259.17,26,0,0,0.4992,0
V001237,Sigma Ltd,A,16.093023255813954,0.6976744186046512,654707.52,43,294372.54,33,0,3,0.261,0
V001238,Prime Solutions,B,23.61904761904762,0.7619047619047619,712578.6,42,311160.88,23,1,2,0.083,0
V001239,Smart Inc,A,25.904761904761905,0.9047619047619048,674665.65,42,301210.82,24,0,1,0.2451,0
V001240,Logis BV,B,21.136363636363637,0.8181818181818182,456170.58,44,243962.77000000002,21,1,1,0.0589,0
V001241,Metal Ltd,B,23.75,0.78125,447035.69,32,328699.44,21,1,1,0.0474,0
V001242,Delta AG,B,20.8,0.7777777777777778,386352.57,45,171369.68,18,1,3,0.0805,0
V001243,Agro Industries,A,17.88235294117647,0.6666666666666666,1109496.3800000001,51,151409.74,20,0,2,0.5515,1
V001244,Delta Inc,D,22.789473684210527,0.7894736842105263,247277.54,38,162821.03,26,3,1,0.2256,0
V001245,Uni Ltd,C,25.390243902439025,0.8780487804878049,618303.08,41,983204.25,34,2,0,0.5934,1
V001246,Eco BV,C,24.533333333333335,0.7555555555555555,954952.09,45,502421.23,28,2,2,0.3066,0
V001247,Infra AG,B,19.181818181818183,0.7818181818181819,597180.31,55,361861.37,15,1,3,0.116,0
V001248,Pharma BV,B,26.761904761904763,0.8809523809523809,805261.9500000001,42,497239.85,17,1,2,0.3028,0
V001249,Gamma Industries,B,22.891304347826086,0.782608695652174,580808.14,46,282501.31,29,1,1,0.0276,0
V001250,Infra Solutions,A,21.48,0.72,1050610.38,50,440194.25999999995,27,0,2,0.3461,0
V001251,Infra AG,A,24.175,0.775,293062.89,40,1276642.16,29,0,0,0.7425,1
V001252,Prime GmbH,D,25.02127659574468,0.8297872340425532,709272.81,47,266855.72000000003,25,3,1,0.0825,0
V001253,Trans BV,A,22.795454545454547,0.7954545454545454,399362.81,44,442086.03,22,0,0,0.0916,0
V001254,Alpha Ltd,B,24.441176470588236,0.8529411764705882,555249.78,34,701218.51,24,1,0,0.3149,0
V001255,Zeta Pvt Ltd,B,16.511111111111113,0.7555555555555555,646123.28,45,132965.31,21,1,3,0.2963,0
V001256,Energy Associates,C,22.83783783783784,0.8378378378378378,360852.67,37,279003.45,28,2,1,0.0946,0
V001257,Pro Associates,B,28.65714285714286,0.8571428571428571,722351.42,35,282826.66,26,1,1,0.2765,0
V001258,Trans Services,A,20.31578947368421,0.7368421052631579,389143.91000000003,38,210739.76,23,0,3,0.116,0
V001259,Gamma Group,C,24.45,0.8,687189.97,40,165261.30000000002,16,2,1,0.0897,0
V001260,Prime BV,C,24.763157894736842,0.7631578947368421,353633.33,38,410184.69,22,2,1,0.1765,0
V001261,Metal AG,A,28.392857142857142,0.8928571428571429,235892.72999999998,28,391724.21,20,0,1,0.4815,0
V001262,Sigma Inc,B,26.88095238095238,0.7619047619047619,633132.95,42,678062.32,25,1,0,0.3928,0
V001263,Zeta Group,A,11.333333333333334,0.5,311855.42,30,188692.02,11,0,3,0.8426,1
V001264,Uni Solutions,A,21.857142857142858,0.8285714285714286,440681.99,35,285758.10000000003,21,0,1,0.0526,0
V001265,Beta AG,A,23.822222222222223,0.7777777777777778,446848.74,45,164719.25,18,0,1,0.0598,0
V001266,Agro Associates,A,20.05,0.825,1141155.88,40,177457.44,24,0,2,0.3691,0
V001267,Delta Group,A,22.163265306122447,0.7755102040816326,629252.12,49,624205.08,33,0,0,0.2172,0
V001268,Tech Ltd,C,23.22222222222222,0.7777777777777778,483789.28,45,114687.23,17,2,1,0.1089,0
V001269,Inter Enterprises,C,22.977272727272727,0.8636363636363636,534872.77,44,122078.27,17,2,1,0.1482,0
V001270,Agro Pvt Ltd,B,26.0,0.8108108108108109,492504.54000000004,37,206756.9,20,1,1,0.074,0
V001271,Prime GmbH,C,19.783783783783782,0.7567567567567568,492926.8,37,200079.6,26,2,3,0.0793,0
V001272,Tech Group,B,27.864406779661017,0.8813559322033898,633747.53,59,294945.7,18,1,1,0.2133,0
V001273,Tech Ltd,A,16.666666666666668,0.7380952380952381,340766.55,42,334397.4,25,0,3,0.2719,0
V001274,Global Pvt Ltd,A,22.27027027027027,0.7297297297297297,486012.38999999996,37,179172.58000000002,20,0,3,0.1052,0
V001275,Beta AG,B,26.270833333333332,0.875,466530.44,48,158241.23,17,1,1,0.1777,0
V001276,Pro AG,A,22.8125,0.8125,557379.2000000001,48,101612.61,18,0,1,0.1194,0
V001277,Pro Enterprises,A,17.155555555555555,0.7111111111111111,474689.79,45,431926.27,27,0,3,0.2464,0
V001278,Pharma Ltd,B,26.756756756756758,0.8648648648648649,942138.9,37,315995.7,16,1,2,0.2558,0
V001279,Infra Pvt Ltd,A,14.820512820512821,0.6666666666666666,556476.0499999999,39,530999.49,24,0,3,0.5286,0
V001280,Pharma Associates,C,15.023809523809524,0.6428571428571429,1008912.3300000001,42,230175.82,27,2,3,0.6362,1
V001281,Sigma Partners,B,22.054054054054053,0.8108108108108109,621048.59,37,419676.66000000003,29,1,0,0.0723,0
V001282,Epsilon Enterprises,A,23.0,0.813953488372093,1192879.43,43,223333.63999999998,22,0,2,0.3206,0
V001283,Metal GmbH,A,23.838709677419356,0.8064516129032258,300850.68,31,448948.57,29,0,1,0.1682,0
V001284,Gamma Ltd,A,31.2,0.9142857142857143,650211.74,35,385077.42000000004,23,0,1,0.5952,1
V001285,Inter Inc,B,23.653846153846153,0.8846153846153846,517538.12,52,176377.35,20,1,1,0.1782,0
V001286,Sigma AG,A,19.695652173913043,0.782608695652174,461630.92,46,752471.77,26,0,0,0.3746,0
V001287,Trans Industries,A,18.923076923076923,0.7435897435897436,562966.04,39,333226.33,16,0,3,0.1042,0
V001288,Pro Ltd,C,28.157894736842106,0.8421052631578947,739905.25,38,279192.01,20,2,1,0.2312,0
V001289,Agro Corp,A,24.026315789473685,0.8157894736842105,715834.4199999999,38,817244.38,22,0,0,0.3967,0
V001290,Epsilon Enterprises,B,21.822222222222223,0.7777777777777778,399521.72,45,141856.59,20,1,3,0.0875,0
V001291,Logis Partners,B,14.906976744186046,0.7441860465116279,519858.43,43,336817.7,32,1,3,0.3507,0
V001292,Inter Industries,A,24.952380952380953,0.8095238095238095,458565.31,42,285175.39,18,0,1,0.0479,0
V001293,Trans Pvt Ltd,B,26.613636363636363,0.8181818181818182,456854.96,44,274001.37,26,1,1,0.0985,0
V001294,Digital Associates,A,24.10909090909091,0.8,822434.52,55,139387.57,16,0,2,0.1531,0
V001295,Pro Ltd,B,19.125,0.75,296664.57,40,778680.41,24,1,0,0.5044,0
V001296,Delta Corp,C,23.46,0.82,800247.99,50,224159.88,16,2,2,0.0874,0
V001297,Metal Partners,A,22.666666666666668,0.8666666666666667,716857.72,30,309639.51,17,0,1,0.1359,0
V001298,Inter Inc,A,18.4375,0.75,462678.68,32,213590.22999999998,20,0,3,0.1232,0
V001299,Delta AG,A,26.488372093023255,0.813953488372093,882152.6799999999,43,242015.47,28,0,2,0.2013,0
V001300,Digital Inc,A,23.666666666666668,0.7619047619047619,372143.15,42,295364.4,26,0,1,0.0824,0
V001301,Logis Solutions,A,26.394736842105264,0.8947368421052632,359735.01,38,203051.35,18,0,1,0.2531,0
V001302,Logis GmbH,C,28.15909090909091,0.9318181818181818,282688.19,44,859171.59,25,2,0,0.7821,1
V001303,Logis Ltd,A,22.943396226415093,0.8867924528301887,1042479.64,53,181990.36000000002,22,0,2,0.3672,0
V001304,Prime Corp,C,24.19148936170213,0.8297872340425532,578749.3099999999,47,503843.25,33,2,0,0.1367,0
V001305,Smart Ltd,A,24.73469387755102,0.8367346938775511,1298088.63,49,252799.32,22,0,2,0.433,0
V001306,Epsilon Solutions,B,20.761904761904763,0.8095238095238095,483621.24,42,177871.8,19,1,1,0.0572,0
V001307,Energy Enterprises,A,23.4,0.8333333333333334,591501.1,30,264664.48,18,0,1,0.0336,0
V001308,Prime Partners,A,24.08823529411765,0.7352941176470589,326973.94,34,181725.28,22,0,3,0.2208,0
V001309,Gamma Ltd,B,24.416666666666668,0.7916666666666666,860606.38,48,739858.47,23,1,0,0.4298,0
V001310,Delta Ltd,C,21.405405405405407,0.7027027027027027,470598.62,37,216151.0,21,2,3,0.1645,0
V001311,Pharma Corp,B,27.513513513513512,0.918918918918919,554187.89,37,295313.47,21,1,1,0.3289,0
V001312,Inter BV,B,25.6046511627907,0.8837209302325582,301417.06,43,394092.41,14,1,1,0.3063,0
V001313,Zeta Enterprises,A,21.918367346938776,0.7551020408163265,645301.1,49,207111.22,18,0,3,0.0627,0
V001314,Pro Group,A,21.974358974358974,0.7948717948717948,399432.06,39,194084.54,19,0,1,0.0416,0
V001315,Alpha Group,C,14.0625,0.59375,268067.13,32,280624.09,28,2,3,0.7577,1
V001316,Epsilon GmbH,D,19.428571428571427,0.6904761904761905,630382.24,42,381775.1,22,3,3,0.2331,0
V001317,Infra Partners,B,21.763157894736842,0.8157894736842105,498827.03,38,114401.70999999999,17,1,1,0.1137,0
V001318,Sigma Inc,B,20.693877551020407,0.7551020408163265,584372.69,49,277202.05,21,1,3,0.0576,0
V001319,Zeta Associates,D,24.36842105263158,0.8421052631578947,326387.51,38,150288.97,22,3,1,0.1655,0
V001320,Agro Industries,A,17.13157894736842,0.7368421052631579,436421.62,38,177714.94,24,0,3,0.208,0
V001321,Energy Ltd,C,25.431818181818183,0.8181818181818182,537477.54,44,265140.12,19,2,1,0.0482,0
V001322,Infra BV,C,25.466666666666665,0.8666666666666667,558639.71,45,210918.56,22,2,1,0.0984,0
V001323,Sigma Enterprises,B,25.525,0.85,1299015.03,40,493750.52,28,1,2,0.5648,1
V001324,Trans AG,C,24.88888888888889,0.8333333333333334,835585.0700000001,36,267782.63,22,2,2,0.1258,0
V001325,Sigma Group,C,20.263157894736842,0.7894736842105263,741050.0599999999,38,382017.79,28,2,2,0.1322,0
V001326,Inter Associates,A,23.951219512195124,0.8048780487804879,406150.04000000004,41,273162.06,20,0,1,0.0306,0
V001327,Beta Inc,A,25.837209302325583,0.8372093023255814,722234.82,43,215864.28,28,0,1,0.1181,0
V001328,Eco Solutions,C,21.571428571428573,0.7619047619047619,396292.44,42,487425.18,23,2,0,0.1416,0
V001329,Beta Group,C,17.869565217391305,0.717391304347826,475950.4,46,283932.8,21,2,3,0.1434,0
V001330,Logis Partners,B,16.923076923076923,0.6666666666666666,657957.23,39,299060.79,18,1,3,0.2881,0
V001331,Pro Solutions,C,23.391304347826086,0.7391304347826086,591644.15,46,293884.31,25,2,3,0.091,0
V001332,Delta Solutions,C,23.977272727272727,0.7954545454545454,430923.24,44,491678.93,23,2,0,0.1055,0
V001333,Prime Ltd,B,25.902439024390244,0.8292682926829268,703335.82,41,505501.01,25,1,0,0.203,0
V001334,Beta Corp,D,18.767441860465116,0.7441860465116279,325447.92,43,416780.32,27,3,3,0.2318,0
V001335,Global Partners,B,24.74418604651163,0.9069767441860465,304743.84,43,231923.87000000002,19,1,1,0.3064,0
V001336,Eco Services,C,27.454545454545453,0.9090909090909091,358559.73,33,132193.68,21,2,1,0.4143,0
V001337,Eco Pvt Ltd,C,13.925,0.625,372153.6,40,207325.31,24,2,3,0.6566,1
V001338,Tech Partners,B,14.404761904761905,0.6666666666666666,476583.89,42,192417.84,18,1,3,0.4729,0
V001339,Metal Solutions,C,21.97222222222222,0.8055555555555556,751182.28,36,254979.88,30,2,2,0.0615,0
V001340,Agro GmbH,D,17.7027027027027,0.7027027027027027,361022.42,37,176094.51,17,3,3,0.261,0
V001341,Uni Ltd,D,25.17142857142857,0.7714285714285715,528260.86,35,109835.42,26,3,1,0.1806,0
V001342,Digital GmbH,A,20.5,0.7708333333333334,559667.88,48,256089.61,26,0,3,0.0384,0
V001343,Eco Enterprises,B,28.609756097560975,0.926829268292683,374651.89,41,888538.95,24,1,0,0.7718,1
V001344,Zeta Inc,D,19.390243902439025,0.7317073170731707,976437.41,41,339266.55,26,3,2,0.2481,0
V001345,Gamma AG,B,16.77777777777778,0.6851851851851852,855428.83,54,693347.43,31,1,0,0.6141,1
V001346,Energy Inc,C,25.7,0.75,414208.66,40,281326.82,31,2,1,0.182,0
V001347,Pharma Ltd,C,22.42105263157895,0.7894736842105263,563217.11,38,179195.03,19,2,1,0.0322,0
V001348,Uni GmbH,B,27.18918918918919,0.8648648648648649,267360.45,37,627491.07,28,1,0,0.4488,0
V001349,Gamma Group,A,25.0,0.775,988811.3300000001,40,358762.04,20,0,2,0.2463,0
V001350,Prime Partners,B,21.487179487179485,0.8205128205128205,505564.19,39,183120.07,25,1,1,0.0569,0
V001351,Uni Inc,B,11.527777777777779,0.6111111111111112,583355.72,36,459830.77999999997,23,1,3,0.7284,1
V001352,Metal Partners,A,22.555555555555557,0.7407407407407407,391049.16000000003,27,427729.34,24,0,3,0.1556,0
V001353,Zeta AG,C,18.525,0.725,268281.06,40,157958.55,17,2,3,0.2862,0
V001354,Zeta Inc,B,24.725,0.825,635424.11,40,267528.68,27,1,1,0.0445,0
V001355,Eco Solutions,C,21.923076923076923,0.7692307692307693,532256.5399999999,39,366609.34,26,2,3,0.0677,0
V001356,Inter Inc,A,28.41176470588235,0.8235294117647058,634888.3099999999,51,267262.95,24,0,1,0.2162,0
V001357,Tech Associates,B,24.585365853658537,0.8048780487804879,744855.8300000001,41,373729.79,32,1,2,0.0984,0
V001358,Global AG,B,24.96,0.8,1035608.13,50,121265.27,15,1,2,0.3231,0
V001359,Metal Corp,C,20.88,0.82,622885.04,50,408497.54,22,2,0,0.1171,0
V001360,Infra Pvt Ltd,D,23.666666666666668,0.8181818181818182,517507.27,33,517130.12,29,3,0,0.1152,0
V001361,Pharma Enterprises,B,21.425,0.875,386362.81,40,380740.26,29,1,1,0.2635,0
V001362,Inter AG,C,20.0,0.7777777777777778,799681.12,45,148977.04,22,2,2,0.1692,0
V001363,Eco Group,A,22.194444444444443,0.7222222222222222,467044.99,36,283696.51999999996,23,0,3,0.1123,0
V001364,Infra Inc,D,20.444444444444443,0.7777777777777778,392126.2,27,323148.35,20,3,3,0.0831,0
V001365,Digital Inc,B,21.21875,0.75,298941.13,32,764564.08,19,1,0,0.4663,0
V001366,Alpha Pvt Ltd,B,20.0,0.7407407407407407,158597.66,27,168627.91,21,1,3,0.3414,0
V001367,Logis AG,B,21.31578947368421,0.7105263157894737,670308.9400000001,38,399955.77999999997,33,1,3,0.1962,0
V001368,Inter Associates,C,26.0,0.8723404255319149,576175.05,47,67968.2,15,2,1,0.2892,0
V001369,Logis Industries,B,20.84090909090909,0.7727272727272727,581516.58,44,177792.44,13,1,3,0.0569,0
V001370,Logis BV,A,21.348837209302324,0.7674418604651163,512742.05,43,285440.62,19,0,3,0.0505,0
V001371,Inter AG,A,20.82857142857143,0.7714285714285715,382216.66000000003,35,287932.38,24,0,3,0.0741,0
V001372,Smart GmbH,A,23.88888888888889,0.8444444444444444,631270.0,45,94586.95999999999,15,0,1,0.1759,0
V001373,Logis Corp,A,24.636363636363637,0.7727272727272727,338871.27,44,401001.03,26,0,1,0.1667,0
V001374,Energy BV,A,21.022727272727273,0.7727272727272727,1026133.97,44,206285.11000000002,22,0,2,0.2138,0
V001375,Epsilon Industries,D,26.61904761904762,0.8333333333333334,345909.89,42,540615.73,27,3,0,0.2702,0
V001376,Smart Industries,A,20.025641025641026,0.8205128205128205,405364.57,39,198407.53,19,0,1,0.1068,0
V001377,Digital Pvt Ltd,B,21.57777777777778,0.8222222222222222,390152.54,45,185730.44,26,1,1,0.0834,0
V001378,Tech Industries,A,21.325,0.725,448913.68,40,671154.74,15,0,0,0.3156,0
V001379,Trans GmbH,A,28.387096774193548,0.8064516129032258,411240.07,31,200049.57,20,0,1,0.2134,0
V001380,Tech Enterprises,B,25.023809523809526,0.7380952380952381,412096.68,42,109037.62,18,1,1,0.2683,0
V001381,Epsilon Industries,C,15.736842105263158,0.7368421052631579,698070.73,38,150837.25,20,2,3,0.3319,0
V001382,Digital Pvt Ltd,D,15.105263157894736,0.6578947368421053,377219.72,38,179564.52,22,3,3,0.4949,0
V001383,Smart Inc,C,19.914893617021278,0.7021276595744681,632457.98,47,295709.55,26,2,3,0.1739,0
V001384,Zeta Ltd,A,17.878048780487806,0.6829268292682927,348087.31,41,293755.48,23,0,3,0.2633,0
V001385,Sigma Pvt Ltd,C,17.775510204081634,0.7142857142857143,842786.57,49,134412.53999999998,19,2,3,0.3317,0
V001386,Pharma BV,A,26.022727272727273,0.8409090909090909,933673.6200000001,44,390489.99,18,0,2,0.222,0
V001387,Energy Corp,B,20.735849056603772,0.7735849056603774,957890.94,53,413608.28,25,1,2,0.2362,0
V001388,Energy Solutions,B,16.93617021276596,0.6808510638297872,627813.28,47,361194.16,25,1,3,0.287,0
V001389,Infra Group,A,19.891304347826086,0.8043478260869565,473347.82999999996,46,877149.71,22,0,0,0.4766,0
V001390,Zeta Enterprises,A,17.127659574468087,0.7446808510638298,445866.17,47,155755.25,20,0,3,0.2107,0
V001391,Inter Inc,B,21.11904761904762,0.7857142857142857,353831.29,42,913880.2000000001,32,1,0,0.5457,0
V001392,Eco Partners,B,27.866666666666667,0.9111111111111111,547829.73,45,494470.27,21,1,1,0.3939,0
V001393,Eco Industries,B,24.275,0.725,663041.5,40,368053.28,16,1,3,0.1999,0
V001394,Prime Corp,A,26.07843137254902,0.8235294117647058,778391.76,51,500613.72000000003,24,0,0,0.214,0
V001395,Delta Ltd,B,20.0,0.7777777777777778,677455.88,54,84016.46,16,1,3,0.2251,0
V001396,Beta Services,A,27.02173913043478,0.9130434782608695,831996.79,46,397092.37,23,0,1,0.3862,0
V001397,Trans Pvt Ltd,C,23.893617021276597,0.8297872340425532,586632.92,47,277816.34,27,2,1,0.0289,0
V001398,Energy Enterprises,B,25.80392156862745,0.9019607843137255,834428.88,51,349334.97000000003,26,1,2,0.2904,0
V001399,Eco Solutions,A,15.8,0.75,343826.05,40,288097.51,16,0,3,0.3066,0
V001400,Infra Associates,C,24.857142857142858,0.8571428571428571,331690.77999999997,35,342386.39,21,2,1,0.1823,0
V001401,Metal GmbH,A,19.625,0.625,812217.44,40,406689.49,23,0,3,0.5218,0
V001402,Epsilon Associates,C,21.666666666666668,0.8333333333333334,1279122.95,36,299629.44,22,2,2,0.4202,0
V001403,Digital Inc,B,15.45945945945946,0.7567567567567568,901802.86,37,176100.12,20,1,3,0.4009,0
V001404,Global BV,B,16.42105263157895,0.6842105263157895,321797.73,38,333938.67000000004,20,1,3,0.3662,0
V001405,Digital Industries,A,23.81578947368421,0.7631578947368421,259927.98,38,229491.45,25,0,1,0.195,0
V001406,Uni Solutions,C,23.25,0.8076923076923077,626445.09,52,749555.01,26,2,0,0.3243,0
V001407,Sigma Group,C,21.489795918367346,0.7346938775510204,627584.03,49,147453.69,21,2,3,0.1312,0
V001408,Pro Partners,A,23.36111111111111,0.8055555555555556,330026.51999999996,36,213212.76,23,0,1,0.0796,0
V001409,Gamma Group,A,24.837209302325583,0.8604651162790697,617695.99,43,220745.07,24,0,1,0.0908,0
V001410,Digital GmbH,B,17.19047619047619,0.6904761904761905,580552.53,42,302650.94,21,1,3,0.2245,0
V001411,Sigma Group,A,16.340425531914892,0.7446808510638298,1003844.15,47,351715.82,18,0,2,0.3782,0
V001412,Pharma Associates,C,26.86111111111111,0.8888888888888888,524438.97,36,335359.5,25,2,1,0.1958,0
V001413,Energy Corp,A,26.470588235294116,0.8823529411764706,360734.77,34,194902.72999999998,15,0,1,0.2196,0
V001414,Prime GmbH,A,19.942307692307693,0.7692307692307693,604621.45,52,615426.92,27,0,0,0.2372,0
V001415,Net GmbH,A,26.333333333333332,0.8444444444444444,874866.5,45,193348.44,26,0,2,0.2076,0
V001416,Agro AG,A,21.5,0.7954545454545454,511432.92000000004,44,255601.62999999998,31,0,1,0.0295,0
V001417,Inter Corp,B,19.38888888888889,0.7777777777777778,612023.0,36,211493.66,18,1,3,0.0913,0
V001418,Prime Pvt Ltd,B,22.46,0.86,476409.45,50,657638.83,24,1,0,0.302,0
V001419,Global AG,A,20.674418604651162,0.6511627906976745,485472.27999999997,43,229562.03,23,0,3,0.3125,0
V001420,Metal Inc,C,24.431372549019606,0.8235294117647058,481310.12,51,238800.5,28,2,1,0.04,0
V001421,Sigma Corp,C,24.394736842105264,0.7894736842105263,572700.56,38,227250.01,21,2,1,0.039,0
V001422,Delta Solutions,B,23.366666666666667,0.7,703112.4,30,153190.91,22,1,3,0.265,0
V001423,Global Services,B,24.07843137254902,0.8431372549019608,834704.4,51,186734.98,24,1,2,0.1341,0
V001424,Sigma BV,A,26.0,0.8717948717948718,319074.14,39,135638.4,20,0,1,0.2661,0
V001425,Alpha Industries,A,19.261904761904763,0.5476190476190477,508299.67,42,179302.96,20,0,3,0.5176,0
V001426,Net Services,C,28.28205128205128,0.8717948717948718,404242.0,39,430040.54000000004,14,2,1,0.3169,0
V001427,Pharma Partners,A,25.842105263157894,0.8947368421052632,447923.45,38,334904.10000000003,26,0,1,0.2052,0
V001428,Digital Inc,D,18.425,0.675,845538.6699999999,40,338632.16000000003,29,3,3,0.3556,0
V001429,Inter Inc,A,28.048780487804876,0.8536585365853658,350797.81,41,236012.15,26,0,1,0.2272,0
V001430,Pro Inc,A,21.916666666666668,0.8055555555555556,656615.24,36,197886.88,15,0,1,0.0361,0
V001431,Inter AG,B,18.627906976744185,0.7441860465116279,357777.58999999997,43,514661.04,21,1,3,0.2519,0
V001432,Energy Solutions,B,22.7,0.825,817247.48,40,504342.83999999997,19,1,2,0.2074,0
V001433,Gamma Inc,B,27.342105263157894,0.868421052631579,480067.72,38,313398.68,25,1,1,0.162,0
V001434,Global Services,B,17.0,0.7045454545454546,888805.56,44,149700.0,22,1,3,0.3983,0
V001435,Prime Corp,A,22.685714285714287,0.8,484514.35,35,383032.3,23,0,1,0.0444,0
V001436,Smart Partners,A,22.571428571428573,0.7619047619047619,386488.44,42,116815.2,22,0,3,0.1672,0
V001437,Trans Solutions,B,21.857142857142858,0.7142857142857143,672149.1900000001,42,434725.11,24,1,3,0.2088,0
V001438,Gamma GmbH,A,17.0,0.6842105263157895,675454.97,38,273787.67,25,0,3,0.2735,0
V001439,Tech Ltd,A,22.583333333333332,0.7777777777777778,327186.99,36,223156.22,29,0,1,0.0814,0
V001440,Tech Industries,A,23.044444444444444,0.8444444444444444,618721.79,45,669183.23,16,0,0,0.2696,0
V001441,Pro GmbH,A,19.017857142857142,0.75,1436054.42,56,99174.93000000001,13,0,2,0.6303,1
V001442,Beta Enterprises,A,19.357142857142858,0.7857142857142857,360135.2,42,116059.69,18,0,3,0.2204,0
V001443,Eco Enterprises,A,27.5,0.8333333333333334,428966.03,30,182999.22,23,0,1,0.1677,0
V001444,Pro Pvt Ltd,B,28.939393939393938,0.8787878787878788,459693.03,33,202931.99,21,1,1,0.3019,0
V001445,Prime AG,D,29.10810810810811,0.8378378378378378,385644.06,37,543761.52,20,3,1,0.4178,0
V001446,Trans GmbH,A,23.846153846153847,0.8205128205128205,608646.42,39,185663.88,21,0,1,0.0434,0
V001447,Gamma AG,B,20.289473684210527,0.7894736842105263,406766.41,38,443100.71,35,1,0,0.1364,0
V001448,Smart GmbH,C,23.851063829787233,0.7446808510638298,865457.65,47,260620.01,23,2,2,0.1681,0
V001449,Agro AG,B,22.710526315789473,0.8157894736842105,592982.78,38,253258.37,21,1,1,0.012,0
V001450,Zeta Pvt Ltd,A,19.511627906976745,0.7441860465116279,404784.77999999997,43,212226.94,21,0,3,0.1066,0
V001451,Beta Services,A,25.72222222222222,0.8333333333333334,525183.07,36,169544.4,17,0,1,0.0824,0
V001452,Logis AG,D,15.979591836734693,0.6938775510204082,807441.44,49,203576.35,19,3,3,0.3773,0
V001453,Eco Industries,A,21.767441860465116,0.7674418604651163,449974.63,43,402413.0,19,0,3,0.0822,0
V001454,Net Services,B,21.488888888888887,0.8222222222222222,412879.38,45,150958.29,15,1,1,0.0934,0
V001455,Digital Corp,A,20.0,0.9,531313.29,40,212389.56,22,0,1,0.2933,0
V001456,Pharma AG,A,18.857142857142858,0.7142857142857143,1169790.49,49,228272.75,27,0,2,0.44,0
V001457,Agro Solutions,A,24.09433962264151,0.8490566037735849,991789.4299999999,53,554260.0,20,0,2,0.3778,0
V001458,Agro BV,A,20.454545454545453,0.6666666666666666,381412.04,33,354670.8,25,0,3,0.3021,0
V001459,Eco Industries,D,21.5,0.7368421052631579,669403.12,38,890418.66,13,3,0,0.5264,0
V001460,Energy GmbH,C,16.783783783783782,0.6756756756756757,677099.92,37,390208.47,24,2,3,0.3326,0
V001461,Epsilon Corp,B,22.75,0.7954545454545454,557810.26,44,361483.93,22,1,1,0.0407,0
V001462,Smart Group,D,18.804878048780488,0.7317073170731707,437608.4,41,424585.56,32,3,3,0.1728,0
V001463,Logis Partners,A,22.365853658536587,0.8536585365853658,659399.07,41,320665.93,22,0,1,0.1208,0
V001464,Energy BV,B,24.80952380952381,0.8095238095238095,553702.31,42,164105.82,19,1,1,0.0557,0
V001465,Net Corp,C,18.26829268292683,0.7804878048780488,421676.96,41,215715.37,19,2,3,0.1442,0
V001466,Inter Associates,C,18.574468085106382,0.7021276595744681,538282.55,47,199739.73,24,2,3,0.1812,0
V001467,Agro GmbH,C,23.822222222222223,0.7555555555555555,575449.59,45,258672.49,23,2,1,0.0628,0
V001468,Pharma Services,C,24.0,0.7857142857142857,510279.08999999997,42,208186.0,24,2,1,0.0318,0
V001469,Net Pvt Ltd,C,20.568181818181817,0.7045454545454546,317294.24,44,265642.33,27,2,3,0.23,0
V001470,Alpha BV,A,21.25,0.8125,1073573.8,48,112828.68000000001,15,0,2,0.3392,0
V001471,Pro BV,A,17.0,0.6571428571428571,483697.09,35,133041.62,17,0,3,0.3852,0
V001472,Tech Services,C,26.15,0.825,540194.29,40,115270.57,22,2,1,0.162,0
V001473,Pro AG,A,21.044444444444444,0.7555555555555555,507982.45,45,199720.54,18,0,3,0.0605,0
V001474,Energy AG,C,25.11627906976744,0.813953488372093,716702.14,43,223713.97,22,2,1,0.0796,0
V001475,Infra Partners,A,18.5609756097561,0.7804878048780488,407208.18,41,259983.7,14,0,3,0.14,0
V001476,Tech Inc,A,19.53191489361702,0.7446808510638298,611436.9299999999,47,166477.82,18,0,3,0.1081,0
V001477,Logis BV,A,19.642857142857142,0.7619047619047619,470386.77,42,486497.98,29,0,0,0.1654,0
V001478,Agro Enterprises,B,24.170731707317074,0.8536585365853658,592192.04,41,132232.19,19,1,1,0.1132,0
V001479,Sigma Associates,B,27.70769230769231,0.8153846153846154,1206597.58,65,194692.61000000002,26,1,2,0.4938,0
V001480,Alpha Partners,B,23.375,0.825,754255.78,40,111408.75,17,1,2,0.1617,0
V001481,Uni Solutions,A,20.4375,0.7291666666666666,801906.79,48,440314.32999999996,24,0,3,0.2143,0
V001482,Trans GmbH,D,18.548387096774192,0.7419354838709677,808739.25,31,168114.7,24,3,3,0.2209,0
V001483,Alpha Solutions,C,19.032258064516128,0.6774193548387096,305767.86,31,724138.59,25,2,0,0.6016,1
V001484,Zeta Inc,A,27.81578947368421,0.9473684210526315,533463.81,38,599878.32,24,0,1,0.5756,1
V001485,Pharma Enterprises,A,24.463414634146343,0.8292682926829268,444052.24,41,787372.4099999999,31,0,0,0.3709,0
V001486,Alpha Solutions,A,23.03448275862069,0.8620689655172413,219565.57,29,445460.44,28,0,1,0.3491,0
V001487,Sigma Services,C,26.105263157894736,0.8947368421052632,535204.08,38,136291.3,20,2,1,0.2478,0
V001488,Global Pvt Ltd,B,25.557692307692307,0.8461538461538461,1028991.25,52,299956.06,19,1,2,0.25,0
V001489,Gamma GmbH,B,24.425,0.85,399351.7,40,291068.95,31,1,1,0.0854,0
V001490,Prime BV,B,23.444444444444443,0.8444444444444444,516795.34,45,177452.1,25,1,1,0.0603,0
V001491,Alpha BV,C,15.428571428571429,0.6571428571428571,317537.19,35,405612.99,25,2,3,0.4848,0
V001492,Epsilon Associates,D,22.897435897435898,0.8461538461538461,304316.41,39,327814.0,21,3,1,0.1592,0
V001493,Prime Corp,A,28.379310344827587,0.7931034482758621,508746.17,29,98090.71,20,0,1,0.3455,0
V001494,Logis Inc,B,29.22222222222222,0.8333333333333334,855958.12,54,322550.2,34,1,2,0.3901,0
V001495,Logis Services,A,23.045454545454547,0.7727272727272727,438831.27999999997,44,253008.19999999998,19,0,1,0.0319,0
V001496,Uni GmbH,A,23.423076923076923,0.9038461538461539,366204.29,52,355599.4,28,0,1,0.292,0
V001497,Pharma Ltd,B,27.64516129032258,0.7741935483870968,203034.51,31,355014.02,25,1,1,0.4538,0
V001498,Delta Solutions,B,29.236842105263158,0.9210526315789473,386095.31,38,507582.05,32,1,1,0.5419,0
V001499,Logis BV,B,21.4390243902439,0.7073170731707317,570102.0599999999,41,243098.32,22,1,3,0.1593,0
V001500,Infra Industries,B,20.657894736842106,0.7631578947368421,249466.02,38,241010.1,20,1,3,0.2128,0
V001501,Digital Industries,A,19.92105263157895,0.8157894736842105,404197.54,38,348549.27,21,0,3,0.1421,0
V001502,Alpha AG,A,25.2972972972973,0.8108108108108109,409449.24,37,182935.93,26,0,1,0.0745,0
V001503,Sigma Partners,B,27.274509803921568,0.8823529411764706,588898.06,51,315806.58,23,1,1,0.1777,0
V001504,Zeta Corp,A,21.36,0.76,598431.4,25,223219.91,22,0,3,0.0611,0
V001505,Logis Industries,A,22.24390243902439,0.7804878048780488,690045.83,41,652806.1,23,0,0,0.264,0
V001506,Uni Enterprises,A,20.666666666666668,0.8571428571428571,415084.51,42,217329.7,18,0,1,0.1627,0
V001507,Eco Corp,A,27.346153846153847,0.7692307692307693,473305.42,52,399673.5,22,0,1,0.2381,0
V001508,Pro Inc,A,19.31111111111111,0.8,379389.69,45,294086.18,17,0,3,0.1245,0
V001509,Prime GmbH,A,28.90909090909091,0.8636363636363636,710437.23,44,97256.17,16,0,1,0.4581,0
V001510,Agro Corp,A,12.363636363636363,0.696969696969697,471424.94999999995,33,210679.48,19,0,3,0.4904,0
V001511,Agro Inc,C,21.023255813953487,0.7906976744186046,1039781.1100000001,43,298817.95,20,2,2,0.2299,0
V001512,Infra Inc,D,15.466666666666667,0.6666666666666666,190993.67,30,69315.59,13,3,3,0.6657,1
V001513,Trans Ltd,B,19.5,0.65,305449.08,40,636335.41,24,1,0,0.5934,1
V001514,Logis Enterprises,B,21.7,0.775,527655.67,40,472234.09,33,1,0,0.093,0
V001515,Pro Group,A,26.045454545454547,0.9090909090909091,513031.76,44,366725.56,24,0,1,0.27,0
V001516,Sigma Pvt Ltd,A,20.27027027027027,0.7297297297297297,1134123.54,37,246393.16,23,0,2,0.3551,0
V001517,Global Group,B,20.147058823529413,0.8529411764705882,525695.42,34,159506.04,24,1,1,0.1697,0
V001518,Beta Partners,A,19.055555555555557,0.7777777777777778,473712.33,36,370238.20999999996,21,0,3,0.1294,0
V001519,Uni Pvt Ltd,A,22.38888888888889,0.7222222222222222,327881.55,36,192845.19,21,0,3,0.1929,0
V001520,Pro Partners,A,24.081632653061224,0.7959183673469388,632035.13,49,194993.74,24,0,1,0.0439,0
V001521,Energy Enterprises,A,16.395833333333332,0.6458333333333334,540627.64,48,251788.08,16,0,3,0.3739,0
V001522,Net Solutions,A,25.425,0.825,745643.81,40,172013.49,23,0,1,0.1088,0
V001523,Digital Solutions,A,23.785714285714285,0.7857142857142857,399978.88,42,185648.99,30,0,1,0.056,0
V001524,Epsilon Partners,B,24.4,0.85,309512.38,40,392782.71,30,1,1,0.1933,0
V001525,Logis Ltd,B,19.0,0.7380952380952381,793631.3,42,298969.41000000003,26,1,3,0.169,0
V001526,Agro Pvt Ltd,A,23.71153846153846,0.7692307692307693,888587.79,52,310515.96,12,0,2,0.1385,0
V001527,Zeta Partners,A,23.785714285714285,0.7857142857142857,439554.73,42,218323.44,28,0,1,0.0284,0
V001528,Sigma Enterprises,B,27.0,0.9090909090909091,283620.75,33,314432.39999999997,19,1,1,0.3962,0
V001529,Tech Solutions,D,29.257142857142856,0.9428571428571428,815346.8,35,105594.7,11,3,1,0.6754,1
V001530,Prime Services,C,22.871794871794872,0.7948717948717948,523656.77,39,433257.91000000003,18,2,0,0.06,0
V001531,Global Corp,A,21.583333333333332,0.8125,468541.11,48,606032.32,30,0,0,0.2103,0
V001532,Beta Services,A,19.73469387755102,0.7551020408163265,720695.25,49,229057.48,16,0,3,0.1033,0
V001533,Uni Associates,C,20.48780487804878,0.7560975609756098,632752.34,41,336640.27,22,2,3,0.0928,0
V001534,Gamma Group,C,22.176470588235293,0.7352941176470589,332681.05,34,272202.92,27,2,3,0.1397,0
V001535,Inter Enterprises,A,20.90625,0.71875,448840.29,32,350275.73,19,0,3,0.1548,0
V001536,Inter Industries,A,23.575,0.725,362920.56,40,455051.18,25,0,0,0.2175,0
V001537,Metal AG,A,18.755102040816325,0.7346938775510204,514129.5,49,292788.72,20,0,3,0.1239,0
V001538,Smart Ltd,B,20.228571428571428,0.8285714285714286,357682.98,35,755708.19,32,1,0,0.4467,0
V001539,Prime Inc,D,24.441860465116278,0.7906976744186046,592205.18,43,289714.8,28,3,1,0.0433,0
V001540,Digital Corp,D,29.127659574468087,0.8723404255319149,527829.16,47,206683.81,24,3,1,0.3206,0
V001541,Digital Ltd,A,22.789473684210527,0.7368421052631579,593160.29,38,179004.18,23,0,3,0.1152,0
V001542,Epsilon Enterprises,B,20.36842105263158,0.7631578947368421,680408.0599999999,38,373519.94,17,1,3,0.119,0
V001543,Energy BV,C,22.833333333333332,0.8,1139748.7,60,629597.04,28,2,2,0.4793,0
V001544,Gamma Ltd,A,27.11111111111111,0.8666666666666667,828860.92,45,285235.75,21,0,2,0.2084,0
V001545,Infra Solutions,C,22.375,0.8125,454594.25999999995,32,349567.92000000004,23,2,1,0.0456,0
V001546,Inter BV,D,20.019607843137255,0.803921568627451,606493.89,51,118174.87,15,3,3,0.1529,0
V001547,Epsilon BV,B,22.16216216216216,0.7837837837837838,331129.14,37,271604.63,32,1,1,0.0836,0
V001548,Gamma AG,D,20.783783783783782,0.7567567567567568,408533.77,37,458076.18,26,3,3,0.1462,0
V001549,Infra AG,A,22.42105263157895,0.7543859649122807,498593.06,57,107187.91,17,0,3,0.1491,0
V001550,Epsilon Pvt Ltd,B,21.352941176470587,0.7941176470588235,357006.26,34,200457.54,16,1,1,0.0865,0
V001551,Logis Ltd,B,27.023809523809526,0.8809523809523809,706473.7200000001,42,187294.91999999998,20,1,1,0.2088,0
V001552,Zeta BV,C,27.394736842105264,0.8157894736842105,818178.7,38,158305.47,23,2,2,0.2459,0
V001553,Uni Services,B,19.5,0.825,467984.05,40,602584.9,27,1,0,0.3066,0
V001554,Pharma Enterprises,D,23.08108108108108,0.8648648648648649,303817.95,37,417505.91,28,3,1,0.2368,0
V001555,Logis Inc,A,23.21951219512195,0.8780487804878049,703834.86,41,196005.05,21,0,1,0.1641,0
V001556,Smart AG,A,26.976744186046513,0.813953488372093,527226.8,43,106914.98,16,0,1,0.2018,0
V001557,Alpha AG,A,24.852941176470587,0.8235294117647058,653167.16,34,146677.62,15,0,1,0.0966,0
V001558,Logis Solutions,B,23.0,0.7222222222222222,736525.27,36,76475.52,15,1,3,0.3093,0
V001559,Inter AG,A,27.104166666666668,0.8125,426266.44,48,209504.26,22,0,1,0.1259,0
V001560,Tech AG,D,25.057142857142857,0.8285714285714286,490431.28,35,203123.57,19,3,1,0.0543,0
V001561,Net Solutions,C,28.76,0.86,603560.29,50,534088.12,23,2,1,0.3711,0
V001562,Net Ltd,B,21.82608695652174,0.8695652173913043,718826.6,46,239360.64,20,1,1,0.1652,0
V001563,Net Services,B,20.78048780487805,0.7804878048780488,1024665.09,41,382448.0,25,1,2,0.2403,0
V001564,Pro Partners,A,28.92105263157895,0.8421052631578947,433511.54000000004,38,387104.06,29,0,1,0.3176,0
V001565,Uni Partners,A,25.25581395348837,0.8372093023255814,289667.66,43,717086.6,28,0,0,0.434,0
V001566,Logis Corp,A,25.77777777777778,0.8666666666666667,1339195.88,45,256636.86,14,0,2,0.5102,0
V001567,Infra Industries,B,16.666666666666668,0.7407407407407407,852676.64,54,161728.0,21,1,3,0.3428,0
V001568,Pro BV,B,25.78125,0.875,287377.54000000004,32,108984.27,12,1,1,0.3512,0
V001569,Logis Enterprises,C,20.57894736842105,0.7894736842105263,258218.21,38,196054.35,22,2,3,0.2011,0
V001570,Alpha Partners,C,23.365853658536587,0.8048780487804879,556690.44,41,505986.12,25,2,0,0.1061,0
V001571,Agro Group,C,25.151515151515152,0.8787878787878788,782579.87,33,433481.77,15,2,2,0.2188,0
V001572,Energy Ltd,A,20.755555555555556,0.8222222222222222,732583.9299999999,45,217252.29,23,0,2,0.1025,0
V001573,Global BV,B,18.227272727272727,0.7045454545454546,729440.09,44,408802.91,18,1,3,0.2495,0
V001574,Sigma Partners,A,25.644444444444446,0.8,491138.95999999996,45,209875.54,27,0,1,0.0622,0
V001575,Alpha Ltd,B,20.846153846153847,0.8205128205128205,414803.37,39,87306.81,14,1,1,0.2104,0
V001576,Smart Partners,A,24.75,0.7954545454545454,584980.54,44,259123.0,20,0,1,0.0342,0
V001577,Delta BV,A,23.142857142857142,0.8,229431.72,35,212523.07,20,0,1,0.2077,0
V001578,Smart BV,A,20.555555555555557,0.8,724386.32,45,295434.49,21,0,2,0.0943,0
V001579,Inter Enterprises,C,21.333333333333332,0.6666666666666666,399629.2,33,204179.12,22,2,3,0.2627,0
V001580,Prime Services,A,22.790697674418606,0.8837209302325582,487844.33999999997,43,219209.91,28,0,1,0.1695,0
V001581,Tech Solutions,D,21.11111111111111,0.75,461421.82999999996,36,574255.84,15,3,0,0.1881,0
V001582,Eco Enterprises,A,26.555555555555557,0.8611111111111112,615393.71,36,207917.17,25,0,1,0.1236,0
V001583,Pro Industries,A,26.97872340425532,0.851063829787234,784647.18,47,128573.46,20,0,1,0.2461,0
V001584,Prime Ltd,A,20.41025641025641,0.7948717948717948,355533.76,39,246453.75,25,0,3,0.0938,0
V001585,Uni BV,B,20.20408163265306,0.7346938775510204,700992.58,49,256034.91999999998,16,1,3,0.1202,0
V001586,Zeta Pvt Ltd,D,23.54901960784314,0.7647058823529411,649338.24,51,204864.55000000002,22,3,1,0.0634,0
V001587,Sigma Industries,C,21.543478260869566,0.8043478260869565,933098.9,46,306066.22,22,2,2,0.1502,0
V001588,Digital Enterprises,A,25.0,0.8,577463.03,40,281804.32,24,0,1,0.0491,0
V001589,Alpha Partners,A,22.88888888888889,0.8611111111111112,404994.55,36,661857.47,24,0,0,0.313,0
V001590,Global Partners,B,21.75,0.6944444444444444,347531.31,36,275034.75,29,1,3,0.2351,0
V001591,Metal Services,C,28.75,0.8125,502978.5,48,528520.23,26,2,0,0.3397,0
V001592,Uni Enterprises,B,22.877551020408163,0.7959183673469388,754547.59,49,515812.75,19,1,0,0.1658,0
V001593,Delta Partners,B,20.322580645161292,0.8064516129032258,673594.47,31,598838.62,23,1,0,0.2665,0
V001594,Global Corp,D,24.355555555555554,0.8,614958.84,45,243573.33,22,3,1,0.0333,0
V001595,Agro Inc,A,27.864864864864863,0.8648648648648649,518690.3,37,148737.57,14,0,1,0.2144,0
V001596,Beta Associates,D,17.066666666666666,0.7111111111111111,333704.76,45,554122.12,33,3,3,0.3796,0
V001597,Trans Inc,A,20.933333333333334,0.7555555555555555,334784.23,45,136431.72,21,0,3,0.172,0
V001598,Inter Inc,B,22.121951219512194,0.8780487804878049,1062595.8599999999,41,300202.97,24,1,2,0.3684,0
V001599,Alpha Services,B,31.65625,0.90625,281637.65,32,199733.48,21,1,1,0.6026,1
V001600,Net Services,C,24.025,0.8,962766.42,40,221433.08,18,2,2,0.1534,0
V001601,Eco Services,D,24.181818181818183,0.8181818181818182,256396.01,33,667805.0700000001,26,3,0,0.3696,0
V001602,Metal Ltd,B,23.82758620689655,0.8620689655172413,643771.26,29,306884.02,26,1,1,0.0934,0
V001603,Sigma GmbH,A,31.483870967741936,0.7741935483870968,463171.9,31,299322.28,24,0,1,0.4916,0
V001604,Eco Enterprises,C,22.88372093023256,0.8604651162790697,1075745.79,43,161198.91,12,2,2,0.3364,0
V001605,Pharma Enterprises,C,22.558139534883722,0.7674418604651163,800980.5,43,122694.76000000001,17,2,2,0.2069,0
V001606,Gamma Associates,C,22.548387096774192,0.8225806451612904,1358197.26,62,187544.91999999998,18,2,2,0.4548,0
V001607,Trans Enterprises,C,27.52173913043478,0.8695652173913043,447302.05,46,208755.08000000002,18,2,1,0.1703,0
V001608,Global Corp,C,23.425531914893618,0.8723404255319149,499758.68,47,250748.78,21,2,1,0.1065,0
V001609,Prime GmbH,A,25.03921568627451,0.7843137254901961,568940.64,51,263659.64,25,0,1,0.0653,0
V001610,Uni Corp,A,26.357142857142858,0.7857142857142857,578636.22,42,342788.35,24,0,1,0.1356,0
V001611,Eco GmbH,B,21.115384615384617,0.7884615384615384,487986.91,52,427235.79,29,1,0,0.0935,0
V001612,Uni GmbH,A,19.11111111111111,0.8055555555555556,418446.88,36,369087.79000000004,24,0,3,0.1638,0
V001613,Pro Inc,A,24.833333333333332,0.8095238095238095,855762.12,42,534333.17,19,0,2,0.2534,0
V001614,Global Services,D,24.414634146341463,0.8048780487804879,368569.88,41,326676.55,23,3,1,0.0829,0
V001615,Delta Associates,B,16.22,0.64,683187.49,50,142291.66999999998,20,1,3,0.5216,0
V001616,Zeta Corp,A,27.782608695652176,0.8695652173913043,528347.34,46,141911.04,21,0,1,0.2182,0
V001617,Zeta GmbH,C,19.53488372093023,0.7674418604651163,909593.3200000001,43,134033.72,17,2,2,0.263,0
V001618,Digital Pvt Ltd,B,20.271186440677965,0.7627118644067796,576972.39,59,326694.37,20,1,3,0.0765,0
V001619,Pharma Associates,B,28.470588235294116,0.8823529411764706,485874.32999999996,34,235000.94,22,1,1,0.2663,0
V001620,Uni Industries,A,22.536585365853657,0.8292682926829268,393209.52999999997,41,397340.89,24,0,1,0.1205,0
V001621,Epsilon Inc,C,24.710526315789473,0.8157894736842105,546028.71,38,280261.49,25,2,1,0.0283,0
V001622,Logis Solutions,C,24.083333333333332,0.8333333333333334,433719.12,36,329646.27999999997,26,2,1,0.0568,0
V001623,Global Solutions,B,16.21951219512195,0.6829268292682927,556386.02,41,427154.47,24,1,3,0.3286,0
V001624,Agro BV,A,22.705882352941178,0.7254901960784313,1043232.1599999999,51,194810.82,21,0,2,0.2844,0
V001625,Digital Pvt Ltd,B,21.525,0.75,530160.22,40,374057.26,25,1,3,0.09,0
V001626,Net Industries,A,20.794117647058822,0.7647058823529411,826532.11,34,334161.70999999996,23,0,2,0.1337,0
V001627,Prime Inc,A,17.05,0.725,527527.62,40,332722.53,16,0,3,0.1898,0
V001628,Global Group,B,27.6,0.9,430924.42,30,197295.40000000002,17,1,1,0.2844,0
V001629,Agro Associates,A,20.741935483870968,0.7096774193548387,292472.54,31,179541.39,19,0,3,0.2552,0
V001630,Gamma Pvt Ltd,C,22.022727272727273,0.8181818181818182,706754.2100000001,44,106150.92,19,2,1,0.1715,0
V001631,Trans Solutions,C,20.84,0.78,514084.21,50,365736.75,20,2,3,0.0808,0
V001632,Net GmbH,B,25.304347826086957,0.8260869565217391,320761.26,46,146503.41,22,1,1,0.1852,0
V001633,Global Industries,B,18.818181818181817,0.7454545454545455,572563.52,55,443680.73,22,1,3,0.1777,0
V001634,Beta Services,C,24.25,0.8888888888888888,443147.51,36,581889.38,31,2,0,0.299,0
V001635,Digital Services,B,22.823529411764707,0.7647058823529411,497774.97000000003,34,215939.38,19,1,3,0.0417,0
V001636,Net Corp,B,22.456521739130434,0.8043478260869565,554144.05,46,227031.51,21,1,1,0.0063,0
V001637,Eco Pvt Ltd,A,30.275,0.775,399032.05,40,439821.17,26,0,1,0.4982,0
V001638,Energy Partners,B,19.6984126984127,0.7301587301587301,844329.7,63,389471.82,26,1,3,0.2102,0
V001639,Alpha BV,A,22.933333333333334,0.7333333333333333,378819.56,45,236081.68,21,0,3,0.1181,0
V001640,Logis Ltd,C,25.9,0.9,552440.8,50,273189.6,28,2,1,0.2096,0
V001641,Eco AG,B,21.875,0.8,618925.74,40,101758.3,19,1,1,0.1351,0
V001642,Tech Ltd,A,19.05,0.775,329628.39999999997,40,160928.4,23,0,3,0.1744,0
V001643,Agro Services,A,24.0625,0.84375,841572.58,32,414033.07,28,0,2,0.159,0
V001644,Global GmbH,A,21.227272727272727,0.7727272727272727,386287.57,44,88294.33,11,0,3,0.1966,0
V001645,Alpha Pvt Ltd,B,18.181818181818183,0.75,559091.75,44,321596.21,24,1,3,0.1237,0
V001646,Sigma GmbH,A,26.625,0.8214285714285714,1186256.8,56,66684.24,13,0,2,0.5408,0
V001647,Delta Ltd,A,23.56756756756757,0.8108108108108109,282579.96,37,382827.35,19,0,1,0.1793,0
V001648,Sigma GmbH,A,22.5625,0.65625,398147.22000000003,32,370479.56,26,0,3,0.3488,0
V001649,Energy Solutions,A,21.0,0.723404255319149,530532.04,47,386167.77999999997,30,0,3,0.1324,0
V001650,Gamma BV,C,29.76,0.88,336676.01999999996,25,468431.31,22,2,1,0.4978,0
V001651,Metal Solutions,C,20.047619047619047,0.7380952380952381,561912.35,42,412631.59,29,2,3,0.1312,0
V001652,Eco Solutions,A,28.38235294117647,0.8823529411764706,713257.49,34,189902.22999999998,21,0,1,0.2948,0
V001653,Pro Associates,C,21.21875,0.84375,588060.6799999999,32,282304.77,24,2,1,0.0956,0
V001654,Logis Ltd,A,25.025,0.875,960252.0399999999,40,94170.38,18,0,2,0.3786,0
V001655,Alpha Pvt Ltd,A,24.24,0.86,811144.95,50,244330.68,23,0,2,0.1352,0
V001656,Alpha AG,D,21.2,0.8,458144.64,45,74919.48,12,3,1,0.1894,0
V001657,Pharma Associates,D,22.26829268292683,0.7073170731707317,923909.13,41,181653.38,27,3,2,0.3034,0
V001658,Gamma BV,B,29.45945945945946,0.8378378378378378,341840.15,37,109062.94,10,1,1,0.464,0
V001659,Epsilon Services,D,20.0,0.7391304347826086,393822.8,46,224095.44,27,3,3,0.1006,0
V001660,Agro Enterprises,A,24.53488372093023,0.8372093023255814,877532.42,43,566275.62,18,0,0,0.2966,0
V001661,Sigma Ltd,B,23.930232558139537,0.8837209302325582,621250.76,43,355385.21,21,1,1,0.1838,0
V001662,Tech Industries,A,21.73170731707317,0.7804878048780488,1032768.48,41,259029.04,19,0,2,0.2091,0
V001663,Inter Industries,A,22.622222222222224,0.7777777777777778,604220.23,45,345074.02999999997,16,0,1,0.0484,0
V001664,Inter Ltd,B,20.68888888888889,0.8,836362.07,45,321254.49,22,1,2,0.1407,0
V001665,Zeta Solutions,C,28.27659574468085,0.851063829787234,722645.05,47,549084.18,23,2,0,0.3849,0
V001666,Metal Pvt Ltd,A,24.425,0.9,563152.85,40,260890.28,21,0,1,0.2056,0
V001667,Pro Inc,A,15.770833333333334,0.6666666666666666,789120.59,48,144057.75,14,0,3,0.482,0
V001668,Global AG,A,21.547169811320753,0.7924528301886793,439904.42,53,248873.02000000002,15,0,1,0.0344,0
V001669,Global Corp,D,26.75,0.8333333333333334,452581.01,36,944512.47,33,3,0,0.547,0
V001670,Delta Corp,A,24.27777777777778,0.8055555555555556,1136517.9,36,399355.1,29,0,2,0.3148,0
V001671,Gamma Services,B,27.34375,0.90625,461636.08,32,423234.66,25,1,1,0.3343,0
V001672,Alpha GmbH,A,20.605263157894736,0.7631578947368421,573813.16,38,166071.14,19,0,3,0.0783,0
V001673,Beta Associates,B,26.914893617021278,0.8936170212765957,402206.0,47,204763.55,22,1,1,0.2333,0
V001674,Delta Enterprises,B,24.673076923076923,0.8269230769230769,819655.11,52,287407.78,21,1,2,0.1054,0
V001675,Sigma Inc,B,20.89189189189189,0.8648648648648649,846914.4,37,448265.54,19,1,2,0.3256,0
V001676,Energy AG,A,19.03448275862069,0.6551724137931034,539250.05,29,909598.12,26,0,0,0.6834,1
V001677,Inter Inc,A,19.185185185185187,0.7777777777777778,625142.21,54,270329.65,26,0,3,0.1025,0
V001678,Epsilon Pvt Ltd,A,22.31578947368421,0.7894736842105263,268651.92,38,164100.21,19,0,1,0.1824,0
V001679,Eco GmbH,A,22.8,0.8285714285714286,555718.08,35,248047.14,25,0,1,0.0344,0
V001680,Net Partners,C,23.836734693877553,0.8979591836734694,1035758.65,49,478724.0,27,2,2,0.46,0
V001681,Agro Solutions,B,24.636363636363637,0.8363636363636363,512400.61,55,475787.07,26,1,0,0.1154,0
V001682,Metal GmbH,C,22.5,0.7380952380952381,966291.25,42,356466.43,18,2,2,0.2172,0
V001683,Global Solutions,B,25.372549019607842,0.7647058823529411,1031196.64,51,277548.57,23,1,2,0.2893,0
V001684,Trans Partners,B,23.023255813953487,0.7674418604651163,599598.86,43,444871.06,33,1,0,0.1016,0
V001685,Pro Services,B,19.818181818181817,0.7045454545454546,795024.46,44,373213.87,29,1,3,0.2513,0
V001686,Global Services,C,26.327272727272728,0.8363636363636363,933454.92,55,322860.88,21,2,2,0.224,0
V001687,Infra Corp,D,14.425,0.6,997570.48,40,242011.53,25,3,3,0.7588,1
V001688,Inter Inc,A,25.85,0.825,377389.5,40,363302.36000000004,23,0,1,0.1457,0
V001689,Beta Industries,A,22.314285714285713,0.7714285714285715,603310.27,35,171096.52000000002,18,0,3,0.054,0
V001690,Eco Enterprises,B,25.652173913043477,0.782608695652174,516198.27,46,217809.58,25,1,1,0.0852,0
V001691,Energy Industries,A,20.152173913043477,0.8043478260869565,501915.57,46,292756.34,28,0,3,0.0629,0
V001692,Eco Ltd,A,22.933333333333334,0.7555555555555555,327792.39,45,162258.19,19,0,3,0.1525,0
V001693,Global AG,A,26.065217391304348,0.8478260869565217,533359.13,46,413913.76999999996,14,0,1,0.1173,0
V001694,Energy Partners,C,24.542857142857144,0.8571428571428571,250212.93,35,374859.95,35,2,1,0.2838,0
V001695,Zeta Services,A,19.5,0.7,311612.72,30,169077.91,17,0,3,0.2679,0
V001696,Net Corp,C,16.76086956521739,0.6956521739130435,415469.02,46,879828.22,31,2,0,0.6439,1
V001697,Global Services,C,22.075,0.8,476900.49,40,233008.18,27,2,1,0.0141,0
V001698,Agro Solutions,A,21.027027027027028,0.7837837837837838,366745.39,37,256431.28,26,0,3,0.0707,0
V001699,Zeta BV,A,22.22222222222222,0.7777777777777778,422747.80000000005,45,101979.52,14,0,1,0.1397,0
V001700,Global Ltd,A,26.08108108108108,0.7837837837837838,391686.85,37,456539.52,26,0,1,0.1927,0
V001701,Pro Industries,A,20.45945945945946,0.8108108108108109,390898.9,37,225667.26,25,0,1,0.0816,0
V001702,Inter Inc,B,18.568181818181817,0.7272727272727273,832325.96,44,279381.91,29,1,3,0.2201,0
V001703,Epsilon Solutions,C,23.58139534883721,0.7441860465116279,345392.47000000003,43,164760.06,16,2,3,0.1651,0
V001704,Smart Group,C,22.7,0.75,519768.89,40,427027.75,25,2,0,0.1121,0
V001705,Pharma Partners,D,23.89189189189189,0.7027027027027027,772041.65,37,147780.38,17,3,3,0.3029,0
V001706,Agro Group,A,21.666666666666668,0.7291666666666666,589655.3099999999,48,132301.66,17,0,3,0.1392,0
V001707,Epsilon Corp,A,21.571428571428573,0.7714285714285715,464753.37,35,161024.48,14,0,3,0.0579,0
V001708,Pro GmbH,C,23.897435897435898,0.7948717948717948,290894.96,39,329648.32,23,2,1,0.1512,0
V001709,Beta Pvt Ltd,B,23.782608695652176,0.7391304347826086,466153.44,46,546000.29,22,1,0,0.2028,0
V001710,Energy Group,A,18.177777777777777,0.7333333333333333,822286.45,45,315537.61,26,0,3,0.2016,0
V001711,Gamma Partners,A,21.607843137254903,0.7450980392156863,849039.89,51,183573.07,25,0,2,0.171,0
V001712,Pharma GmbH,A,27.42105263157895,0.868421052631579,502089.29,38,399478.01,27,0,1,0.1928,0
V001713,Digital BV,A,19.46153846153846,0.7692307692307693,602192.5,52,309668.54,25,0,3,0.0901,0
V001714,Trans Associates,B,20.24390243902439,0.7804878048780488,432610.59,41,151274.67,22,1,3,0.0905,0
V001715,Net GmbH,B,25.851063829787233,0.8085106382978723,935061.19,47,295908.57,20,1,2,0.1876,0
V001716,Agro Corp,B,28.0,0.8918918918918919,263724.46,37,81537.40000000001,11,1,1,0.514,0
V001717,Trans Pvt Ltd,B,15.318181818181818,0.6363636363636364,376003.66,44,252042.28999999998,23,1,3,0.5005,0
V001718,Global Pvt Ltd,A,22.81578947368421,0.8157894736842105,365791.55,38,308263.38,21,0,1,0.0654,0
V001719,Agro Pvt Ltd,D,26.903846153846153,0.8653846153846154,536346.6,52,817533.37,24,3,0,0.4444,0
V001720,Delta Ltd,B,24.857142857142858,0.8571428571428571,388539.25,35,271448.05,24,1,1,0.1108,0
V001721,Eco Industries,A,23.17948717948718,0.7948717948717948,484937.79000000004,39,342185.58,24,0,1,0.0353,0
V001722,Infra Corp,C,20.08108108108108,0.7567567567567568,681987.53,37,171312.56,19,2,3,0.1103,0
V001723,Trans Services,C,24.066666666666666,0.8222222222222222,840878.6799999999,45,78025.19,13,2,2,0.2758,0
V001724,Smart Associates,A,22.695652173913043,0.8043478260869565,605170.9299999999,46,420900.6,24,0,0,0.061,0
V001725,Eco Group,C,17.783783783783782,0.6756756756756757,701356.02,37,243110.37,22,2,3,0.2739,0
V001726,Inter Group,A,23.444444444444443,0.8444444444444444,576180.0,45,291232.06,25,0,1,0.0466,0
V001727,Epsilon GmbH,A,24.065217391304348,0.782608695652174,668452.88,46,133527.37,24,0,1,0.117,0
V001728,Inter Partners,B,23.224489795918366,0.7551020408163265,606356.15,49,153442.75,22,1,3,0.1043,0
V001729,Digital Industries,C,21.285714285714285,0.7714285714285715,308077.2,35,317746.10000000003,22,2,3,0.1279,0
V001730,Energy Associates,A,24.0,0.825,430288.36,40,391895.11,23,0,1,0.0716,0
V001731,Metal Solutions,C,20.37142857142857,0.7714285714285715,718903.22,35,716598.65,23,2,0,0.3895,0
V001732,Inter Partners,B,24.42222222222222,0.8222222222222222,817623.33,45,341607.32,19,1,2,0.1127,0
V001733,Smart Ltd,B,22.805555555555557,0.7777777777777778,410500.14,36,274511.99,23,1,1,0.0356,0
V001734,Sigma AG,A,23.425,0.85,313463.45,40,348705.51,24,0,1,0.1776,0
V001735,Infra Enterprises,C,25.52777777777778,0.8055555555555556,559348.13,36,164072.49,21,2,1,0.0827,0
V001736,Gamma Partners,B,28.075,0.925,583984.75,40,970090.32,27,1,0,0.7516,1
V001737,Trans Corp,C,22.53061224489796,0.8367346938775511,948085.86,49,224122.85,16,2,2,0.1869,0
V001738,Infra Services,D,19.658536585365855,0.6829268292682927,414848.76,41,340268.35,20,3,3,0.242,0
V001739,Logis Enterprises,B,24.065217391304348,0.782608695652174,431199.29,46,326550.79,20,1,1,0.0521,0
V001740,Logis Partners,A,19.28125,0.75,284340.89,32,334335.83999999997,27,0,3,0.2263,0
V001741,Global Industries,C,22.585365853658537,0.7560975609756098,822368.4400000001,41,112145.93,22,2,2,0.239,0
V001742,Gamma Enterprises,B,24.955555555555556,0.8444444444444444,433632.51,45,578105.5,22,1,0,0.1817,0
V001743,Net Inc,A,20.40909090909091,0.8181818181818182,560524.66,44,356246.47000000003,21,0,1,0.1106,0
V001744,Global Corp,A,22.15686274509804,0.803921568627451,909518.66,51,183054.91,22,0,2,0.1388,0
V001745,Beta Pvt Ltd,C,22.523809523809526,0.7619047619047619,383551.7,42,266976.15,21,2,3,0.0718,0
V001746,Prime BV,C,23.054054054054053,0.7837837837837838,456385.37,37,149251.99,21,2,1,0.06,0
V001747,Sigma Partners,C,21.41860465116279,0.8372093023255814,395271.77,43,378290.51,24,2,1,0.1562,0
V001748,Energy GmbH,A,20.571428571428573,0.7551020408163265,1160438.19,49,262069.83,20,0,2,0.33,0
V001749,Prime Ltd,B,20.0,0.7631578947368421,498833.66,38,505220.08,26,1,0,0.1672,0
V001750,Prime Industries,A,17.89189189189189,0.8378378378378378,1160084.21,37,226123.87,16,0,2,0.5149,0
V001751,Logis Group,A,19.0,0.8108108108108109,879478.27,37,337938.46,29,0,2,0.2472,0
V001752,Delta Enterprises,A,26.897435897435898,0.8205128205128205,832940.14,39,335285.69,25,0,2,0.1862,0
V001753,Delta Services,D,19.866666666666667,0.7555555555555555,652522.73,45,263536.51,25,3,3,0.0799,0
V001754,Eco Enterprises,A,20.13888888888889,0.8888888888888888,348344.16000000003,36,476464.99,26,0,0,0.3961,0
V001755,Pro Inc,C,19.475,0.825,273310.69,40,335984.71,22,2,3,0.2786,0
V001756,Prime Ltd,A,24.08695652173913,0.8695652173913043,490252.06,46,604622.5,35,0,0,0.2483,0
V001757,Logis Associates,B,18.595238095238095,0.7380952380952381,474266.01,42,164607.74,23,1,3,0.1476,0
V001758,Sigma BV,A,26.970588235294116,0.9117647058823529,274364.3,34,329424.92000000004,18,0,1,0.4233,0
V001759,Infra AG,A,25.2972972972973,0.7297297297297297,362201.05,37,382552.74,19,0,1,0.258,0
V001760,Trans GmbH,B,22.75609756097561,0.7804878048780488,917658.06,41,395720.1,24,1,2,0.1524,0
V001761,Infra Enterprises,C,18.76923076923077,0.6666666666666666,850979.87,39,106026.13,19,2,3,0.4969,0
V001762,Tech Services,A,17.906976744186046,0.6976744186046512,359262.55,43,560713.8,24,0,3,0.3781,0
V001763,Smart Ltd,C,22.979591836734695,0.8163265306122449,459760.88,49,744138.74,25,2,0,0.3126,0
V001764,Pharma Industries,A,17.42222222222222,0.7111111111111111,499943.89,45,236240.51,19,0,3,0.1646,0
V001765,Sigma Ltd,C,19.444444444444443,0.7333333333333333,375827.58,45,274603.2,22,2,3,0.1292,0
V001766,Pro Associates,B,21.467741935483872,0.8387096774193549,637418.09,62,257093.49,20,1,1,0.0813,0
V001767,Alpha Solutions,C,25.024390243902438,0.8292682926829268,539229.02,41,789425.6799999999,39,2,0,0.3587,0
V001768,Net Ltd,A,21.17948717948718,0.7435897435897436,413600.94,39,97738.97,17,0,3,0.1927,0
V001769,Agro Partners,B,22.263157894736842,0.8421052631578947,636887.7000000001,38,352570.22000000003,21,1,1,0.097,0
V001770,Delta Group,A,24.885714285714286,0.9428571428571428,547204.37,35,95327.87,12,0,1,0.4957,0
V001771,Delta Enterprises,C,18.666666666666668,0.6666666666666666,880213.36,39,668562.03,28,2,0,0.6088,1
V001772,Pharma Pvt Ltd,B,22.448979591836736,0.7346938775510204,653506.51,49,389007.18,20,1,3,0.1301,0
V001773,Zeta Pvt Ltd,D,27.41860465116279,0.8604651162790697,763232.15,43,331968.99,30,3,1,0.1998,0
V001774,Gamma Ltd,C,19.61111111111111,0.75,376280.17,36,516326.24,30,2,0,0.2141,0
V001775,Uni AG,A,24.956521739130434,0.8478260869565217,741158.56,46,162467.04,18,0,1,0.1151,0
V001776,Logis Ltd,B,21.479166666666668,0.75,875366.45,48,192647.56,26,1,2,0.1873,0
V001777,Agro Ltd,A,22.97826086956522,0.8260869565217391,796366.17,46,839365.85,23,0,0,0.4657,0
V001778,Global Partners,A,16.346938775510203,0.8163265306122449,773732.3200000001,49,241874.25,18,0,3,0.3036,0
V001779,Epsilon Services,C,19.658536585365855,0.7073170731707317,1050942.41,41,211725.97,20,2,2,0.3454,0
V001780,Metal BV,C,24.78787878787879,0.8484848484848485,315290.43,33,151349.12,22,2,1,0.186,0
V001781,Logis BV,C,18.340425531914892,0.723404255319149,472177.72000000003,47,146087.57,20,2,3,0.1715,0
V001782,Tech Inc,C,23.058823529411764,0.8235294117647058,382809.67,34,512833.43,16,2,0,0.1587,0
V001783,Epsilon Associates,B,19.256410256410255,0.7948717948717948,336553.41000000003,39,354842.29,19,1,3,0.1852,0
V001784,Prime Associates,C,24.261904761904763,0.8095238095238095,494456.99,42,721460.28,31,2,0,0.2913,0
V001785,Gamma Ltd,C,16.771428571428572,0.6857142857142857,455192.13,35,323203.22000000003,24,2,3,0.2582,0
V001786,Pro Corp,B,25.958333333333332,0.9166666666666666,347236.37,24,245856.99,21,1,1,0.3506,0
V001787,Alpha BV,A,25.613636363636363,0.8181818181818182,643424.49,44,359207.09,21,0,1,0.0878,0
V001788,Sigma Pvt Ltd,A,22.18421052631579,0.8157894736842105,449994.05,38,267997.9,31,0,1,0.0217,0
V001789,Beta Pvt Ltd,B,25.90909090909091,0.8787878787878788,384681.02,33,257979.83,26,1,1,0.1773,0
V001790,Eco GmbH,B,27.306122448979593,0.8571428571428571,514894.96,49,507342.91000000003,28,1,1,0.2347,0
V001791,Zeta BV,D,31.85,0.9,476559.16,40,423011.57999999996,23,3,1,0.5978,1
V001792,Sigma BV,B,29.363636363636363,0.8484848484848485,477943.04,33,154718.01,20,1,1,0.3465,0
V001793,Tech Associates,A,22.377777777777776,0.8222222222222222,336067.45,45,276771.7,25,0,1,0.0873,0
V001794,Logis Corp,B,24.166666666666668,0.7666666666666667,225757.24,30,203943.57,23,1,1,0.2675,0
V001795,Trans Enterprises,C,28.25,0.85,878758.18,40,380256.3,21,2,2,0.3279,0
V001796,Infra Partners,B,29.833333333333332,0.8611111111111112,368711.04,36,187018.2,22,1,1,0.3992,0
V001797,Prime Industries,D,14.704545454545455,0.6363636363636364,652930.89,44,350950.59,18,3,3,0.566,1
V001798,Energy Services,B,22.651162790697676,0.813953488372093,468067.9,43,280061.98,16,1,1,0.0256,0
V001799,Agro BV,A,24.266666666666666,0.8,725613.11,45,155495.79,17,0,1,0.0944,0
V001800,Epsilon Industries,A,17.88372093023256,0.8372093023255814,873909.66,43,225898.51,29,0,2,0.3353,0
V001801,Agro GmbH,A,19.456521739130434,0.7608695652173914,580131.51,46,380186.93,16,0,3,0.1144,0
V001802,Pro Partners,D,19.288888888888888,0.7111111111111111,303380.66,45,292377.82,17,3,3,0.2186,0
V001803,Agro Partners,A,25.0,0.8478260869565217,575727.98,46,268337.66000000003,27,0,1,0.0622,0
V001804,Metal Solutions,B,26.166666666666668,0.875,509268.52999999997,48,374894.39,16,1,1,0.1574,0
V001805,Pro Corp,B,25.023809523809526,0.8095238095238095,851062.75,42,358544.61,22,1,2,0.1423,0
V001806,Infra Industries,A,22.68421052631579,0.7894736842105263,537705.42,38,367034.69,23,0,1,0.0465,0
V001807,Agro Partners,C,24.31111111111111,0.8,394772.95,45,556193.75,32,2,0,0.1686,0
V001808,Agro Industries,C,21.5,0.7916666666666666,348424.03,24,775411.67,23,2,0,0.4094,0
V001809,Prime Partners,A,19.173076923076923,0.7692307692307693,1517473.21,52,546070.33,17,0,2,0.6851,1
V001810,Delta BV,D,26.642857142857142,0.8333333333333334,509404.35000000003,42,293769.55,22,3,1,0.0913,0
V001811,Net Inc,A,22.594594594594593,0.7837837837837838,350984.36,37,131992.53,15,0,1,0.1404,0
V001812,Beta Pvt Ltd,D,25.545454545454547,0.9090909090909091,406660.17,33,329119.09,22,3,1,0.2653,0
V001813,Smart Ltd,C,26.944444444444443,0.8611111111111112,371192.89,36,375639.63,24,2,1,0.217,0
V001814,Uni GmbH,B,22.76086956521739,0.782608695652174,619144.15,46,125656.61,15,1,1,0.098,0
V001815,Digital Associates,D,26.076923076923077,0.8717948717948718,490354.33999999997,39,121935.51000000001,19,3,1,0.1963,0
V001816,Epsilon Inc,B,23.15,0.725,411618.81,40,756024.74,29,1,0,0.4224,0
V001817,Epsilon Pvt Ltd,A,21.044444444444444,0.8,618272.07,45,429410.99,19,0,0,0.1043,0
V001818,Global Pvt Ltd,A,20.8,0.8666666666666667,707672.78,45,195568.35,24,0,1,0.1981,0
V001819,Agro Solutions,B,23.4375,0.78125,424050.04,32,483962.38,19,1,0,0.1183,0
V001820,Net BV,A,14.533333333333333,0.6444444444444445,584643.96,45,706846.1,28,0,3,0.6941,1
V001821,Pro Services,B,19.21951219512195,0.7317073170731707,562265.99,41,108347.44,15,1,3,0.2071,0
V001822,Metal Corp,A,26.428571428571427,0.8857142857142857,442599.5,35,318244.41,32,0,1,0.1991,0
V001823,Gamma Associates,C,23.484848484848484,0.8181818181818182,239637.73,33,445274.32,22,2,1,0.2462,0
V001824,Pharma Group,B,21.945945945945947,0.6756756756756757,264731.19,37,119798.66,22,1,3,0.447,0
V001825,Energy Ltd,A,25.974358974358974,0.7948717948717948,754326.5900000001,39,96528.08,19,0,1,0.2593,0
V001826,Alpha Solutions,B,24.48780487804878,0.8780487804878049,832454.0,41,66725.8,9,1,2,0.3517,0
V001827,Epsilon Services,A,24.75,0.8409090909090909,723699.0,44,123249.97,19,0,1,0.1569,0
V001828,Metal Solutions,D,23.083333333333332,0.7916666666666666,1286934.94,48,244022.29,13,3,2,0.3992,0
V001829,Beta GmbH,B,25.025,0.825,563476.11,40,205001.87,26,1,1,0.0468,0
V001830,Zeta BV,A,23.19047619047619,0.8095238095238095,561081.5700000001,42,193447.36,21,0,1,0.0199,0
V001831,Digital BV,A,20.1,0.725,405480.98,40,164619.01,19,0,3,0.1332,0
V001832,Pharma Corp,C,22.347826086956523,0.8260869565217391,429216.84,46,339073.05,20,2,1,0.0603,0
V001833,Zeta Corp,A,25.22222222222222,0.7777777777777778,805830.36,45,303875.88,25,0,2,0.1549,0
V001834,Trans Enterprises,A,23.475,0.8,499145.97,40,179673.78,9,0,1,0.0256,0
V001835,Eco Services,A,21.70212765957447,0.7872340425531915,725948.19,47,193483.52000000002,19,0,2,0.0705,0
V001836,Sigma Pvt Ltd,A,16.78723404255319,0.6808510638297872,1192339.0,47,366742.82,23,0,2,0.6021,1
V001837,Metal Group,A,19.321428571428573,0.7142857142857143,258673.39,28,147423.69,23,0,3,0.3016,0
V001838,Alpha Industries,C,22.785714285714285,0.75,694091.5,28,224157.96,23,2,3,0.1008,0
V001839,Zeta Corp,C,20.82857142857143,0.6857142857142857,490362.31,35,445965.12,23,2,3,0.2703,0
V001840,Global BV,B,17.942857142857143,0.8,611150.29,35,280003.61,26,1,3,0.1498,0
V001841,Sigma Corp,C,16.205882352941178,0.7352941176470589,525757.25,34,245621.78,28,2,3,0.2046,0
V001842,Gamma Partners,A,19.35483870967742,0.7096774193548387,357727.46,31,688166.5599999999,24,0,0,0.4318,0
V001843,Metal Corp,A,20.838709677419356,0.7741935483870968,249973.71,31,184841.39,27,0,3,0.2139,0
V001844,Beta Pvt Ltd,B,17.514285714285716,0.7142857142857143,274735.9,35,196582.11,28,1,3,0.283,0
V001845,Global Partners,A,21.564102564102566,0.7435897435897436,495541.2,39,203014.71,16,0,3,0.0542,0
V001846,Prime Partners,B,22.275,0.775,1066246.59,40,277564.45,21,1,2,0.2195,0
V001847,Prime Partners,B,21.0,0.7297297297297297,1088690.85,37,578304.21,25,1,2,0.4794,0
V001848,Metal Group,A,25.83783783783784,0.8108108108108109,759980.38,37,142954.84,19,0,1,0.1585,0
V001849,Logis Ltd,A,24.543478260869566,0.8260869565217391,936484.65,46,174700.41,20,0,2,0.1789,0
V001850,Inter Group,A,19.456521739130434,0.782608695652174,1010542.97,46,167609.16,16,0,2,0.2721,0
V001851,Uni Pvt Ltd,A,24.6,0.8,510274.63,50,288141.70999999996,20,0,1,0.0362,0
V001852,Pro AG,A,18.30952380952381,0.6904761904761905,889953.64,42,94263.57,16,0,3,0.495,0
V001853,Gamma Services,B,19.95,0.775,444197.25,40,321851.95,26,1,3,0.0791,0
V001854,Alpha Inc,D,14.972972972972974,0.7027027027027027,516171.91,37,245610.26,17,3,3,0.3431,0
V001855,Metal Corp,B,19.98148148148148,0.7037037037037037,838012.63,54,230127.62,24,1,3,0.2592,0
V001856,Prime Industries,C,20.52777777777778,0.7777777777777778,947012.21,36,294459.9,16,2,2,0.1894,0
V001857,Trans Solutions,D,22.348837209302324,0.8604651162790697,776391.0599999999,43,279159.35,21,3,2,0.1553,0
V001858,Prime Associates,A,26.095238095238095,0.8095238095238095,592754.07,42,274777.51,18,0,1,0.0797,0
V001859,Alpha Solutions,B,18.61764705882353,0.8235294117647058,526917.01,34,271410.47000000003,22,1,3,0.1693,0
V001860,Delta BV,A,20.18421052631579,0.7105263157894737,433202.45,38,211569.56,20,0,3,0.1409,0
V001861,Sigma Inc,B,23.595238095238095,0.8095238095238095,482279.66000000003,42,316530.92,29,1,1,0.0262,0
V001862,Metal AG,B,22.756756756756758,0.7837837837837838,321304.79,37,837944.21,28,1,0,0.4529,0
V001863,Pro AG,B,26.6875,0.84375,410034.81,32,319910.71,28,1,1,0.128,0
V001864,Metal Inc,B,19.94871794871795,0.8205128205128205,685291.97,39,231278.95,33,1,2,0.1205,0
V001865,Prime Industries,C,23.263157894736842,0.868421052631579,575744.9400000001,38,436727.62,34,2,1,0.1521,0
V001866,Delta Solutions,B,22.205128205128204,0.7948717948717948,511649.7,39,221288.01,17,1,1,0.0143,0
V001867,Zeta Pvt Ltd,B,29.48148148148148,0.8703703703703703,537796.15,54,326894.52999999997,23,1,1,0.3277,0
V001868,Trans Group,A,21.25,0.8,239880.4,40,472844.38,24,0,0,0.2788,0
V001869,Agro BV,A,15.25,0.7222222222222222,204484.12,36,246668.85,26,0,3,0.4905,0
V001870,Pharma Associates,B,29.23076923076923,0.8076923076923077,204736.69,26,130989.17,20,1,1,0.5296,0
V001871,Prime AG,A,20.208333333333332,0.7916666666666666,672811.88,48,290864.32,27,0,3,0.0929,0
V001872,Delta Ltd,A,23.53488372093023,0.7906976744186046,714982.53,43,467325.98000000004,15,0,0,0.1241,0
V001873,Trans BV,A,17.927272727272726,0.7636363636363637,615007.75,55,222123.01,15,0,3,0.1436,0
V001874,Global BV,A,20.65909090909091,0.7045454545454546,973261.7899999999,44,296939.32,31,0,2,0.3158,0
V001875,Metal BV,A,25.264705882352942,0.7941176470588235,373769.95,34,322183.51,21,0,1,0.1108,0
V001876,Zeta Enterprises,A,27.795454545454547,0.8636363636363636,522809.99,44,365613.31,18,0,1,0.1933,0
V001877,Eco BV,C,22.608695652173914,0.7608695652173914,490780.49,46,380031.49,25,2,3,0.0771,0
V001878,Alpha AG,C,27.186046511627907,0.8604651162790697,604528.6900000001,43,159866.48,17,2,1,0.1777,0
V001879,Digital Solutions,D,22.12962962962963,0.8148148148148148,643512.4,54,177264.81999999998,21,3,1,0.0388,0
V001880,Inter Pvt Ltd,B,25.333333333333332,0.8095238095238095,405098.78,42,191981.78,18,1,1,0.0814,0
V001881,Gamma Ltd,D,33.2972972972973,0.8918918918918919,420738.16000000003,37,369869.93,31,3,1,0.5494,0
V001882,Eco Ltd,C,26.225,0.8,676147.71,40,277815.79,20,2,1,0.1036,0
V001883,Beta Associates,A,23.837209302325583,0.813953488372093,446346.26,43,249596.74,24,0,1,0.0225,0
V001884,Pharma Pvt Ltd,A,20.825,0.825,445187.62,40,514349.47,22,0,0,0.1904,0
V001885,Logis Enterprises,B,27.836734693877553,0.8367346938775511,337672.27999999997,49,503726.17,24,1,1,0.3222,0
V001886,Logis Industries,B,17.113636363636363,0.7272727272727273,382355.75,44,219056.18,21,1,3,0.1983,0
V001887,Infra Inc,C,22.142857142857142,0.8285714285714286,337410.05,35,204759.12,20,2,1,0.1098,0
V001888,Agro Inc,C,17.372093023255815,0.6976744186046512,627570.64,43,239694.11,20,2,3,0.2097,0
V001889,Trans Group,C,24.304347826086957,0.8695652173913043,411960.94,46,370878.06,27,2,1,0.1587,0
V001890,Trans Pvt Ltd,A,24.24,0.8,940826.73,50,339787.56,27,0,2,0.1488,0
V001891,Global Services,A,21.83783783783784,0.7837837837837838,746847.98,37,372986.11,37,0,2,0.0874,0
V001892,Infra Inc,D,19.339622641509433,0.7735849056603774,501384.56,53,589961.97,25,3,0,0.221,0
V001893,Logis Enterprises,A,20.236842105263158,0.868421052631579,568792.32,38,372347.4,25,0,1,0.2373,0
V001894,Trans Group,A,21.125,0.8125,728848.08,48,184365.09,17,0,2,0.0813,0
V001895,Uni GmbH,D,19.627906976744185,0.7209302325581395,407240.0,43,88728.65000000001,11,3,3,0.2659,0
V001896,Prime BV,A,27.72340425531915,0.8936170212765957,855522.51,47,168514.52,16,0,1,0.3614,0
V001897,Gamma Inc,B,16.102040816326532,0.7551020408163265,780080.33,49,229119.62,19,1,3,0.2928,0
V001898,Metal Pvt Ltd,A,23.636363636363637,0.8181818181818182,634899.68,33,594383.02,30,0,0,0.192,0
V001899,Global Solutions,B,20.783783783783782,0.7297297297297297,338107.31,37,256260.3,27,1,3,0.1397,0
V001900,Agro Corp,D,18.53488372093023,0.813953488372093,820084.51,43,222310.98,27,3,2,0.238,0
V001901,Delta Group,B,24.07894736842105,0.8157894736842105,705079.7000000001,38,528512.21,30,1,0,0.1652,0
V001902,Beta Solutions,C,23.642857142857142,0.8571428571428571,504149.87,42,119241.97,20,2,1,0.1401,0
V001903,Pro Industries,A,18.114285714285714,0.6571428571428571,472015.08999999997,35,239242.77,22,0,3,0.2609,0
V001904,Eco AG,C,24.372549019607842,0.803921568627451,758359.41,51,351353.95,21,2,2,0.0902,0
V001905,Net Industries,A,19.775,0.7,377235.56,40,422986.89,23,0,3,0.2539,0
V001906,Prime Pvt Ltd,A,23.26829268292683,0.8780487804878049,1027891.6400000001,41,163288.23,24,0,2,0.326,0
V001907,Inter Inc,C,23.641025641025642,0.7692307692307693,530097.99,39,265748.66000000003,33,2,1,0.0351,0
V001908,Gamma BV,A,27.325,0.875,852515.74,40,176409.06,26,0,1,0.2664,0
V001909,Alpha Group,B,21.65714285714286,0.7428571428571429,200840.66,35,209222.1,21,1,3,0.2995,0
V001910,Agro Solutions,B,23.113636363636363,0.7727272727272727,880314.6599999999,44,337736.13,28,1,2,0.1295,0
V001911,Pro Services,C,21.19298245614035,0.631578947368421,1253023.26,57,155658.82,20,2,2,0.7246,1
V001912,Pharma Inc,B,22.925,0.775,449889.95,40,620972.64,20,1,0,0.2068,0
V001913,Prime Enterprises,A,20.375,0.8125,230812.97999999998,32,264679.69,27,0,1,0.2533,0
V001914,Metal BV,C,24.24,0.78,905029.26,50,664089.4,27,2,0,0.3885,0
V001915,Global AG,B,20.11764705882353,0.7254901960784313,944053.59,51,116021.16,16,1,2,0.3236,0
V001916,Pro Group,A,17.86842105263158,0.7105263157894737,343693.63,38,202947.72,18,0,3,0.2272,0
V001917,Trans Ltd,A,17.757575757575758,0.6666666666666666,336789.63,33,507897.79,23,0,3,0.4178,0
V001918,Energy Ltd,B,20.256410256410255,0.7948717948717948,475478.45,39,270072.12,21,1,3,0.0666,0
V001919,Zeta Group,A,23.037735849056602,0.8490566037735849,541358.59,53,276144.05,22,0,1,0.0453,0
V001920,Tech Group,A,21.73076923076923,0.7884615384615384,789473.1900000001,52,275249.64,34,0,2,0.0947,0
V001921,Trans Corp,D,22.458333333333332,0.7291666666666666,405584.76,48,139081.54,22,3,3,0.1676,0
V001922,Infra Partners,A,22.146341463414632,0.8048780487804879,364972.64,41,200919.99000000002,16,0,1,0.0548,0
V001923,Digital Services,A,20.35,0.75,543663.33,40,113071.37,17,0,3,0.1523,0
V001924,Epsilon Services,C,23.4,0.8181818181818182,613377.3400000001,55,226092.38,28,2,1,0.0248,0
V001925,Zeta Partners,C,21.75,0.7291666666666666,284360.0,48,563312.37,19,2,0,0.3356,0
V001926,Alpha Inc,A,23.181818181818183,0.8,637866.31,55,662600.54,27,0,0,0.2445,0
V001927,Digital Pvt Ltd,A,23.790697674418606,0.813953488372093,759254.86,43,76817.51,10,0,2,0.226,0
V001928,Logis Ltd,A,19.69811320754717,0.7735849056603774,899890.13,53,455292.26,28,0,2,0.2608,0
V001929,Tech Corp,A,19.076923076923077,0.8461538461538461,881984.48,39,159062.45,13,0,2,0.3169,0
V001930,Metal GmbH,D,27.75,0.90625,434605.97,32,211239.71,24,3,1,0.2955,0
V001931,Uni Associates,A,24.3,0.8,653247.81,40,118532.26,21,0,1,0.1219,0
V001932,Pharma Pvt Ltd,A,18.24137931034483,0.6896551724137931,683844.6900000001,29,157412.08,17,0,3,0.2754,0
V001933,Epsilon Enterprises,B,15.76923076923077,0.717948717948718,491036.68,39,602800.23,27,1,3,0.3901,0
V001934,Gamma Industries,A,21.30952380952381,0.7619047619047619,741021.37,42,187727.04,27,0,3,0.1045,0
V001935,Infra AG,B,20.34,0.8,517767.0,50,288546.81,23,1,3,0.0548,0
V001936,Global Solutions,A,20.305555555555557,0.6944444444444444,758559.69,36,192319.33000000002,19,0,3,0.2461,0
V001937,Agro Associates,A,23.647058823529413,0.7647058823529411,650688.29,51,284478.27999999997,28,0,1,0.0599,0
V001938,Eco Corp,C,23.55263157894737,0.8421052631578947,1200556.55,38,313007.53,16,2,2,0.3562,0
V001939,Net Partners,A,19.114285714285714,0.7428571428571429,573680.91,35,248974.74,16,0,3,0.094,0
V001940,Net Partners,A,27.75862068965517,0.8620689655172413,280208.87,29,118926.23,17,0,1,0.3687,0
V001941,Global BV,C,17.076923076923077,0.6410256410256411,630760.24,39,949618.9400000001,24,2,0,0.7799,1
V001942,Sigma BV,B,16.09375,0.75,672881.82,32,312482.48,21,1,3,0.2449,0
V001943,Zeta Services,C,31.352941176470587,0.9411764705882353,361723.87,34,732219.4199999999,22,2,0,0.8248,1
V001944,Delta Corp,A,26.666666666666668,0.8958333333333334,592367.55,48,687737.44,33,0,0,0.4182,0
V001945,Eco Group,A,24.805555555555557,0.8055555555555556,1029946.67,36,141034.03,15,0,2,0.2774,0
V001946,Digital Enterprises,A,21.955555555555556,0.7777777777777778,762638.8200000001,45,488709.54,27,0,0,0.165,0
V001947,Agro Group,A,20.08695652173913,0.7608695652173914,364320.35,46,1051056.24,26,0,0,0.6667,1
V001948,Epsilon Group,A,23.545454545454547,0.7954545454545454,392363.94,44,463641.92,23,0,0,0.1122,0
V001949,Digital AG,A,24.51923076923077,0.8076923076923077,1627470.5,52,399840.96,23,0,2,0.5605,1
V001950,Zeta Industries,A,26.076923076923077,0.8653846153846154,512722.13,52,202276.33,22,0,1,0.1097,0
V001951,Logis Ltd,C,21.666666666666668,0.7708333333333334,653849.6900000001,48,317014.68000000005,19,2,3,0.0531,0
V001952,Metal BV,C,21.369565217391305,0.8478260869565217,710802.06,46,311763.62,28,2,2,0.1287,0
V001953,Agro Ltd,A,26.323529411764707,0.8823529411764706,350366.57999999996,34,283200.0,17,0,1,0.2141,0
V001954,Epsilon Group,A,18.645833333333332,0.7083333333333334,777878.63,48,124049.82,19,0,3,0.3215,0
V001955,Zeta Solutions,B,24.91176470588235,0.7941176470588235,693152.86,34,386415.59,21,1,1,0.1108,0
V001956,Beta Ltd,B,15.166666666666666,0.7,571876.33,30,539947.66,22,1,3,0.4409,0
V001957,Sigma Associates,B,23.5,0.7777777777777778,375563.25,36,212957.92,20,1,1,0.0595,0
V001958,Digital Corp,A,25.15909090909091,0.8409090909090909,786019.5499999999,44,296601.69,25,0,2,0.1121,0
V001959,Uni Associates,C,17.333333333333332,0.6666666666666666,536923.88,42,190139.38,18,2,3,0.289,0
V001960,Pharma Services,B,22.264705882352942,0.8235294117647058,418404.43,34,228726.91,24,1,1,0.0372,0
V001961,Uni Partners,A,26.15,0.9,653179.6699999999,40,452610.04000000004,20,0,1,0.3002,0
V001962,Epsilon Partners,A,21.63157894736842,0.8157894736842105,480160.72,38,346814.69,26,0,1,0.06,0
V001963,Epsilon Ltd,D,18.76595744680851,0.723404255319149,440574.9,47,293701.36,28,3,3,0.1263,0
V001964,Logis BV,A,22.404255319148938,0.723404255319149,764144.57,47,566988.1599999999,20,0,0,0.3071,0
V001965,Uni Solutions,A,20.046511627906977,0.7674418604651163,509806.85000000003,43,212672.85,16,0,3,0.0587,0
V001966,Pharma Ltd,A,25.87878787878788,0.8484848484848485,247125.81,33,327113.66000000003,21,0,1,0.2457,0
V001967,Net Partners,B,25.24390243902439,0.8536585365853658,725605.37,41,267254.2,35,1,1,0.1026,0
V001968,Logis Corp,B,21.974358974358974,0.8205128205128205,736488.42,39,136866.54,20,1,2,0.1233,0
V001969,Metal Inc,D,22.325,0.8,699383.4,40,323923.1,19,3,2,0.0572,0
V001970,Trans AG,C,26.685714285714287,0.8857142857142857,788570.6699999999,35,327700.51,28,2,1,0.23,0
V001971,Sigma Ltd,C,22.96969696969697,0.7575757575757576,437101.41,33,285515.88,29,2,3,0.0561,0
V001972,Pro Industries,A,20.96875,0.75,322523.4,32,364127.87,27,0,3,0.1745,0
V001973,Tech AG,A,26.404255319148938,0.8297872340425532,644220.38,47,536755.1900000001,26,0,0,0.2083,0
V001974,Pro Industries,B,23.70967741935484,0.7741935483870968,289643.5,31,232327.85,27,1,1,0.1388,0
V001975,Prime Enterprises,B,22.08108108108108,0.7837837837837838,572139.84,37,485667.07,21,1,0,0.1063,0
V001976,Prime Services,A,26.895833333333332,0.75,639144.08,48,428560.52,20,0,1,0.2687,0
V001977,Smart BV,B,23.324324324324323,0.8108108108108109,636700.16,37,110065.8,13,1,1,0.118,0
V001978,Smart Enterprises,B,25.705882352941178,0.7450980392156863,481947.82,51,137976.63,21,1,1,0.2276,0
V001979,Zeta Group,B,24.102040816326532,0.7551020408163265,693919.4,49,152515.32,20,1,2,0.1466,0
V001980,Metal Solutions,C,23.727272727272727,0.8181818181818182,570766.24,44,228275.82,30,2,1,0.0226,0
V001981,Zeta BV,C,20.925,0.8,433377.63,40,120135.8,16,2,1,0.1209,0
V001982,Uni Corp,D,23.9811320754717,0.8113207547169812,440835.87,53,106364.23,17,3,1,0.1184,0
V001983,Delta Associates,B,18.17142857142857,0.7714285714285715,484158.77,35,350141.2,27,1,3,0.1533,0
V001984,Metal Enterprises,B,19.419354838709676,0.7096774193548387,672904.12,31,369613.95999999996,31,1,3,0.1906,0
V001985,Sigma Group,B,22.025,0.825,742533.56,40,177449.85,18,1,2,0.0873,0
V001986,Agro Ltd,A,26.07894736842105,0.868421052631579,666608.11,38,254400.6,23,0,1,0.1187,0
V001987,Alpha AG,A,22.0,0.782608695652174,467339.68,46,613113.26,33,0,0,0.1955,0
V001988,Zeta GmbH,B,23.395833333333332,0.7708333333333334,1276764.12,48,771653.78,28,1,2,0.6581,1
V001989,Smart Associates,A,19.651162790697676,0.7441860465116279,930690.1,43,569158.84,21,0,0,0.384,0
V001990,Sigma Solutions,A,20.103448275862068,0.8275862068965517,474698.81,58,196881.53,19,0,1,0.1065,0
V001991,Agro Services,A,25.80952380952381,0.8333333333333334,384094.16,42,331906.48,18,0,1,0.1268,0
V001992,Epsilon Pvt Ltd,B,20.653061224489797,0.7959183673469388,914803.81,49,215710.03,17,1,2,0.1726,0
V001993,Prime Inc,B,20.51219512195122,0.7804878048780488,527531.32,41,133117.31,14,1,3,0.0912,0
V001994,Trans Inc,A,21.428571428571427,0.7714285714285715,841084.73,35,322784.37,17,0,2,0.1207,0
V001995,Gamma Pvt Ltd,C,24.22222222222222,0.8888888888888888,630504.25,36,694180.23,20,2,0,0.3974,0
V001996,Trans Corp,A,29.36842105263158,0.8421052631578947,248979.76,38,243552.84000000003,20,0,1,0.4439,0
V001997,Global Associates,A,20.34375,0.78125,377529.17,32,148552.35,18,0,3,0.1187,0
V001998,Beta Inc,A,19.054054054054053,0.7567567567567568,774600.34,37,628522.49,19,0,0,0.3568,0
V001999,Eco Services,D,19.06896551724138,0.6896551724137931,322509.3,29,249141.53,20,3,3,0.2388,0
V002000,Tech BV,B,20.18918918918919,0.7837837837837838,338627.66,37,387110.53,21,1,3,0.159,0
V002001,Eco Solutions,A,21.735294117647058,0.7647058823529411,389786.24,34,106381.43000000001,16,0,3,0.1631,0
V002002,Global Ltd,B,24.636363636363637,0.8636363636363636,709401.16,44,87768.11,17,1,1,0.2638,0
V002003,Trans Services,B,20.41025641025641,0.7948717948717948,383617.26,39,204495.69,29,1,3,0.087,0
V002004,Zeta Partners,A,22.54,0.8,1086072.22,50,143723.65,20,0,2,0.2789,0
V002005,Global Industries,C,23.17142857142857,0.7714285714285715,696844.89,35,280818.94,27,2,2,0.0674,0
V002006,Pro Enterprises,B,27.818181818181817,0.8484848484848485,502345.14,33,197022.28,21,1,1,0.1638,0
V002007,Logis Industries,A,30.162790697674417,0.8372093023255814,843147.1000000001,43,332445.47000000003,18,0,1,0.474,0
V002008,Metal Solutions,D,17.428571428571427,0.6938775510204082,512657.76,49,231411.82,24,3,3,0.1967,0
V002009,Zeta Services,B,22.977272727272727,0.7954545454545454,592209.9199999999,44,185239.5,22,1,1,0.0382,0
V002010,Prime Partners,C,23.558823529411764,0.7352941176470589,608697.57,34,200039.09,26,2,3,0.1161,0
V002011,Eco Solutions,C,25.473684210526315,0.8947368421052632,598134.3,38,345226.92,18,2,1,0.2077,0
V002012,Sigma Pvt Ltd,D,19.94736842105263,0.7631578947368421,300788.03,38,301242.42,24,3,3,0.1788,0
V002013,Inter Group,A,23.29787234042553,0.7872340425531915,406564.86,47,171174.91,29,0,1,0.0437,0
V002014,Sigma Services,A,25.225,0.8,429969.48,40,344857.66000000003,18,0,1,0.0843,0
V002015,Beta Inc,A,22.205128205128204,0.8717948717948718,630194.93,39,364493.3,22,0,1,0.1841,0
V002016,Tech GmbH,A,19.209302325581394,0.7209302325581395,484354.28,43,642677.99,29,0,0,0.3099,0
V002017,Alpha Pvt Ltd,D,23.94736842105263,0.8157894736842105,352151.42,38,237737.94,19,3,1,0.062,0
V002018,Energy GmbH,B,26.681818181818183,0.8636363636363636,699147.78,44,412957.55,24,1,1,0.1797,0
V002019,Energy Ltd,B,23.38,0.74,854023.39,50,513786.45999999996,27,1,2,0.2692,0
V002020,Uni Ltd,A,20.0,0.8333333333333334,757022.63,36,502821.59,24,0,0,0.2785,0
V002021,Inter Group,A,25.1,0.75,814247.1000000001,40,286355.35,27,0,2,0.1858,0
V002022,Tech Inc,C,24.674418604651162,0.8604651162790697,812440.5,43,160391.41,21,2,2,0.1701,0
V002023,Digital Solutions,A,26.175,0.775,364983.55,40,185615.87,25,0,1,0.1917,0
V002024,Metal GmbH,D,23.314285714285713,0.7714285714285715,560349.0599999999,35,241757.32,20,3,1,0.0328,0
V002025,Eco GmbH,A,21.875,0.725,420578.92,40,237727.92,16,0,3,0.1018,0
V002026,Pro GmbH,D,18.958333333333332,0.8125,660502.37,48,436993.71,23,3,0,0.2133,0
V002027,Agro Pvt Ltd,B,22.40625,0.84375,245859.82,32,260248.86000000002,23,1,1,0.244,0
V002028,Prime BV,A,19.955555555555556,0.8,823766.1699999999,45,449986.47,21,0,2,0.2258,0
V002029,Inter Group,B,20.27777777777778,0.8611111111111112,420986.19,36,225131.88,25,1,1,0.1708,0
V002030,Beta Inc,A,22.025641025641026,0.7948717948717948,402536.54,39,462162.57,25,0,0,0.1039,0
V002031,Sigma Corp,C,17.34,0.76,1240795.91,50,491304.87000000005,24,2,2,0.5864,1
V002032,Smart Partners,A,19.90625,0.71875,337945.54,32,462195.5,25,0,3,0.2444,0
V002033,Zeta Enterprises,B,21.375,0.65625,415896.06,32,390263.95,24,1,3,0.3174,0
V002034,Delta Corp,C,23.023255813953487,0.7906976744186046,845216.1,43,1057436.2,32,2,0,0.6497,1
V002035,Infra Associates,A,26.03125,0.875,244286.37,32,190478.32,26,0,1,0.308,0
V002036,Inter Inc,B,22.558139534883722,0.8372093023255814,729093.12,43,592276.8,13,1,0,0.2501,0
V002037,Sigma GmbH,C,19.428571428571427,0.7142857142857143,622648.81,35,180896.13,16,2,3,0.1551,0
V002038,Beta Corp,A,17.26829268292683,0.7317073170731707,470343.15,41,249891.91,30,0,3,0.1543,0
V002039,Epsilon Partners,A,18.791666666666668,0.7291666666666666,988260.68,48,217926.77,28,0,2,0.2973,0
V002040,Beta Group,B,22.365384615384617,0.8269230769230769,500208.77,52,180463.19,14,1,1,0.0548,0
V002041,Gamma Ltd,B,22.153846153846153,0.8205128205128205,347598.04,39,249854.12,32,1,1,0.0818,0
V002042,Trans Group,B,25.217391304347824,0.8695652173913043,501090.60000000003,46,155600.56,19,1,1,0.1221,0
V002043,Smart Enterprises,B,22.6,0.7777777777777778,342380.22,45,719665.8,25,1,0,0.3708,0
V002044,Agro Inc,B,22.233333333333334,0.7666666666666667,308423.16,30,215320.95,30,1,3,0.116,0
V002045,Energy Corp,B,25.653061224489797,0.8367346938775511,856806.33,49,505508.33,29,1,2,0.2583,0
V002046,Delta Group,C,24.5,0.7857142857142857,570540.03,42,274384.07,12,2,1,0.051,0
V002047,Smart GmbH,A,20.346153846153847,0.8076923076923077,502402.04,52,167968.38,24,0,3,0.0704,0
V002048,Gamma AG,B,20.73913043478261,0.6956521739130435,1063662.65,46,310618.99,28,1,2,0.3874,0
V002049,Beta BV,B,19.444444444444443,0.8055555555555556,589235.74,36,153573.91,14,1,3,0.1171,0
V002050,Digital Ltd,C,25.764705882352942,0.8235294117647058,603193.1000000001,34,433994.77,24,2,1,0.1121,0
V002051,Zeta Enterprises,C,17.68888888888889,0.7555555555555555,634625.23,45,495167.27,29,2,3,0.2451,0
V002052,Inter Partners,D,24.022222222222222,0.8444444444444444,594272.61,45,423615.38,26,3,1,0.1045,0
V002053,Gamma Corp,A,18.97222222222222,0.8611111111111112,439432.39,36,216975.34,22,0,1,0.2262,0
V002054,Alpha Partners,B,25.666666666666668,0.7857142857142857,421686.87,42,454676.1,25,1,1,0.1524,0
V002055,Tech Inc,B,17.425,0.775,556600.31,40,324815.86,18,1,3,0.1755,0
V002056,Gamma Ltd,A,26.0625,0.8125,489011.23,32,206685.86000000002,18,0,1,0.0789,0
V002057,Beta Group,A,26.024390243902438,0.8292682926829268,276063.81,41,161939.61,19,0,1,0.2433,0
V002058,Prime BV,C,21.25925925925926,0.7592592592592593,678075.58,54,300642.69,20,2,3,0.0766,0
V002059,Pharma BV,D,30.122448979591837,0.8571428571428571,687682.72,49,187040.9,23,3,1,0.4217,0
V002060,Infra Enterprises,B,20.40909090909091,0.7727272727272727,1132764.1099999999,44,159797.08,14,1,2,0.3414,0
V002061,Trans Solutions,B,23.604166666666668,0.7708333333333334,825336.97,48,740352.19,27,1,0,0.4186,0
V002062,Smart Pvt Ltd,B,21.955555555555556,0.7555555555555555,605637.72,45,284669.07,30,1,3,0.056,0
V002063,Beta Inc,B,29.05263157894737,0.868421052631579,308999.25,38,489336.19,27,1,1,0.4504,0
V002064,Smart Group,C,26.724137931034484,0.8620689655172413,668275.1699999999,29,156328.69999999998,19,2,1,0.17,0
V002065,Smart Pvt Ltd,A,25.45945945945946,0.7837837837837838,491597.12,37,421646.51,23,0,1,0.1141,0
V002066,Digital Enterprises,C,21.872340425531913,0.7872340425531915,721147.22,47,225222.07,17,2,2,0.0533,0
V002067,Pro Enterprises,C,23.571428571428573,0.8163265306122449,922911.62,49,493066.41000000003,27,2,2,0.2476,0
V002068,Alpha GmbH,A,20.0,0.7619047619047619,310370.14,42,161616.2,19,0,3,0.1747,0
V002069,Tech Associates,A,21.78787878787879,0.7272727272727273,328138.38,33,996286.4400000001,28,0,0,0.667,1
V002070,Infra Associates,C,26.511627906976745,0.8372093023255814,333190.81,43,295112.65,24,2,1,0.181,0
V002071,Agro Group,A,24.09090909090909,0.8409090909090909,528394.2,44,219294.36,26,0,1,0.0474,0
V002072,Pharma Inc,B,23.62,0.86,619832.55,50,167038.03,21,1,1,0.1028,0
V002073,Net Corp,B,15.631578947368421,0.6842105263157895,410480.63,38,604622.56,16,1,3,0.5091,0
V002074,Net Ltd,A,24.962962962962962,0.7962962962962963,514110.98,54,190065.4,19,0,1,0.0611,0
V002075,Tech GmbH,B,21.18421052631579,0.7631578947368421,405914.05000000005,38,146633.18,18,1,3,0.0988,0
V002076,Eco AG,A,23.365853658536587,0.8048780487804879,449211.93,41,181505.38,20,0,1,0.0228,0
V002077,Gamma Corp,A,27.291666666666668,0.8333333333333334,146283.67,24,261667.03,26,0,1,0.3948,0
V002078,Sigma GmbH,A,23.77777777777778,0.8444444444444444,1026307.28,45,466167.97,27,0,2,0.3054,0
V002079,Uni AG,B,29.767441860465116,0.8837209302325582,484139.36,43,271532.09,28,1,1,0.3892,0
V002080,Metal Associates,C,24.61904761904762,0.7619047619047619,419296.22,42,241223.03,27,2,1,0.0914,0
V002081,Alpha Solutions,A,24.03030303030303,0.8484848484848485,664368.81,33,221305.04,19,0,1,0.0692,0
V002082,Smart Ltd,A,26.710526315789473,0.8421052631578947,505493.13,38,180156.71,19,0,1,0.1189,0
V002083,Global Partners,B,20.085106382978722,0.7659574468085106,864403.58,47,599740.16,31,1,0,0.3617,0
V002084,Pharma AG,B,22.1,0.75,765730.56,40,433299.45,31,1,2,0.1579,0
V002085,Delta Services,A,22.608695652173914,0.7391304347826086,475699.89,46,259904.22,15,0,3,0.0701,0
V002086,Prime BV,A,20.036363636363635,0.7454545454545455,998226.46,55,368708.62,23,0,2,0.2513,0
V002087,Zeta Services,A,24.227272727272727,0.7727272727272727,750408.02,44,257746.12,24,0,2,0.0867,0
V002088,Energy Inc,A,17.486486486486488,0.7837837837837838,519759.45,37,170118.07,17,0,3,0.189,0
V002089,Epsilon Group,B,23.651162790697676,0.7441860465116279,339097.25,43,498254.15,28,1,0,0.2106,0
V002090,Metal BV,D,27.208333333333332,0.8333333333333334,714716.5,48,451526.37,26,3,1,0.2209,0
V002091,Logis Associates,B,25.305555555555557,0.8055555555555556,397408.09,36,53027.619999999995,9,1,1,0.2705,0
V002092,Pharma BV,A,24.525,0.825,303036.85000000003,40,147133.08,22,0,1,0.1749,0
V002093,Agro Partners,A,20.822222222222223,0.6888888888888889,813935.72,45,218726.26,19,0,3,0.3022,0
V002094,Beta Services,B,24.102040816326532,0.7959183673469388,928224.69,49,247363.91,22,1,2,0.1309,0
V002095,Logis Associates,B,30.74418604651163,0.9302325581395349,1171646.59,43,402677.63,23,1,2,0.7966,1
V002096,Net Solutions,C,16.923076923076923,0.6923076923076923,344495.57,39,210332.14,22,2,3,0.2894,0
V002097,Tech GmbH,C,28.87719298245614,0.8947368421052632,756716.37,57,211614.83,25,2,1,0.3889,0
V002098,Sigma GmbH,B,22.82,0.86,425000.99,50,264797.97,24,1,1,0.0906,0
V002099,Trans Partners,A,23.958333333333332,0.875,434144.63,48,586040.25,21,0,0,0.2683,0
V002100,Tech Inc,A,19.692307692307693,0.7692307692307693,283344.66,26,241667.13,21,0,3,0.178,0
V002101,Pharma Associates,A,18.386363636363637,0.7045454545454546,350205.25,44,212854.48,20,0,3,0.2243,0
V002102,Pharma Services,A,23.128205128205128,0.7948717948717948,559582.87,39,117536.4,17,0,1,0.0906,0
V002103,Epsilon Group,A,24.194444444444443,0.8888888888888888,361401.51,36,202380.94,24,0,1,0.2165,0
V002104,Delta Inc,A,21.146341463414632,0.7317073170731707,847497.04,41,686566.47,16,0,0,0.4196,0
V002105,Zeta Services,A,22.605263157894736,0.8157894736842105,426195.42,38,293794.45999999996,24,0,1,0.0255,0
V002106,Eco Group,C,25.023809523809526,0.8571428571428571,825365.67,42,361988.64,27,2,2,0.1606,0
V002107,Pharma Enterprises,B,21.093023255813954,0.6744186046511628,484298.02999999997,43,233276.07,25,1,3,0.2442,0
V002108,Tech Group,B,19.38095238095238,0.7619047619047619,523351.23,42,442675.25,22,1,3,0.1427,0
V002109,Infra Enterprises,A,26.08695652173913,0.8478260869565217,846619.8899999999,46,196457.8,23,0,2,0.1778,0
V002110,Infra BV,A,24.225,0.825,450390.91,40,256635.0,25,0,1,0.0282,0
V002111,Epsilon BV,B,21.46808510638298,0.7872340425531915,730274.5399999999,47,276413.71,16,1,2,0.0613,0
V002112,Gamma Associates,B,24.77777777777778,0.8888888888888888,370739.65,36,165501.18,26,1,1,0.2196,0
V002113,Alpha Group,B,27.442307692307693,0.8269230769230769,473823.77,52,582670.79,31,1,0,0.2803,0
V002114,Agro Industries,A,21.348837209302324,0.8372093023255814,729731.3500000001,43,402905.76,25,0,2,0.1571,0
V002115,Smart Ltd,C,21.155555555555555,0.8444444444444444,883701.27,45,387862.24,19,2,2,0.2301,0
V002116,Zeta Pvt Ltd,C,26.886363636363637,0.7954545454545454,684212.48,44,504408.33999999997,25,2,0,0.2348,0
V002117,Pharma Corp,A,22.52777777777778,0.8333333333333334,406963.83,36,115276.34,16,0,1,0.1575,0
V002118,Pro AG,A,22.875,0.825,587615.64,40,262855.33,33,0,1,0.0216,0
V002119,Pro Enterprises,D,23.818181818181817,0.7954545454545454,1275652.11,44,523586.47,32,3,2,0.497,0
V002120,Beta Pvt Ltd,C,24.647058823529413,0.7941176470588235,732004.87,34,281709.28,24,2,2,0.0761,0
V002121,Uni Ltd,B,28.416666666666668,0.8611111111111112,286356.81,36,178430.53,15,1,1,0.3389,0
V002122,Energy Pvt Ltd,B,26.82608695652174,0.8043478260869565,640534.82,46,111537.37,17,1,1,0.2115,0
V002123,Logis Enterprises,B,16.5609756097561,0.7073170731707317,543360.56,41,247179.38,23,1,3,0.218,0
V002124,Pharma Solutions,C,26.818181818181817,0.7878787878787878,310586.06,33,190653.50999999998,19,2,1,0.2339,0
V002125,Inter Group,C,28.306122448979593,0.8571428571428571,1004025.58,49,596952.22,23,2,2,0.5645,1
V002126,Epsilon AG,A,24.125,0.8541666666666666,756695.96,48,104074.43,17,0,1,0.2106,0
V002127,Smart Corp,B,27.742857142857144,0.8285714285714286,946357.0,35,284051.86,18,1,2,0.3028,0
V002128,Alpha BV,C,20.613636363636363,0.7954545454545454,765275.25,44,344649.18,28,2,2,0.12,0
V002129,Energy Pvt Ltd,B,24.82608695652174,0.7608695652173914,950375.65,46,435424.61000000004,22,1,2,0.2531,0
V002130,Inter Group,C,22.558139534883722,0.8604651162790697,484548.81,43,164973.28,22,2,1,0.1135,0
V002131,Epsilon Services,D,24.54054054054054,0.8108108108108109,467223.65,37,130560.34,18,3,1,0.0818,0
V002132,Prime Pvt Ltd,B,16.68421052631579,0.7368421052631579,1047159.85,38,338846.58,26,1,2,0.4026,0
V002133,Energy Partners,A,27.17391304347826,0.8695652173913043,730678.09,46,338513.97,22,0,1,0.1811,0
V002134,Uni Corp,A,27.0,0.8367346938775511,538733.66,49,337862.7,28,0,1,0.1193,0
V002135,Global Group,C,17.12727272727273,0.7272727272727273,1376647.33,55,243162.26,15,2,2,0.5981,1
V002136,Energy GmbH,C,20.541666666666668,0.7708333333333334,745799.28,48,299989.34,21,2,2,0.0962,0
V002137,Smart Enterprises,B,20.914893617021278,0.8297872340425532,465533.83,47,561494.59,28,1,0,0.2281,0
V002138,Metal Associates,D,24.75925925925926,0.8148148148148148,1034357.25,54,422989.51,24,3,2,0.2583,0
V002139,Metal Partners,A,16.5625,0.6875,355857.26,32,371935.26,23,0,3,0.3599,0
V002140,Infra Associates,A,24.902439024390244,0.8536585365853658,420246.53,41,452682.99,25,0,1,0.1596,0
V002141,Agro Enterprises,B,20.91176470588235,0.7941176470588235,385853.25,34,284648.17,26,1,3,0.0712,0
V002142,Energy Corp,A,25.25581395348837,0.7906976744186046,703840.42,43,619672.72,31,0,0,0.2778,0
V002143,Gamma Industries,A,31.303030303030305,0.8787878787878788,507070.84,33,126102.06,21,0,1,0.5376,0
V002144,Inter Inc,A,22.755555555555556,0.7555555555555555,608042.83,45,297624.4,25,0,3,0.0608,0
V002145,Zeta Ltd,C,15.777777777777779,0.6944444444444444,321678.57,36,306115.29,32,2,3,0.363,0
V002146,Net Industries,C,25.657894736842106,0.8947368421052632,296462.87,38,356640.41,23,2,1,0.3158,0
V002147,Net Industries,B,25.49056603773585,0.8301886792452831,658997.53,53,196755.24,20,1,1,0.0914,0
V002148,Uni Group,A,22.0,0.7435897435897436,460980.71,39,793053.35,35,0,0,0.3973,0
V002149,Prime Group,B,31.122448979591837,0.8367346938775511,730745.85,49,306439.7,25,1,1,0.4759,0
V002150,Global BV,A,22.375,0.825,343660.12,40,241886.31,18,0,1,0.0922,0
V002151,Metal BV,D,20.660377358490567,0.7547169811320755,735768.22,53,406432.19,27,3,3,0.1368,0
V002152,Epsilon AG,A,25.0,0.8837209302325582,903634.1000000001,43,289741.32,21,0,2,0.2483,0
V002153,Agro Enterprises,A,25.457142857142856,0.7714285714285715,402991.01,35,186097.34,16,0,1,0.1408,0
V002154,Alpha Enterprises,B,20.17948717948718,0.717948717948718,409436.74,39,154286.46,23,1,3,0.1598,0
V002155,Beta Solutions,B,23.514285714285716,0.8285714285714286,241580.99000000002,35,177053.5,21,1,1,0.2192,0
V002156,Infra Inc,A,22.533333333333335,0.8,468434.52,30,213985.21,19,0,1,0.0131,0
V002157,Epsilon AG,D,25.357142857142858,0.9047619047619048,908023.85,42,248217.81,27,3,2,0.325,0
V002158,Net Industries,B,21.0,0.8,618171.66,40,254263.94,24,1,3,0.0408,0
V002159,Agro BV,A,23.122448979591837,0.8367346938775511,1139288.04,49,149378.96,17,0,2,0.3546,0
V002160,Net Pvt Ltd,A,27.2,0.86,447193.44,50,334841.36,26,0,1,0.1614,0
V002161,Eco GmbH,B,22.36,0.9,607340.49,50,231562.1,32,1,1,0.2464,0
V002162,Delta Group,A,22.24,0.78,1187155.49,50,261795.59,25,0,2,0.3185,0
V002163,Smart AG,B,22.9,0.85,395983.65,40,283919.76,24,1,1,0.0897,0
V002164,Alpha GmbH,A,20.955555555555556,0.7555555555555555,578979.48,45,244254.19,23,0,3,0.0629,0
V002165,Delta Pvt Ltd,A,18.13888888888889,0.6944444444444444,501351.63,36,125215.06,20,0,3,0.2605,0
V002166,Eco GmbH,A,21.09090909090909,0.75,406377.61,44,186168.82,23,0,3,0.0909,0
V002167,Agro Inc,B,25.979591836734695,0.8367346938775511,392617.56,49,525810.75,25,1,0,0.2096,0
V002168,Infra Industries,B,17.78048780487805,0.7560975609756098,568232.87,41,468435.46,23,1,3,0.203,0
V002169,Energy Services,D,23.333333333333332,0.8181818181818182,435410.14,33,402580.57,27,3,1,0.0633,0
V002170,Tech Associates,A,21.894736842105264,0.7368421052631579,492202.14,38,750880.2899999999,20,0,0,0.3871,0
V002171,Delta Partners,B,22.53488372093023,0.813953488372093,540096.39,43,189641.94,21,1,1,0.019,0
V002172,Global AG,B,18.91111111111111,0.7555555555555555,908629.6,45,351062.6,22,1,2,0.2343,0
V002173,Agro Group,A,18.565217391304348,0.7608695652173914,521229.1,46,320362.56,21,0,3,0.1179,0
V002174,Logis Associates,D,19.606060606060606,0.8181818181818182,282108.05,33,123921.61,15,3,3,0.2953,0
V002175,Trans AG,C,23.285714285714285,0.7619047619047619,450231.98,42,570015.41,32,2,0,0.1621,0
V002176,Infra Associates,C,22.06,0.76,812393.28,50,178735.88,21,2,2,0.1385,0
V002177,Pro Corp,B,20.86111111111111,0.7777777777777778,908966.6699999999,36,264700.88,21,1,2,0.1559,0
V002178,Beta Ltd,A,18.375,0.6875,566383.91,32,248860.84999999998,24,0,3,0.2057,0
V002179,Uni Services,A,21.357142857142858,0.8095238095238095,487764.65,42,253649.03,19,0,1,0.033,0
V002180,Agro AG,B,24.26,0.88,673203.1,50,275093.89,16,1,1,0.1229,0
V002181,Inter Corp,C,20.19148936170213,0.723404255319149,687432.66,47,249634.16,22,2,3,0.1287,0
V002182,Trans Pvt Ltd,B,26.306122448979593,0.8775510204081632,590379.13,49,197186.11,22,1,1,0.1503,0
V002183,Uni BV,B,21.75,0.775,306976.11,40,278763.76,24,1,3,0.1009,0
V002184,Infra Inc,D,21.692307692307693,0.8205128205128205,557871.33,39,315319.28,29,3,1,0.0455,0
V002185,Delta Partners,C,19.625,0.7916666666666666,811788.6,48,216877.84,24,2,2,0.1737,0
V002186,Uni Inc,B,20.756756756756758,0.7567567567567568,510231.18,37,148190.34,23,1,3,0.0929,0
V002187,Logis Inc,B,21.53846153846154,0.7948717948717948,409588.04000000004,39,600362.24,16,1,0,0.2149,0
V002188,Metal BV,C,21.266666666666666,0.7666666666666667,845770.05,60,528882.46,23,2,0,0.2558,0
V002189,Metal Pvt Ltd,D,23.148936170212767,0.7659574468085106,409483.54,47,326652.07,28,3,1,0.0582,0
V002190,Epsilon Services,A,23.384615384615383,0.8205128205128205,294156.04,39,394655.13,24,0,1,0.1771,0
V002191,Pharma Enterprises,A,23.193548387096776,0.7741935483870968,559755.38,31,749574.16,20,0,0,0.3207,0
V002192,Delta Enterprises,C,19.93617021276596,0.7872340425531915,516167.52,47,205130.19999999998,22,2,3,0.0681,0
V002193,Eco Enterprises,B,20.130434782608695,0.8043478260869565,492950.86,46,201827.56,20,1,3,0.0609,0
V002194,Eco Industries,D,18.6046511627907,0.7674418604651163,368470.48,43,415288.91000000003,20,3,3,0.2033,0
V002195,Gamma Enterprises,A,20.243243243243242,0.7297297297297297,553339.9,37,260431.2,18,0,3,0.0861,0
V002196,Trans GmbH,D,21.434782608695652,0.8043478260869565,824085.51,46,402429.38,29,3,2,0.1436,0
V002197,Logis Corp,A,20.642857142857142,0.8333333333333334,681836.67,42,567141.97,21,0,0,0.2792,0
V002198,Tech GmbH,B,23.685714285714287,0.8857142857142857,294258.42,35,742203.9,20,1,0,0.5185,0
V002199,Trans Partners,C,18.941176470588236,0.6470588235294118,562551.26,34,159809.38999999998,21,2,3,0.3348,0
V002200,Zeta Pvt Ltd,C,19.954545454545453,0.6136363636363636,338397.14,44,279766.31,25,2,3,0.4657,0
V002201,Net Corp,A,16.951612903225808,0.7258064516129032,1001031.81,62,190686.82,23,0,2,0.3874,0
V002202,Alpha Associates,A,23.604166666666668,0.8125,899865.5800000001,48,300687.88,17,0,2,0.1152,0
V002203,Smart GmbH,A,14.777777777777779,0.7111111111111111,573149.67,45,564437.75,26,0,3,0.4718,0
V002204,Digital Group,B,19.488888888888887,0.8,424504.32,45,239002.12,25,1,3,0.1005,0
V002205,Inter Group,A,21.055555555555557,0.8333333333333334,392032.71,36,139663.22,15,0,1,0.1492,0
V002206,Alpha Inc,A,23.425,0.825,714588.19,40,221250.85,28,0,1,0.0462,0
V002207,Agro Corp,A,23.023809523809526,0.7380952380952381,533702.01,42,253081.51,26,0,3,0.0753,0
V002208,Zeta Associates,A,22.289473684210527,0.7368421052631579,608671.44,38,117928.67,18,0,3,0.1692,0
V002209,Tech GmbH,D,27.67391304347826,0.8260869565217391,375316.73,46,341309.57,27,3,1,0.2134,0
V002210,Eco BV,C,25.974358974358974,0.8461538461538461,462623.94,39,311396.23,27,2,1,0.0925,0
V002211,Epsilon BV,A,19.428571428571427,0.7346938775510204,539418.75,49,306664.17,32,0,3,0.1014,0
V002212,Logis Pvt Ltd,A,26.88888888888889,0.7555555555555555,463368.77,45,116793.5,12,0,1,0.2983,0
V002213,Pharma Corp,B,20.705882352941178,0.7647058823529411,964247.9,34,403967.82,28,1,2,0.2332,0
V002214,Inter Partners,C,24.148936170212767,0.851063829787234,645050.5,47,363126.12,20,2,1,0.0993,0
V002215,Beta Inc,B,23.40909090909091,0.7727272727272727,533214.7,44,455847.58999999997,30,1,0,0.0875,0
V002216,Energy Enterprises,C,21.097560975609756,0.7560975609756098,625491.16,41,415563.76,26,2,3,0.1103,0
V002217,Delta Corp,A,23.558823529411764,0.7352941176470589,634845.3099999999,34,546716.69,27,0,0,0.2374,0
V002218,Agro Services,D,25.148936170212767,0.9148936170212766,721335.33,47,168451.16,20,3,1,0.33,0
V002219,Epsilon Solutions,C,23.0,0.7674418604651163,1136098.58,43,397856.83999999997,26,2,2,0.3167,0
V002220,Gamma Associates,C,23.52173913043478,0.782608695652174,691977.79,46,116721.32,28,2,1,0.1614,0
V002221,Metal Services,B,27.354166666666668,0.7708333333333334,1086050.52,48,237342.63,24,1,2,0.4087,0
V002222,Logis AG,B,16.975609756097562,0.6585365853658537,410444.73,41,434260.76,27,1,3,0.3927,0
V002223,Alpha Inc,C,24.48076923076923,0.8461538461538461,580514.1,52,367586.97,31,2,1,0.0958,0
V002224,Delta AG,C,21.2,0.8,613494.99,45,336729.37,20,2,3,0.0596,0
V002225,Pro Industries,B,25.454545454545453,0.7878787878787878,719682.08,33,476078.95,31,1,0,0.1906,0
V002226,Prime Ltd,C,19.21951219512195,0.8292682926829268,1047867.88,41,539998.7200000001,32,2,2,0.4705,0
V002227,Zeta Services,A,25.137254901960784,0.8823529411764706,784656.12,51,172543.19,13,0,1,0.1864,0
V002228,Beta GmbH,B,20.571428571428573,0.7714285714285715,272600.89,35,283164.9,29,1,3,0.1724,0
V002229,Infra BV,A,27.434782608695652,0.8913043478260869,404352.05,46,779061.1399999999,32,0,0,0.5517,1
V002230,Infra Inc,D,15.774193548387096,0.7741935483870968,603829.05,31,215506.72,23,3,3,0.2594,0
V002231,Global Pvt Ltd,C,20.340425531914892,0.851063829787234,538030.96,47,446469.21,24,2,0,0.2279,0
V002232,Delta Solutions,A,23.526315789473685,0.7631578947368421,628657.51,38,384279.69999999995,16,0,1,0.0916,0
V002233,Global Associates,A,24.307692307692307,0.7948717948717948,292476.73,39,542580.35,23,0,0,0.2372,0
V002234,Digital Corp,B,27.925,0.875,542190.0599999999,40,326548.07,36,1,1,0.1967,0
V002235,Net Corp,C,21.814814814814813,0.8518518518518519,405749.12,27,165096.25,25,2,1,0.1078,0
V002236,Logis Pvt Ltd,A,20.325,0.7,541747.42,40,420059.37,17,0,3,0.2038,0
V002237,Tech AG,B,25.94736842105263,0.868421052631579,316111.31,38,577252.36,33,1,0,0.3328,0
V002238,Delta Partners,B,19.38,0.76,733715.71,50,189719.43,18,1,3,0.1364,0
V002239,Inter AG,D,24.80851063829787,0.7872340425531915,523723.02,47,424013.6,26,3,1,0.093,0
V002240,Delta Group,A,26.952380952380953,0.8095238095238095,306141.43,42,233902.68,25,0,1,0.1958,0
V002241,Logis BV,A,19.235294117647058,0.7058823529411765,623669.16,51,347454.95,25,0,3,0.1726,0
V002242,Trans Services,A,20.03921568627451,0.7647058823529411,443985.33,51,227228.39,24,0,3,0.0675,0
V002243,Tech AG,B,23.58695652173913,0.8478260869565217,788958.48,46,489829.38,30,1,2,0.1905,0
V002244,Inter Pvt Ltd,C,23.82758620689655,0.7931034482758621,295485.17,29,113148.25,23,2,1,0.2231,0
V002245,Smart Corp,D,20.3953488372093,0.7906976744186046,317128.86,43,474053.61000000004,26,3,0,0.2061,0
V002246,Prime Enterprises,D,15.017241379310345,0.603448275862069,889326.07,58,336067.04,32,3,3,0.6949,1
V002247,Digital Solutions,A,24.08823529411765,0.8235294117647058,696145.53,34,534115.14,30,0,0,0.171,0
V002248,Metal Enterprises,B,24.095238095238095,0.8571428571428571,622550.68,42,217943.75,26,1,1,0.0829,0
V002249,Pharma Industries,B,22.27906976744186,0.7906976744186046,529082.78,43,132557.63,20,1,1,0.0722,0
V002250,Metal Inc,A,25.23913043478261,0.782608695652174,533778.38,46,610517.88,27,0,0,0.2236,0
V002251,Agro BV,B,25.45,0.825,715951.78,40,195529.55,21,1,1,0.1,0
V002252,Pro Pvt Ltd,B,20.27906976744186,0.7441860465116279,337995.7,43,302700.77,25,1,3,0.1392,0
V002253,Alpha GmbH,B,18.325,0.775,939921.05,40,259382.84000000003,21,1,2,0.2693,0
V002254,Beta Services,A,26.142857142857142,0.9047619047619048,466840.81,42,292112.33,22,0,1,0.2345,0
V002255,Prime AG,B,21.089285714285715,0.6964285714285714,481241.98,56,158214.51,20,1,3,0.2097,0
V002256,Energy Ltd,A,18.738095238095237,0.6904761904761905,438666.0,42,471064.62,17,0,3,0.2852,0
V002257,Inter Group,C,20.764705882352942,0.7352941176470589,493852.08,34,282110.83999999997,12,2,3,0.0745,0
V002258,Epsilon Ltd,B,27.557692307692307,0.8653846153846154,699499.04,52,187800.34,15,1,1,0.2247,0
V002259,Energy Group,B,19.767857142857142,0.7857142857142857,790210.93,56,123994.69,20,1,2,0.2203,0
V002260,Smart Solutions,A,20.906976744186046,0.6976744186046512,551250.9299999999,43,199779.97,25,0,3,0.1728,0
V002261,Pharma Industries,C,25.742857142857144,0.7714285714285715,847297.04,35,251651.36000000002,18,2,2,0.1948,0
V002262,Inter Services,B,21.804878048780488,0.7560975609756098,346738.86,41,377903.37,34,1,3,0.1395,0
V002263,Energy Partners,A,12.236842105263158,0.7105263157894737,436865.06,38,399462.62,34,0,3,0.5076,0
V002264,Infra GmbH,B,23.942307692307693,0.8653846153846154,631861.9299999999,52,290651.15,19,1,1,0.0898,0
V002265,Beta Pvt Ltd,A,24.186046511627907,0.7674418604651163,499909.55,43,223133.44,21,0,1,0.0511,0
V002266,Smart GmbH,B,21.979166666666668,0.8125,796272.13,48,104918.32,16,1,2,0.2099,0
V002267,Zeta Inc,C,20.482758620689655,0.7068965517241379,833064.52,58,208188.39,20,2,3,0.2411,0
V002268,Pharma Group,D,25.068181818181817,0.7727272727272727,422778.66000000003,44,216625.24,23,3,1,0.0993,0
V002269,Tech Ltd,D,25.425,0.8,573096.7899999999,40,258696.81,21,3,1,0.0553,0
V002270,Zeta AG,B,16.564102564102566,0.7692307692307693,447989.3,39,97809.74,19,1,3,0.341,0
V002271,Alpha Group,B,24.416666666666668,0.75,359121.45,36,227963.87,26,1,1,0.1482,0
V002272,Prime Industries,C,22.054054054054053,0.7297297297297297,660039.89,37,411776.52,31,2,3,0.1452,0
V002273,Energy Industries,B,18.3,0.75,644448.5800000001,40,303856.54,26,1,3,0.1238,0
V002274,Sigma Services,A,22.53846153846154,0.8269230769230769,730244.33,52,726905.72,17,0,0,0.3594,0
V002275,Delta GmbH,C,23.4375,0.78125,536382.26,32,163193.63,26,2,1,0.0555,0
V002276,Global AG,B,24.025641025641026,0.8461538461538461,1033962.66,39,369176.84,28,1,2,0.2494,0
V002277,Tech Pvt Ltd,D,18.76086956521739,0.6739130434782609,682937.04,46,381018.05,28,3,3,0.2963,0
V002278,Sigma Partners,B,26.26829268292683,0.8292682926829268,484779.44,41,149669.21,18,1,1,0.1279,0
V002279,Net Pvt Ltd,C,17.756756756756758,0.6756756756756757,524506.32,37,389450.95,27,2,3,0.2689,0
V002280,Pro Group,C,21.285714285714285,0.8163265306122449,408624.78,49,617769.98,30,2,0,0.2338,0
V002281,Epsilon Corp,A,23.785714285714285,0.7380952380952381,484914.95,42,477612.87,24,0,0,0.1614,0
V002282,Agro Industries,A,30.35135135135135,0.8108108108108109,1018575.7,37,665279.32,16,0,0,0.727,1
V002283,Inter Group,A,28.897435897435898,0.8974358974358975,440764.59,39,255312.93,24,0,1,0.3436,0
V002284,Energy Inc,C,21.355555555555554,0.7777777777777778,615682.26,45,126840.54000000001,11,2,3,0.1188,0
V002285,Global AG,C,27.18918918918919,0.8648648648648649,613980.34,37,205713.96,23,2,1,0.1496,0
V002286,Beta Services,C,26.83783783783784,0.7837837837837838,544427.46,37,197163.13999999998,21,2,1,0.1311,0
V002287,Delta Corp,B,25.879310344827587,0.8103448275862069,678920.13,58,341852.52,22,1,1,0.1038,0
V002288,Smart Associates,B,15.895833333333334,0.7083333333333334,659748.67,48,325391.93,31,1,3,0.2762,0
V002289,Delta Group,A,22.425531914893618,0.7659574468085106,1347781.09,47,662108.28,22,0,2,0.652,1
V002290,Beta Solutions,A,17.92105263157895,0.7631578947368421,1079821.03,38,161519.34,21,0,2,0.3955,0
V002291,Global Ltd,B,22.674418604651162,0.8372093023255814,409125.95,43,184225.18,21,1,1,0.0698,0
V002292,Pro BV,B,22.102564102564102,0.8461538461538461,351842.29,39,396748.94,33,1,1,0.1759,0
V002293,Tech AG,C,25.0,0.813953488372093,444217.52,43,428819.22000000003,35,2,1,0.1071,0
V002294,Eco Pvt Ltd,A,18.814814814814813,0.7037037037037037,562790.59,27,334093.78,20,0,3,0.173,0
V002295,Alpha BV,A,25.46938775510204,0.8571428571428571,910588.84,49,284691.35,16,0,2,0.1891,0
V002296,Logis AG,B,20.303571428571427,0.75,565696.7,56,547921.69,20,1,0,0.2085,0
V002297,Prime Solutions,C,19.658536585365855,0.9024390243902439,407437.83999999997,41,491499.49,16,2,0,0.4218,0
V002298,Zeta Ltd,C,23.115384615384617,0.8269230769230769,329662.62,52,435309.97000000003,18,2,1,0.1657,0
V002299,Tech BV,A,25.645833333333332,0.8125,567026.5,48,449531.39,18,0,1,0.1125,0
V002300,Zeta Inc,C,22.027027027027028,0.7567567567567568,391101.31,37,189659.16,28,2,3,0.0843,0
V002301,Digital Enterprises,B,20.526315789473685,0.6842105263157895,350447.79,38,85306.97,16,1,3,0.4042,0
V002302,Digital BV,A,24.755555555555556,0.8222222222222222,405257.43,45,267175.24,20,0,1,0.056,0
V002303,Pro AG,B,25.28125,0.84375,1109779.95,32,298036.25,19,1,2,0.3141,0
V002304,Global Services,D,22.5,0.7368421052631579,396550.99,38,301512.22000000003,26,3,3,0.1116,0
V002305,Beta GmbH,A,14.095238095238095,0.6666666666666666,508431.42,42,466217.94999999995,30,0,3,0.5316,0
V002306,Net BV,A,20.82051282051282,0.7435897435897436,511462.88,39,220399.46,19,0,3,0.065,0
V002307,Infra Inc,C,22.264705882352942,0.8235294117647058,509823.67000000004,34,1150201.08,19,2,0,0.6559,1
V002308,Digital AG,C,26.35,0.825,290327.12,40,349456.72000000003,22,2,1,0.2388,0
V002309,Tech Enterprises,B,14.208333333333334,0.7083333333333334,405434.63,48,585924.78,16,1,3,0.5466,0
V002310,Epsilon GmbH,A,19.0,0.7708333333333334,585226.07,48,208713.01,23,0,3,0.0857,0
V002311,Energy Pvt Ltd,C,21.25531914893617,0.7872340425531915,630470.01,47,304373.57,21,2,3,0.0466,0
V002312,Metal Ltd,B,20.864864864864863,0.7837837837837838,721810.55,37,387139.31,16,1,2,0.1075,0
V002313,Metal AG,C,22.558823529411764,0.7647058823529411,336109.42,34,642153.66,32,2,0,0.2808,0
V002314,Beta Inc,D,23.11111111111111,0.8222222222222222,567049.65,45,341650.64,32,3,1,0.0498,0
V002315,Net Group,C,26.644444444444446,0.8666666666666667,1102763.08,45,147795.57,18,2,2,0.4102,0
V002316,Alpha Solutions,B,19.38235294117647,0.7352941176470589,380233.08,34,378412.37,26,1,3,0.1717,0
V002317,Energy Pvt Ltd,A,21.4,0.8285714285714286,359192.61,35,378536.23,34,0,1,0.174,0
V002318,Global Enterprises,B,22.866666666666667,0.8,923737.6900000001,45,278417.61,29,1,2,0.1251,0
V002319,Smart AG,D,22.69047619047619,0.8333333333333334,321794.12,42,161366.5,22,3,1,0.1437,0
V002320,Delta Solutions,A,22.40909090909091,0.7727272727272727,346200.58,44,254523.36,20,0,1,0.0805,0
V002321,Epsilon Group,C,19.72222222222222,0.75,568474.0700000001,36,409706.0,22,2,3,0.1266,0
V002322,Pro Industries,C,24.848484848484848,0.8484848484848485,768657.88,33,258514.2,18,2,1,0.1051,0
V002323,Beta Inc,A,23.2972972972973,0.7837837837837838,559024.63,37,366608.78,26,0,1,0.0557,0
V002324,Global Services,A,21.583333333333332,0.8611111111111112,966318.39,36,237597.25,20,0,2,0.2679,0
V002325,Smart Partners,B,19.7027027027027,0.7837837837837838,574344.73,37,179312.88,20,1,3,0.0844,0
V002326,Uni GmbH,A,17.170731707317074,0.7560975609756098,489468.79,41,347706.31,16,0,3,0.1824,0
V002327,Delta Enterprises,D,23.48936170212766,0.851063829787234,778238.91,47,281234.68,17,3,2,0.1083,0
V002328,Digital Services,D,20.682926829268293,0.6585365853658537,731961.6,41,380276.63,24,3,3,0.3533,0
V002329,Beta Services,B,22.69047619047619,0.7857142857142857,716558.65,42,487488.32999999996,25,1,0,0.1453,0
V002330,Pharma Pvt Ltd,C,18.710526315789473,0.7894736842105263,249929.24000000002,38,307465.33,27,2,3,0.2684,0
V002331,Inter Services,A,19.11111111111111,0.7333333333333333,732451.91,45,188817.08000000002,20,0,3,0.1554,0
V002332,Gamma Services,A,23.170731707317074,0.7804878048780488,388058.95,41,428811.74,23,0,0,0.1099,0
V002333,Smart Inc,A,27.92105263157895,0.8421052631578947,552783.1799999999,38,348317.61,23,0,1,0.1722,0
V002334,Metal Inc,A,17.551020408163264,0.7346938775510204,438614.35,49,248282.81,32,0,3,0.1588,0
V002335,Logis Services,A,20.622222222222224,0.7777777777777778,353489.92,45,402455.04000000004,25,0,3,0.1419,0
V002336,Energy Services,A,18.5,0.7391304347826086,793662.45,46,422728.32,27,0,3,0.2238,0
V002337,Net Industries,A,26.387755102040817,0.8775510204081632,1174441.77,49,456427.18000000005,18,0,2,0.4925,0
V002338,Logis Enterprises,A,22.25531914893617,0.8085106382978723,708732.76,47,233106.28,26,0,2,0.0481,0
V002339,Tech Services,B,22.931818181818183,0.7045454545454546,470430.66000000003,44,150305.49,21,1,3,0.2288,0
V002340,Agro Corp,C,16.6046511627907,0.6744186046511628,675804.7,43,317788.75,19,2,3,0.3042,0
V002341,Alpha AG,B,26.666666666666668,0.9259259259259259,442990.14,27,327757.64,24,1,1,0.3495,0
V002342,Smart Ltd,A,20.933333333333334,0.8222222222222222,558830.43,45,333432.06,13,0,1,0.0837,0
V002343,Energy Associates,C,26.3,0.875,351804.05,40,355539.92,29,2,1,0.2187,0
V002344,Metal Group,C,27.363636363636363,0.8484848484848485,298642.47000000003,33,350905.57,23,2,1,0.2617,0
V002345,Eco BV,C,17.666666666666668,0.7777777777777778,547603.79,36,254150.99,22,2,3,0.1459,0
V002346,Prime Ltd,A,23.22222222222222,0.8,847288.64,45,413727.13,35,0,2,0.1351,0
V002347,Eco Group,A,19.976190476190474,0.7857142857142857,527129.3,42,384592.37,29,0,3,0.0918,0
V002348,Eco AG,B,19.153846153846153,0.7692307692307693,536906.12,39,285272.5,21,1,3,0.0819,0
V002349,Delta Pvt Ltd,B,18.475,0.725,540337.07,40,101517.75,18,1,3,0.2645,0
V002350,Pro Ltd,B,20.0,0.7428571428571429,454077.3,35,292178.78,28,1,3,0.0776,0
V002351,Trans Industries,B,20.975,0.825,653418.78,40,184246.51,23,1,1,0.0886,0
V002352,Metal AG,A,25.58695652173913,0.7608695652173914,411593.42,46,353745.61,24,0,1,0.1561,0
V002353,Global Ltd,A,20.02777777777778,0.6666666666666666,815073.48,36,187499.94,18,0,3,0.3426,0
V002354,Agro BV,A,24.925,0.85,591103.24,40,173490.42,18,0,1,0.0763,0
V002355,Alpha Partners,B,19.85,0.775,458921.34,40,238643.68,22,1,3,0.0648,0
V002356,Logis Inc,A,18.442307692307693,0.7115384615384616,427810.9,52,158565.11,18,0,3,0.2042,0
V002357,Digital Ltd,B,23.142857142857142,0.8333333333333334,844554.4500000001,42,87002.38,15,1,2,0.2677,0
V002358,Metal Group,D,15.282608695652174,0.6956521739130435,578621.08,46,137513.61,17,3,3,0.3662,0
V002359,Prime Corp,B,16.511627906976745,0.7209302325581395,1309790.1099999999,43,535215.71,23,1,2,0.7023,1
V002360,Beta Associates,B,18.727272727272727,0.75,952108.07,44,310665.4,16,1,2,0.2533,0
V002361,Infra Solutions,D,29.3953488372093,0.813953488372093,606985.61,43,267390.45,26,3,1,0.3121,0
V002362,Gamma Partners,B,19.170212765957448,0.7872340425531915,763234.77,47,330463.94,19,1,2,0.1505,0
V002363,Sigma Solutions,A,24.5,0.8055555555555556,533258.35,36,295907.69,23,0,1,0.025,0
V002364,Metal Inc,A,21.676470588235293,0.7058823529411765,896065.3099999999,34,248923.16999999998,26,0,2,0.2846,0
V002365,Trans AG,A,20.452380952380953,0.7857142857142857,424900.41,42,259985.62,20,0,3,0.061,0
V002366,Smart Industries,A,22.6,0.825,378363.08,40,285013.67,28,0,1,0.0721,0
V002367,Metal Associates,B,19.609756097560975,0.7804878048780488,622440.01,41,459394.18,28,1,0,0.1592,0
V002368,Tech Associates,B,23.272727272727273,0.8181818181818182,450361.32,44,298795.57999999996,18,1,1,0.019,0
V002369,Infra Associates,A,28.6,0.8571428571428571,499249.68,35,55586.57,15,0,1,0.4392,0
V002370,Sigma Associates,A,26.895833333333332,0.7916666666666666,827436.33,48,85338.83,15,0,2,0.3422,0
V002371,Epsilon BV,C,26.767441860465116,0.813953488372093,479339.52,43,119020.29,18,2,1,0.1783,0
V002372,Energy GmbH,B,24.314285714285713,0.8285714285714286,477783.17,35,280093.85,26,1,1,0.047,0
V002373,Zeta AG,D,17.8,0.7142857142857143,449615.09,35,397346.2,25,3,3,0.2027,0
V002374,Agro AG,A,26.771428571428572,0.8857142857142857,328710.59,35,192564.46,19,0,1,0.2725,0
V002375,Pro AG,A,22.73170731707317,0.8048780487804879,389398.0,41,183104.94,24,0,1,0.0513,0
V002376,Pro Solutions,A,20.275,0.725,334667.91000000003,40,243324.27,33,0,3,0.1513,0
V002377,Net Solutions,B,18.34285714285714,0.7714285714285715,360590.9,35,268675.12,17,1,3,0.1492,0
V002378,Digital BV,B,29.6875,0.9375,225351.83000000002,32,152108.77,24,1,1,0.6902,1
V002379,Inter BV,A,23.023255813953487,0.9069767441860465,360128.3,43,178110.0,26,0,1,0.2943,0
V002380,Infra GmbH,A,26.414634146341463,0.8292682926829268,511582.17,41,338022.18,18,0,1,0.1049,0
V002381,Gamma Enterprises,A,24.4375,0.7916666666666666,683637.26,48,321568.87,21,0,1,0.0715,0
V002382,Logis Associates,B,23.242424242424242,0.7878787878787878,273312.51,33,205258.99,22,1,1,0.1497,0
V002383,Net Ltd,A,24.170212765957448,0.8297872340425532,757076.24,47,288082.74,26,0,2,0.0648,0
V002384,Agro Solutions,A,17.61904761904762,0.7380952380952381,651391.68,42,147101.54,14,0,3,0.2069,0
V002385,Energy Industries,A,18.853658536585368,0.7804878048780488,532671.8,41,156671.58000000002,22,0,3,0.1342,0
V002386,Inter Associates,B,18.42222222222222,0.7333333333333333,1009503.79,45,113575.43000000001,21,1,2,0.4184,0
V002387,Tech Associates,A,18.289473684210527,0.7894736842105263,333246.8,38,471812.99,19,0,3,0.2727,0
V002388,Beta GmbH,A,22.25,0.875,419696.93,40,223499.77000000002,19,0,1,0.1582,0
V002389,Tech Enterprises,B,22.791666666666668,0.7916666666666666,815604.5,48,267926.89,16,1,2,0.0937,0
V002390,Smart AG,A,23.29787234042553,0.7659574468085106,527987.54,47,170602.31,16,0,1,0.0594,0
V002391,Pharma Corp,C,23.91111111111111,0.8,435312.81,45,173954.34,27,2,1,0.0352,0
V002392,Eco BV,A,24.513513513513512,0.8378378378378378,907984.78,37,103243.33,17,0,2,0.2919,0
V002393,Metal Inc,B,24.63888888888889,0.8055555555555556,359010.12,36,221660.32,17,1,1,0.0837,0
V002394,Trans GmbH,C,23.57894736842105,0.7631578947368421,769262.11,38,877637.9900000001,26,2,0,0.4966,0
V002395,Pharma Pvt Ltd,B,26.155555555555555,0.8444444444444444,407495.17,45,268991.48,20,1,1,0.1138,0
V002396,Uni AG,C,15.5,0.6944444444444444,437188.27999999997,36,356672.53,20,2,3,0.3428,0
V002397,Pharma Ltd,B,22.282608695652176,0.8260869565217391,501055.05,46,172370.31,23,1,1,0.0534,0
V002398,Inter Industries,B,22.533333333333335,0.7777777777777778,371201.75,45,551943.9400000001,31,1,0,0.1732,0
V002399,Alpha Partners,B,16.314285714285713,0.7142857142857143,491433.1,35,640199.8200000001,23,1,0,0.4018,0
V002400,Infra GmbH,A,18.0,0.7631578947368421,713379.5399999999,38,146247.61000000002,24,0,3,0.1964,0
V002401,Alpha Ltd,B,21.86046511627907,0.7674418604651163,442080.72,43,174748.52,20,1,3,0.0569,0
V002402,Pro Solutions,A,24.236842105263158,0.7631578947368421,378931.21,38,179428.93,20,0,1,0.1174,0
V002403,Smart Pvt Ltd,A,16.413793103448278,0.6551724137931034,382185.63,29,186152.74,17,0,3,0.3963,0
V002404,Logis Inc,A,18.115384615384617,0.7692307692307693,561077.54,52,499073.92,29,0,3,0.2117,0
V002405,Trans Ltd,B,23.363636363636363,0.75,425450.42,44,332934.89,23,1,3,0.0929,0
V002406,Alpha Partners,A,22.6,0.775,1057065.98,40,184989.44,22,0,2,0.2395,0
V002407,Prime Partners,A,20.975609756097562,0.7560975609756098,438409.89,41,210273.88,19,0,3,0.058,0
V002408,Uni Associates,A,21.5609756097561,0.7317073170731707,458151.84,41,297310.19,27,0,3,0.0854,0
V002409,Eco Pvt Ltd,A,24.686274509803923,0.8431372549019608,421616.59,51,267777.68,26,0,1,0.0692,0
V002410,Digital BV,A,21.804878048780488,0.7560975609756098,635022.91,41,84325.75,25,0,3,0.192,0
V002411,Eco Partners,B,18.7,0.7,592158.02,50,438261.77999999997,19,1,3,0.2443,0
V002412,Beta Partners,A,19.928571428571427,0.8571428571428571,345900.1,42,649466.25,18,0,0,0.4149,0
V002413,Sigma Corp,C,20.526315789473685,0.7631578947368421,358373.54,38,275783.57,30,2,3,0.095,0
V002414,Digital Inc,B,17.537037037037038,0.6851851851851852,459408.57,54,719477.03,37,1,0,0.5105,0
V002415,Net Associates,B,17.70212765957447,0.7872340425531915,540688.8,47,302305.64,20,1,3,0.154,0
V002416,Epsilon Enterprises,C,25.596153846153847,0.7884615384615384,624750.02,52,326774.72,25,2,1,0.0867,0
V002417,Global Inc,C,19.1875,0.75,570708.0900000001,32,179723.89,23,2,3,0.1104,0
V002418,Gamma BV,B,26.872340425531913,0.8936170212765957,776035.2,47,366864.55,22,1,1,0.2629,0
V002419,Net Enterprises,D,28.486486486486488,0.8108108108108109,969144.99,37,459444.44,32,3,2,0.4339,0
V002420,Prime Services,B,20.58974358974359,0.7948717948717948,860457.08,39,299469.79,24,1,2,0.1562,0
V002421,Prime AG,C,23.61764705882353,0.8529411764705882,429615.52,34,193939.05,16,2,1,0.0727,0
V002422,Logis Inc,B,21.314285714285713,0.8,482998.5,35,508329.36,17,1,0,0.1201,0
V002423,Energy Pvt Ltd,B,29.5625,0.78125,509877.73000000004,32,406902.25,24,1,1,0.3976,0
V002424,Uni Ltd,B,25.65714285714286,0.8,222857.76,35,250958.82,21,1,1,0.2628,0
V002425,Pro Solutions,A,23.08823529411765,0.7352941176470589,1051909.33,34,119850.98999999999,16,0,2,0.3566,0
V002426,Global GmbH,B,22.636363636363637,0.7636363636363637,531513.48,55,241194.02,22,1,3,0.0371,0
V002427,Zeta Ltd,B,25.677419354838708,0.7096774193548387,411853.37,31,120063.25,22,1,1,0.3607,0
V002428,Beta AG,A,20.41176470588235,0.8235294117647058,481674.5,34,256980.01,18,0,1,0.0782,0
V002429,Prime Partners,B,21.638297872340427,0.723404255319149,356515.96,47,266634.92,16,1,3,0.1431,0
V002430,Infra Solutions,D,24.09090909090909,0.7954545454545454,716269.67,44,598905.37,18,3,0,0.2321,0
V002431,Sigma Enterprises,A,19.41860465116279,0.7674418604651163,599046.59,43,194763.15,23,0,3,0.0942,0
V002432,Alpha Inc,D,17.054054054054053,0.6486486486486487,408708.11,37,159219.44999999998,17,3,3,0.4241,0
V002433,Epsilon BV,B,21.125,0.8125,504248.18,32,938263.87,32,1,0,0.5176,0
V002434,Inter Ltd,B,24.638297872340427,0.7659574468085106,770007.5700000001,47,635864.4400000001,16,1,0,0.3253,0
V002435,Delta Enterprises,A,19.49019607843137,0.7843137254901961,754538.85,51,535550.09,16,0,0,0.2582,0
V002436,Inter Industries,A,13.051282051282051,0.6153846153846154,679821.52,39,188749.44,17,0,3,0.7175,1
V002437,Inter Industries,A,21.52777777777778,0.75,623615.02,36,743905.3099999999,23,0,0,0.3659,0
V002438,Epsilon Partners,D,30.756756756756758,0.918918918918919,477077.36,37,243243.07,22,3,1,0.5707,1
V002439,Smart GmbH,C,24.980392156862745,0.8235294117647058,856384.76,51,232759.5,27,2,2,0.1301,0
V002440,Inter Group,B,23.5,0.86,669638.8099999999,50,294779.42,22,1,1,0.0806,0
V002441,Trans Industries,A,25.096774193548388,0.7741935483870968,395078.38,31,353784.74000000005,19,0,1,0.1208,0
V002442,Net Associates,C,26.82051282051282,0.8974358974358975,1033089.4,39,319602.60000000003,19,2,2,0.4017,0
V002443,Infra Industries,D,19.933333333333334,0.7111111111111111,694678.74,45,258712.95,18,3,3,0.156,0
V002444,Pharma Associates,B,24.0,0.8378378378378378,264600.29,37,356590.52999999997,40,1,1,0.2249,0
V002445,Infra Solutions,A,20.70909090909091,0.7636363636363637,736656.79,55,148441.94,18,0,3,0.1293,0
V002446,Digital Corp,A,21.6,0.8888888888888888,474277.73,45,299185.11,25,0,1,0.2113,0
V002447,Pharma BV,A,28.22,0.82,445480.79,50,179502.28,24,0,1,0.2177,0
V002448,Epsilon GmbH,A,20.29268292682927,0.7560975609756098,611972.32,41,395559.61,22,0,3,0.1155,0
V002449,Tech Solutions,B,23.72093023255814,0.813953488372093,338101.75,43,313432.77,16,1,1,0.0921,0
V002450,Delta Inc,D,28.575,0.875,488150.51,40,318045.35,23,3,1,0.277,0
V002451,Prime Enterprises,A,20.513513513513512,0.7297297297297297,775801.05,37,280825.25,21,0,3,0.1465,0
V002452,Metal Group,A,26.653061224489797,0.8163265306122449,823279.86,49,126846.41,19,0,2,0.2517,0
V002453,Energy Corp,B,28.857142857142858,0.8571428571428571,529561.79,42,147568.56,17,1,1,0.3152,0
V002454,Net Ltd,B,17.571428571428573,0.6571428571428571,260735.78,35,643637.4,24,1,3,0.6244,1
V002455,Beta Corp,B,21.40909090909091,0.7954545454545454,675355.16,44,549446.82,14,1,0,0.2001,0
V002456,Agro Partners,A,25.097560975609756,0.8048780487804879,719656.92,41,155898.09,17,0,1,0.1114,0
V002457,Pharma Enterprises,B,17.86842105263158,0.6842105263157895,382730.69,38,161087.81,23,1,3,0.2931,0
V002458,Uni Services,C,23.266666666666666,0.8,578148.73,45,202766.92,15,2,1,0.0132,0
V002459,Smart Corp,C,22.6,0.7777777777777778,556080.08,45,319837.77,22,2,1,0.0349,0
V002460,Alpha Ltd,A,20.08695652173913,0.6956521739130435,490342.99,46,148180.3,23,0,3,0.2047,0
V002461,Agro Pvt Ltd,D,16.166666666666668,0.6944444444444444,671842.78,36,199793.56,27,3,3,0.3054,0
V002462,Prime Industries,C,19.595238095238095,0.6904761904761905,916400.3300000001,42,313277.04,16,2,3,0.3193,0
V002463,Metal Ltd,A,19.25,0.7,822153.3999999999,40,276423.24,28,0,3,0.2499,0
V002464,Trans Ltd,B,18.91304347826087,0.782608695652174,325844.52,46,489779.77,21,1,0,0.2479,0
V002465,Eco Partners,C,26.307692307692307,0.8269230769230769,798273.61,52,213290.81,22,2,2,0.1527,0
V002466,Infra Services,A,24.56756756756757,0.8378378378378378,316792.59,37,488060.81,24,0,1,0.2108,0
V002467,Uni Partners,B,20.64,0.84,1162643.33,50,159253.54,23,1,2,0.424,0
V002468,Zeta Solutions,C,25.87878787878788,0.7878787878787878,387737.48,33,111735.28,16,2,1,0.2295,0
V002469,Epsilon GmbH,A,23.51063829787234,0.7446808510638298,560163.71,47,179102.29,22,0,3,0.0982,0
V002470,Beta Group,D,22.071428571428573,0.8095238095238095,461120.41,42,248766.92,21,3,1,0.0183,0
V002471,Digital Associates,B,21.28301886792453,0.8113207547169812,911359.54,53,520921.0,27,1,2,0.28,0
V002472,Delta Ltd,B,29.767441860465116,0.8837209302325582,569831.0,43,367264.71,29,1,1,0.4087,0
V002473,Uni Ltd,A,24.58974358974359,0.8205128205128205,528440.21,39,246995.94,21,0,1,0.0325,0
V002474,Global Associates,B,22.307692307692307,0.7435897435897436,405454.26,39,528127.04,30,1,0,0.1802,0
V002475,Sigma Partners,A,16.15,0.675,868810.97,40,316683.95,22,0,3,0.4181,0
V002476,Pro Inc,A,22.864864864864863,0.7837837837837838,946445.04,37,161606.8,22,0,2,0.1875,0
V002477,Zeta Partners,B,24.82051282051282,0.7692307692307693,312359.73,39,328729.44,30,1,1,0.1795,0
V002478,Sigma AG,D,24.121951219512194,0.7804878048780488,478480.09,41,182439.52,19,3,1,0.0574,0
V002479,Uni Corp,A,27.083333333333332,0.875,684591.27,48,262301.15,23,0,1,0.1656,0
V002480,Alpha Pvt Ltd,B,26.393939393939394,0.8181818181818182,560163.72,33,292735.47,23,1,1,0.0796,0
V002481,Epsilon Solutions,B,22.035714285714285,0.8214285714285714,563435.91,56,222636.25,19,1,1,0.0264,0
V002482,Digital Associates,A,24.951219512195124,0.8292682926829268,298108.11,41,144922.73,20,0,1,0.1988,0
V002483,Gamma AG,A,23.314285714285713,0.7714285714285715,396448.79,35,225497.85,24,0,1,0.0383,0
V002484,Gamma Associates,A,20.25,0.7272727272727273,392063.22,44,394907.94,24,0,3,0.1691,0
V002485,Gamma Corp,A,21.31578947368421,0.7368421052631579,349129.8,38,541244.5599999999,31,0,0,0.2358,0
V002486,Eco Enterprises,D,23.642857142857142,0.8571428571428571,532947.28,56,199514.1,25,3,1,0.0693,0
V002487,Smart Pvt Ltd,C,24.348837209302324,0.7209302325581395,748512.08,43,151403.98,23,2,2,0.2379,0
V002488,Global Ltd,A,24.92105263157895,0.8421052631578947,545800.5599999999,38,948208.75,24,0,0,0.4925,0
V002489,Delta Ltd,D,22.68421052631579,0.7894736842105263,1011650.15,38,158829.17,17,3,2,0.2227,0
V002490,Trans BV,A,23.756756756756758,0.7837837837837838,624484.03,37,352974.55,22,0,1,0.0558,0
V002491,Pharma Solutions,D,22.37837837837838,0.8108108108108109,335723.82,37,164939.86,19,3,1,0.1009,0
V002492,Metal GmbH,A,30.045454545454547,0.9090909090909091,469604.7,44,357833.96,23,0,1,0.4915,0
V002493,Energy AG,B,23.8,0.8,625036.2,50,210775.73,20,1,1,0.0301,0
V002494,Infra GmbH,B,26.325581395348838,0.8604651162790697,1054967.49,43,542401.01,19,1,2,0.4702,0
V002495,Gamma Enterprises,C,25.425,0.75,360228.42000000004,40,420723.65,24,2,1,0.2367,0
V002496,Uni AG,A,25.12,0.8,554008.31,50,182372.19,20,0,1,0.0588,0
V002497,Infra Services,A,22.204545454545453,0.8181818181818182,384669.52999999997,44,691982.97,19,0,0,0.298,0
V002498,Tech Pvt Ltd,A,20.84,0.76,841626.0499999999,50,183390.09,25,0,2,0.1523,0
V002499,Tech Inc,A,21.755102040816325,0.7959183673469388,525544.07,49,507997.88,22,0,0,0.1065,0
V002500,Eco Pvt Ltd,C,24.341463414634145,0.8292682926829268,880553.25,41,256038.22,30,2,2,0.1361,0
V002501,Trans Solutions,C,24.22222222222222,0.8222222222222222,672321.05,45,286694.49,23,2,1,0.0418,0
V002502,Trans GmbH,B,22.933333333333334,0.8444444444444444,659623.5700000001,45,116221.05,18,1,1,0.1577,0
V002503,Pro Ltd,C,21.630434782608695,0.7391304347826086,332691.75,46,288745.14,23,2,3,0.1365,0
V002504,Prime AG,B,18.795454545454547,0.6818181818181818,697448.76,44,216489.97,25,1,3,0.2445,0
V002505,Infra AG,C,23.645833333333332,0.75,472708.27,48,226008.76,30,2,3,0.0753,0
V002506,Tech GmbH,C,21.58974358974359,0.7692307692307693,322766.37,39,553739.35,20,2,0,0.2129,0
V002507,Eco Associates,A,22.47222222222222,0.8333333333333334,472145.08,36,1016734.05,24,0,0,0.5689,1
V002508,Tech AG,C,22.29268292682927,0.7804878048780488,987262.6,41,134761.63,20,2,2,0.2689,0
V002509,Gamma Associates,D,26.977272727272727,0.8181818181818182,437296.43,44,196606.08000000002,22,3,1,0.1258,0
V002510,Trans Services,B,22.203703703703702,0.6851851851851852,758096.71,54,99803.87,10,1,3,0.4182,0
V002511,Global Solutions,A,17.30952380952381,0.7380952380952381,555405.59,42,224999.76,23,0,3,0.1532,0
V002512,Eco AG,B,21.075,0.9,406629.3,40,93604.95,15,1,1,0.4018,0
V002513,Inter Services,B,27.457142857142856,0.8571428571428571,1051928.65,35,757535.63,28,1,0,0.6337,1
V002514,Delta Solutions,D,22.77777777777778,0.8333333333333334,329639.52,36,95117.38,18,3,1,0.2394,0
V002515,Delta Services,A,25.82608695652174,0.8913043478260869,312005.29,46,656817.5599999999,30,0,0,0.4621,0
V002516,Sigma Inc,A,24.17241379310345,0.7931034482758621,417037.45,29,353898.31,16,0,1,0.0638,0
V002517,Epsilon Solutions,C,22.66,0.8,851089.58,50,99245.22,17,2,2,0.235,0
V002518,Gamma Ltd,A,24.044444444444444,0.7111111111111111,762490.6,45,149038.57,18,0,2,0.2721,0
V002519,Delta Ltd,C,24.31111111111111,0.7777777777777778,466072.55,45,232972.38,25,2,1,0.0505,0
V002520,Pharma GmbH,A,22.024390243902438,0.7560975609756098,641931.1,41,218742.54,28,0,3,0.0644,0
V002521,Gamma Industries,B,22.473684210526315,0.8070175438596491,544306.34,57,301139.5,25,1,1,0.0039,0
V002522,Global Partners,A,17.829268292682926,0.7560975609756098,777580.91,41,158892.72,24,0,3,0.2266,0
V002523,Infra Solutions,B,20.906976744186046,0.7906976744186046,514109.14,43,209444.88,24,1,3,0.0405,0
V002524,Beta Services,A,25.0,0.918918918918919,478131.46,37,514218.61,23,0,1,0.341,0
V002525,Uni Corp,A,22.170731707317074,0.7804878048780488,523494.23,41,353287.23,27,0,3,0.0488,0
V002526,Smart Services,C,22.666666666666668,0.8333333333333334,369765.56,42,298158.22000000003,21,2,1,0.0848,0
V002527,Eco Solutions,A,26.564102564102566,0.8461538461538461,318814.19,39,349639.27,22,0,1,0.2182,0
V002528,Energy Inc,B,13.212121212121213,0.6666666666666666,647553.27,33,341746.61,28,1,3,0.535,0
V002529,Smart Associates,B,22.11111111111111,0.7333333333333333,618120.63,45,354582.34,23,1,3,0.1176,0
V002530,Global BV,B,20.80952380952381,0.8095238095238095,680157.4,42,221244.97,21,1,2,0.0671,0
V002531,Sigma Ltd,A,21.236842105263158,0.7368421052631579,631589.37,38,230365.46000000002,17,0,3,0.0901,0
V002532,Agro BV,B,19.317073170731707,0.7560975609756098,463781.72,41,418961.36,25,1,3,0.1346,0
V002533,Sigma Inc,A,20.823529411764707,0.7352941176470589,227012.14,34,188180.88999999998,20,0,3,0.2863,0
V002534,Infra Services,A,21.681818181818183,0.7954545454545454,638680.38,44,322808.98,22,0,1,0.0476,0
V002535,Agro GmbH,B,20.75,0.6666666666666666,569432.41,36,243903.9,26,1,3,0.2539,0
V002536,Zeta GmbH,A,27.76923076923077,0.8269230769230769,894711.64,52,318030.01,28,0,2,0.2785,0
V002537,Global Partners,B,21.405405405405407,0.7567567567567568,597385.81,37,105691.82,17,1,3,0.1583,0
V002538,Gamma Associates,C,25.5,0.875,397437.81,40,305540.51,30,2,1,0.1514,0
V002539,Inter Associates,A,30.146341463414632,0.9024390243902439,289216.19,41,369879.61,31,0,1,0.5678,1
V002540,Global Enterprises,B,15.958333333333334,0.6875,647992.88,48,453258.28,22,1,3,0.3688,0
V002541,Delta Industries,B,20.242424242424242,0.7272727272727273,253461.54,33,703373.15,23,1,0,0.5001,0
V002542,Prime Group,A,23.72093023255814,0.8604651162790697,493850.12,43,108122.73,17,0,1,0.1788,0
V002543,Digital Services,A,19.571428571428573,0.6857142857142857,692767.77,35,147431.69,16,0,3,0.2792,0
V002544,Pharma BV,C,25.27777777777778,0.8888888888888888,464866.99,36,275182.89,24,2,1,0.156,0
V002545,Uni GmbH,A,24.72,0.8,144249.45,25,189130.19,18,0,1,0.3133,0
V002546,Beta Corp,A,23.333333333333332,0.8333333333333334,466571.77,42,164983.07,17,0,1,0.0432,0
V002547,Logis Associates,A,23.923076923076923,0.7948717948717948,767263.23,39,209669.33000000002,15,0,2,0.0758,0
V002548,Tech Partners,A,19.31111111111111,0.6888888888888889,647321.93,45,207180.95,25,0,3,0.2052,0
V002549,Pro Industries,A,23.217391304347824,0.782608695652174,920992.8200000001,46,180259.37000000002,20,0,2,0.1513,0
V002550,Delta Ltd,C,24.2,0.8222222222222222,543108.29,45,442101.26,23,2,1,0.083,0
V002551,Energy Ltd,B,24.710526315789473,0.8421052631578947,933216.63,38,143601.91999999998,16,1,2,0.2251,0
V002552,Pharma Enterprises,C,20.973684210526315,0.8421052631578947,360019.06,38,629278.2300000001,24,2,0,0.3191,0
V002553,Net Partners,A,23.74418604651163,0.813953488372093,350685.45,43,723116.71,27,0,0,0.3523,0
V002554,Alpha Inc,C,12.8,0.6444444444444445,679415.7,45,344945.27,28,2,3,0.6344,1
V002555,Alpha Associates,A,22.037037037037038,0.8333333333333334,530897.74,54,398842.12,28,0,1,0.0937,0
V002556,Gamma Industries,C,25.872340425531913,0.8085106382978723,574345.57,47,267566.94,28,2,1,0.0676,0
V002557,Trans Ltd,C,13.08108108108108,0.7027027027027027,996347.8900000001,37,522169.8,27,2,3,0.661,1
V002558,Logis GmbH,A,18.666666666666668,0.7222222222222222,594499.78,36,191829.82,21,0,3,0.1717,0
V002559,Infra Industries,B,19.791666666666668,0.7916666666666666,596616.13,48,228621.88,24,1,3,0.0858,0
V002560,Pro Ltd,C,24.5,0.8214285714285714,880736.9400000001,28,406412.2,22,2,2,0.1688,0
V002561,Delta Corp,B,15.457142857142857,0.6857142857142857,261990.02,35,310104.45,27,1,3,0.4483,0
V002562,Agro Associates,D,18.4375,0.75,631483.3,48,370935.0,25,3,3,0.1485,0
V002563,Uni BV,A,20.72972972972973,0.7027027027027027,299117.31,37,541817.2000000001,29,0,0,0.3708,0
V002564,Gamma AG,B,22.627450980392158,0.8235294117647058,536315.35,51,351399.57,22,1,1,0.0557,0
V002565,Net Corp,D,21.894736842105264,0.7368421052631579,299448.24,38,507187.06,19,3,0,0.2661,0
V002566,Trans Services,A,22.31578947368421,0.8157894736842105,351947.18,38,229474.57,23,0,1,0.0544,0
V002567,Zeta Associates,C,24.90909090909091,0.7954545454545454,789622.73,44,495104.50999999995,18,2,0,0.2028,0
V002568,Epsilon Services,D,22.38,0.78,699553.79,50,122279.90000000001,14,3,2,0.1522,0
V002569,Eco Corp,B,20.95,0.775,1066264.69,40,226908.24,25,1,2,0.2321,0
V002570,Epsilon Services,D,22.3953488372093,0.7674418604651163,434913.3,43,514418.81,34,3,0,0.1336,0
V002571,Energy Enterprises,D,24.789473684210527,0.8421052631578947,446947.69,38,177782.39,26,3,1,0.0761,0
V002572,Uni BV,D,25.035714285714285,0.75,310086.95,28,177600.1,19,3,1,0.2472,0
V002573,Pro BV,A,25.94736842105263,0.8947368421052632,297949.31,38,223060.86,24,0,1,0.2943,0
V002574,Trans BV,C,24.84,0.82,764894.81,50,352450.82,24,2,2,0.0935,0
V002575,Beta Inc,A,21.466666666666665,0.7111111111111111,322313.33,45,473458.85000000003,30,0,3,0.2617,0
V002576,Digital Industries,B,22.25,0.8214285714285714,799673.78,56,822424.43,39,1,0,0.4592,0
V002577,Logis Industries,C,22.0,0.75,311583.54,36,357079.21,18,2,3,0.1726,0
V002578,Digital Partners,A,22.325581395348838,0.7441860465116279,661438.9,43,184141.31,27,0,3,0.0999,0
V002579,Logis Solutions,C,19.324324324324323,0.8378378378378378,449240.24,37,306753.2,19,2,1,0.1734,0
V002580,Sigma Partners,B,20.476190476190474,0.6904761904761905,935930.28,42,185184.54,23,1,3,0.3371,0
V002581,Agro Enterprises,D,21.358490566037737,0.7924528301886793,911305.55,53,114596.01,18,3,2,0.27,0
V002582,Trans Solutions,C,24.807692307692307,0.8076923076923077,645522.76,52,385136.76,21,2,1,0.0783,0
V002583,Beta Solutions,C,18.75,0.75,513332.94,40,762546.05,31,2,0,0.4107,0
V002584,Prime Ltd,A,20.52173913043478,0.7608695652173914,426818.35000000003,46,236594.93,26,0,3,0.0637,0
V002585,Metal BV,A,22.557692307692307,0.7307692307692307,946680.72,52,287328.94,20,0,2,0.2231,0
V002586,Zeta BV,C,19.4375,0.6875,508378.43,48,248868.86000000002,29,2,3,0.1947,0
V002587,Gamma GmbH,D,19.658536585365855,0.7804878048780488,476219.14,41,224947.73,21,3,3,0.0757,0
V002588,Delta Enterprises,D,24.825,0.8,516740.88,40,247829.18,18,3,1,0.036,0
V002589,Net Services,C,28.18421052631579,0.8947368421052632,314457.94,38,426992.91,26,2,1,0.4087,0
V002590,Pharma Corp,D,21.5,0.7708333333333334,1035493.52,48,126782.34,15,3,2,0.299,0
V002591,Alpha Enterprises,B,21.333333333333332,0.7878787878787878,664116.4500000001,33,302315.99,28,1,3,0.0553,0
V002592,Epsilon Pvt Ltd,A,19.238095238095237,0.8095238095238095,465892.21,42,542308.27,23,0,0,0.2386,0
V002593,Infra Industries,B,20.2,0.775,515145.93,40,253109.73,27,1,3,0.0529,0
V002594,Infra Enterprises,A,21.3953488372093,0.6976744186046512,484207.02,43,565152.14,25,0,0,0.3098,0
V002595,Infra Partners,A,27.511627906976745,0.8837209302325582,876716.0,43,101250.13,23,0,1,0.4259,0
V002596,Delta Ltd,A,27.142857142857142,0.8333333333333334,631006.02,42,173187.62,24,0,1,0.1471,0
V002597,Agro AG,B,19.272727272727273,0.75,426452.24,44,280007.21,19,1,3,0.0955,0
V002598,Epsilon Industries,A,26.526315789473685,0.8245614035087719,852099.01,57,241162.97999999998,22,0,2,0.171,0
V002599,Logis Industries,C,25.977272727272727,0.8409090909090909,1097224.6,44,392805.86000000004,25,2,2,0.3487,0
V002600,Metal Solutions,C,24.473684210526315,0.7631578947368421,456040.17,38,237426.32,27,2,1,0.0789,0
V002601,Global Group,C,21.5609756097561,0.8048780487804879,774360.9099999999,41,429032.37,27,2,2,0.1384,0
V002602,Sigma Associates,A,23.244444444444444,0.7777777777777778,888160.25,45,442057.79000000004,22,0,2,0.1833,0
V002603,Energy Group,C,19.59090909090909,0.7045454545454546,556363.3300000001,44,274563.76,20,2,3,0.1491,0
V002604,Pharma Inc,B,19.589285714285715,0.7857142857142857,709419.12,56,167637.81,21,1,3,0.117,0
V002605,Zeta Enterprises,C,22.0,0.78,503925.28,50,390688.98,28,2,3,0.0653,0
V002606,Zeta BV,B,31.03125,0.90625,436471.56,32,370614.28,20,1,1,0.5415,0
V002607,Beta Solutions,A,28.697674418604652,0.8604651162790697,425569.85,43,577216.14,22,0,0,0.3862,0
V002608,Prime Solutions,B,24.825,0.875,1842730.4400000002,40,254413.35,22,1,2,0.6466,1
V002609,Metal Inc,B,21.341463414634145,0.8292682926829268,440536.17,41,161725.09,21,1,1,0.0889,0
V002610,Smart AG,A,21.452380952380953,0.7619047619047619,722982.57,42,534002.75,28,0,0,0.207,0
V002611,Beta Solutions,A,25.060606060606062,0.8787878787878788,525458.24,33,175184.37,21,0,1,0.1433,0
V002612,Delta Industries,A,22.36,0.8,731030.06,50,330725.9,20,0,2,0.062,0
V002613,Tech Corp,B,25.195652173913043,0.8043478260869565,1338863.28,46,188057.73,16,1,2,0.4858,0
V002614,Logis Pvt Ltd,B,24.55,0.825,682990.2000000001,40,362718.37,21,1,1,0.0811,0
V002615,Metal Ltd,B,21.428571428571427,0.8,314885.54,35,267049.12,32,1,1,0.1096,0
V002616,Infra Partners,B,17.121951219512194,0.7317073170731707,329121.17,41,414333.84,30,1,3,0.2893,0
V002617,Pro Solutions,C,20.58823529411765,0.8529411764705882,702696.6699999999,34,868146.24,35,2,0,0.5591,1
V002618,Zeta Inc,A,24.558139534883722,0.813953488372093,362510.25,43,131093.85,18,0,1,0.1369,0
V002619,Pro BV,C,25.6875,0.875,266592.91000000003,32,282013.63,28,2,1,0.2609,0
V002620,Pro Solutions,C,24.76923076923077,0.8205128205128205,340548.28,39,295144.6,25,2,1,0.1146,0
V002621,Metal Inc,A,21.34375,0.6875,300984.48,32,403777.23,21,0,3,0.3458,0
V002622,Pro GmbH,B,16.21276595744681,0.6595744680851063,658664.37,47,133885.48,18,1,3,0.4389,0
V002623,Alpha Pvt Ltd,A,19.34285714285714,0.8,839393.6900000001,35,216928.6,19,0,2,0.1937,0
V002624,Delta Ltd,C,20.15625,0.71875,1280833.72,32,172149.56,21,2,2,0.4781,0
V002625,Epsilon Enterprises,A,17.6734693877551,0.7142857142857143,443835.94,49,168541.06,17,0,3,0.2027,0
V002626,Uni Pvt Ltd,A,22.076923076923077,0.8461538461538461,333328.29,39,94925.56,11,0,1,0.2647,0
V002627,Agro Partners,B,28.666666666666668,0.7962962962962963,546026.29,54,657626.25,27,1,0,0.4228,0
V002628,Zeta Enterprises,A,19.575757575757574,0.7272727272727273,248072.61000000002,33,285401.76,30,0,3,0.2562,0
V002629,Metal AG,A,26.705882352941178,0.8235294117647058,877541.9400000001,34,483764.58999999997,15,0,2,0.2876,0
V002630,Infra Inc,A,16.214285714285715,0.6428571428571429,736337.12,42,338525.93,23,0,3,0.4542,0
V002631,Infra Enterprises,B,19.26829268292683,0.7317073170731707,295807.88,41,255416.16999999998,22,1,3,0.2064,0
V002632,Delta Services,B,23.92105263157895,0.7894736842105263,461801.08,38,237435.14,30,1,1,0.0254,0
V002633,Sigma Inc,B,29.3265306122449,0.8367346938775511,539166.98,49,173820.51,23,1,1,0.3262,0
V002634,Digital Group,A,21.977777777777778,0.7333333333333333,888553.9500000001,45,164204.91999999998,19,0,2,0.2128,0
V002635,Trans GmbH,A,20.871794871794872,0.8717948717948718,349737.84,39,167366.04,22,0,1,0.2582,0
V002636,Metal Group,A,20.08695652173913,0.782608695652174,389195.32,46,555602.1,26,0,0,0.2177,0
V002637,Smart Pvt Ltd,A,25.564102564102566,0.8461538461538461,423606.49,39,342599.4,32,0,1,0.1061,0
V002638,Agro Ltd,C,24.03030303030303,0.8484848484848485,546145.28,33,127408.37,22,2,1,0.0982,0
V002639,Agro Partners,B,19.62857142857143,0.7142857142857143,506986.49999999994,35,184806.83,18,1,3,0.1389,0
V002640,Infra BV,A,25.295454545454547,0.8409090909090909,466265.27999999997,44,459725.70999999996,23,0,1,0.1364,0
V002641,Energy Partners,A,24.634146341463413,0.7560975609756098,269986.15,41,189828.43,12,0,1,0.2605,0
V002642,Pharma Ltd,D,24.833333333333332,0.9,678807.25,30,141719.54,23,3,1,0.2667,0
V002643,Pro Industries,D,19.238095238095237,0.6904761904761905,471963.71,42,330420.52,23,3,3,0.183,0
V002644,Pro Group,A,25.11764705882353,0.8529411764705882,372572.95999999996,34,256181.1,20,0,1,0.1178,0
V002645,Zeta Corp,A,22.63888888888889,0.8611111111111112,307027.16,36,860205.36,27,0,0,0.5316,0
V002646,Uni Inc,C,25.63888888888889,0.8888888888888888,289187.18,36,644995.75,16,2,0,0.4597,0
V002647,Net Pvt Ltd,B,18.88235294117647,0.7254901960784313,846349.04,51,186420.97999999998,18,1,3,0.2488,0
V002648,Uni Partners,C,25.4390243902439,0.8292682926829268,501584.61,41,165392.83,19,2,1,0.0823,0
V002649,Beta Ltd,B,26.19148936170213,0.8297872340425532,688400.08,47,409990.72,27,1,1,0.1461,0
V002650,Digital Group,D,19.88888888888889,0.7407407407407407,740213.9,54,201969.93,17,3,3,0.1245,0
V002651,Digital Inc,A,24.454545454545453,0.8636363636363636,523274.91,44,367956.08999999997,23,0,1,0.1115,0
V002652,Metal Associates,B,18.391304347826086,0.717391304347826,638916.24,46,379267.6,35,1,3,0.1873,0
V002653,Uni Solutions,A,27.161290322580644,0.8709677419354839,857537.37,31,334898.5,20,0,2,0.2442,0
V002654,Gamma Industries,D,19.86111111111111,0.75,361906.86,36,274365.82,19,3,3,0.1127,0
V002655,Alpha Partners,A,21.954545454545453,0.7727272727272727,395381.25,44,225391.03,23,0,3,0.0387,0
V002656,Energy Industries,D,22.02777777777778,0.8055555555555556,420569.57,36,120286.59,13,3,1,0.0923,0
V002657,Prime Services,D,25.682926829268293,0.8048780487804879,1115197.3800000001,41,257928.30000000002,21,3,2,0.324,0
V002658,Alpha Associates,A,20.466666666666665,0.7555555555555555,449967.84,45,221411.91,23,0,3,0.0649,0
V002659,Alpha Partners,B,20.0,0.6111111111111112,314604.54,36,118133.0,14,1,3,0.5688,1
V002660,Epsilon Services,B,18.142857142857142,0.7142857142857143,493693.99,49,443415.97,23,1,3,0.2174,0
V002661,Net BV,A,20.53061224489796,0.8775510204081632,745255.0,49,95086.08,17,0,2,0.3852,0
V002662,Trans Corp,C,17.46153846153846,0.6666666666666666,566090.62,39,319255.55,25,2,3,0.2613,0
V002663,Sigma BV,B,21.384615384615383,0.9230769230769231,416932.17,26,402626.14,23,1,1,0.4177,0
V002664,Energy Corp,D,20.636363636363637,0.7272727272727273,364676.92,33,262807.01,23,3,3,0.1305,0
V002665,Infra GmbH,B,27.394736842105264,0.9210526315789473,235048.07,38,438062.27,33,1,1,0.5327,0
V002666,Gamma AG,A,26.28846153846154,0.8269230769230769,626317.66,52,245838.87,27,0,1,0.0824,0
V002667,Pharma Services,A,20.72340425531915,0.723404255319149,541693.77,47,219154.26,19,0,3,0.0959,0
V002668,Delta BV,A,19.607843137254903,0.7254901960784313,495154.41000000003,51,288711.87,28,0,3,0.1057,0
V002669,Prime Pvt Ltd,A,21.944444444444443,0.7777777777777778,442273.19,36,741693.58,35,0,0,0.3358,0
V002670,Logis Solutions,D,21.859649122807017,0.7894736842105263,542995.8,57,172896.21,17,3,1,0.0322,0
V002671,Global Corp,C,20.044444444444444,0.7333333333333333,449982.84,45,245206.5,25,2,3,0.0881,0
V002672,Agro Enterprises,B,25.390243902439025,0.8292682926829268,750171.83,41,316503.1,22,1,1,0.0998,0
V002673,Infra Corp,A,23.703703703703702,0.7777777777777778,277735.18,27,110690.78,18,0,1,0.2604,0
V002674,Alpha Inc,A,16.574468085106382,0.7021276595744681,1037794.07,47,120884.39,15,0,3,0.5319,0
V002675,Global Enterprises,C,19.42105263157895,0.7368421052631579,515350.08999999997,38,244164.62,23,2,3,0.1045,0
V002676,Eco AG,A,16.22222222222222,0.7222222222222222,1107186.0999999999,36,261407.72999999998,30,0,2,0.4643,0
V002677,Metal BV,B,19.26829268292683,0.7073170731707317,1225602.48,41,439758.44,35,1,2,0.5449,0
V002678,Digital Group,B,19.44736842105263,0.7631578947368421,366107.3,38,570358.09,21,1,0,0.2551,0
V002679,Infra Corp,B,24.536585365853657,0.8048780487804879,343737.45,41,263169.56,21,1,1,0.103,0
V002680,Energy Inc,A,12.692307692307692,0.5769230769230769,148038.51,26,818453.92,22,0,3,0.9907,1
V002681,Global Associates,B,23.743589743589745,0.7692307692307693,1128472.09,39,192217.69,19,1,2,0.3006,0
V002682,Digital Corp,A,26.696969696969695,0.7878787878787878,242153.65,33,348829.58,28,0,1,0.3228,0
V002683,Digital GmbH,A,23.636363636363637,0.8787878787878788,448171.77,33,363980.08,23,0,1,0.1796,0
V002684,Delta GmbH,A,28.457142857142856,0.8571428571428571,750026.29,35,331355.89999999997,22,0,1,0.2689,0
V002685,Uni Services,A,22.58730158730159,0.8253968253968254,907348.78,63,531962.6900000001,20,0,2,0.2736,0
V002686,Global Associates,C,22.073170731707318,0.8048780487804879,417761.97000000003,41,452540.78,28,2,0,0.096,0
V002687,Beta Partners,C,26.736842105263158,0.868421052631579,486105.5,38,180408.32,23,2,1,0.1478,0
V002688,Alpha Solutions,D,25.2,0.825,493465.47000000003,40,252410.79,29,3,1,0.0496,0
V002689,Zeta Inc,B,19.173076923076923,0.7884615384615384,935457.76,52,666126.9299999999,22,1,0,0.4678,0
V002690,Trans Industries,A,27.318181818181817,0.8409090909090909,839259.0399999999,44,357295.09,30,0,2,0.2326,0
V002691,Energy Solutions,B,17.135135135135137,0.7027027027027027,307559.53,37,275590.05,24,1,3,0.2791,0
V002692,Eco BV,B,18.717391304347824,0.7608695652173914,752084.9,46,239100.41,22,1,3,0.1557,0
V002693,Zeta Inc,C,22.63157894736842,0.7368421052631579,306103.58,38,132082.23,17,2,3,0.2462,0
V002694,Delta Group,C,24.972972972972972,0.7837837837837838,346342.38,37,440645.83,27,2,1,0.1873,0
V002695,Delta Partners,C,17.022727272727273,0.75,556956.8200000001,44,637410.65,24,2,0,0.3773,0
V002696,Trans Enterprises,A,27.47826086956522,0.8260869565217391,500588.61,46,548940.27,17,0,0,0.2462,0
V002697,Pharma Associates,C,26.38095238095238,0.7857142857142857,325852.85,42,235934.83,24,2,1,0.1916,0
V002698,Eco Solutions,C,22.625,0.78125,872988.34,32,192821.35,26,2,2,0.1347,0
V002699,Metal GmbH,A,21.045454545454547,0.7727272727272727,616715.35,44,64208.3,17,0,3,0.2057,0
V002700,Pro Pvt Ltd,C,23.72340425531915,0.8085106382978723,694905.11,47,608428.09,19,2,0,0.2333,0
V002701,Delta GmbH,C,21.69047619047619,0.7380952380952381,725966.59,42,316623.1,22,2,3,0.1158,0
V002702,Metal Ltd,A,19.24390243902439,0.7073170731707317,369090.94,41,942435.48,28,0,0,0.6196,1
V002703,Metal Corp,A,19.15,0.825,869991.83,40,190963.87000000002,17,0,2,0.243,0
V002704,Prime BV,D,16.586206896551722,0.6551724137931034,672697.13,29,198032.13,20,3,3,0.3798,0
V002705,Infra Ltd,A,25.0,0.8,879006.1799999999,40,417457.21,28,0,2,0.1869,0
V002706,Global Associates,C,27.641025641025642,0.8461538461538461,569261.1799999999,39,446246.34,22,2,1,0.2176,0
V002707,Net Services,B,23.21212121212121,0.8484848484848485,515283.89,33,235456.5,24,1,1,0.053,0
V002708,Inter Ltd,A,24.681818181818183,0.7727272727272727,483692.05,44,190737.41,20,0,1,0.0824,0
V002709,Logis Corp,D,22.34,0.8,668297.87,50,242149.99,28,3,1,0.0309,0
V002710,Infra Services,A,21.25,0.775,848682.73,40,272047.47,23,0,2,0.1243,0
V002711,Delta Corp,C,27.18918918918919,0.8648648648648649,266392.98,37,205261.74,21,2,1,0.2931,0
V002712,Pharma Associates,B,17.785714285714285,0.7857142857142857,591231.4299999999,28,201989.7,24,1,3,0.1639,0
V002713,Logis Associates,A,19.145833333333332,0.6875,697574.98,48,436565.23,23,0,3,0.2964,0
V002714,Beta Solutions,C,25.56756756756757,0.918918918918919,592295.14,37,314268.45999999996,24,2,1,0.2819,0
V002715,Energy Services,D,22.795454545454547,0.7954545454545454,1186209.09,44,291150.47000000003,26,3,2,0.3103,0
V002716,Eco Ltd,A,23.0,0.8333333333333334,394777.25,30,155770.65,22,0,1,0.0875,0
V002717,Sigma BV,C,28.596153846153847,0.9038461538461539,504260.84,52,263244.97,20,2,1,0.3425,0
V002718,Global Group,A,22.692307692307693,0.7692307692307693,634398.11,39,300692.35,21,0,3,0.0479,0
V002719,Prime Industries,B,25.285714285714285,0.9047619047619048,315199.88,42,237582.84,24,1,1,0.2948,0
V002720,Zeta Corp,B,23.302325581395348,0.8372093023255814,508659.45999999996,43,1206165.98,26,1,0,0.6628,1
V002721,Alpha GmbH,D,18.926829268292682,0.7317073170731707,446912.73,41,175399.33000000002,21,3,3,0.1356,0
V002722,Prime Associates,B,24.790697674418606,0.8604651162790697,622969.74,43,626970.15,24,1,0,0.2557,0
V002723,Alpha Solutions,A,17.217391304347824,0.7608695652173914,431275.32,46,791143.83,23,0,0,0.4979,0
V002724,Alpha Solutions,A,19.51851851851852,0.6666666666666666,914667.6900000001,27,800139.5,25,0,0,0.7054,1
V002725,Inter Pvt Ltd,B,23.836363636363636,0.7454545454545455,441039.58,55,213005.12,24,1,3,0.0798,0
V002726,Net Partners,B,29.486486486486488,0.8918918918918919,575832.42,37,298558.1,23,1,1,0.3712,0
V002727,Smart BV,A,26.0,0.9047619047619048,343642.14,42,164226.66999999998,18,0,1,0.321,0
V002728,Eco Group,D,23.181818181818183,0.7575757575757576,614018.46,33,337131.29,24,3,3,0.0748,0
V002729,Energy Corp,A,22.377777777777776,0.8,565710.78,45,641487.21,30,0,0,0.2149,0
V002730,Uni AG,A,18.10810810810811,0.6756756756756757,648458.0800000001,37,708153.4400000001,29,0,0,0.5358,0
V002731,Uni Inc,C,19.69047619047619,0.6428571428571429,461331.62,42,196319.06999999998,24,2,3,0.3311,0
V002732,Global BV,B,21.121951219512194,0.7560975609756098,406921.46,41,260925.75,21,1,3,0.0682,0
V002733,Pharma BV,C,19.558823529411764,0.7352941176470589,221362.79,34,451862.16,23,2,3,0.3531,0
V002734,Uni Partners,B,25.69047619047619,0.9047619047619048,815656.3,42,205949.98,21,1,1,0.2884,0
V002735,Digital Pvt Ltd,C,25.59375,0.78125,210032.24,32,253513.63,20,2,1,0.3157,0
V002736,Digital AG,B,23.59090909090909,0.8863636363636364,400920.35,44,172714.11000000002,22,1,1,0.2039,0
V002737,Infra Enterprises,A,19.86111111111111,0.7777777777777778,264696.12,36,473740.66,27,0,0,0.2664,0
V002738,Alpha Inc,D,19.583333333333332,0.7222222222222222,340558.35,36,145852.27,15,3,3,0.2126,0
V002739,Delta Group,B,21.095238095238095,0.7380952380952381,420781.79,42,188425.86000000002,20,1,3,0.0916,0
V002740,Infra Industries,C,21.217391304347824,0.8043478260869565,507436.13,46,230525.02,21,2,1,0.0322,0
V002741,Zeta GmbH,B,21.209302325581394,0.7209302325581395,389659.48,43,400344.76,22,1,3,0.1813,0
V002742,Prime Group,C,24.1875,0.8541666666666666,758421.15,48,468428.60000000003,23,2,2,0.1767,0
V002743,Net Enterprises,A,25.738095238095237,0.7857142857142857,767341.84,42,308398.37,27,0,2,0.1407,0
V002744,Trans AG,A,19.486486486486488,0.7297297297297297,443881.01,37,270907.36,25,0,3,0.1045,0
V002745,Tech BV,A,22.615384615384617,0.7692307692307693,472397.49,39,250907.25999999998,16,0,3,0.031,0
V002746,Prime Services,C,26.065217391304348,0.8478260869565217,574422.47,46,561822.75,23,2,0,0.2118,0
V002747,Infra Pvt Ltd,A,33.02777777777778,0.9166666666666666,441446.79000000004,36,182551.95,26,0,1,0.6003,1
V002748,Prime AG,C,19.8125,0.71875,391817.96,32,186514.3,14,2,3,0.1579,0
V002749,Agro Associates,B,21.695652173913043,0.782608695652174,808782.52,46,208232.9,25,1,2,0.1093,0
V002750,Digital BV,D,27.54054054054054,0.8918918918918919,390125.67,37,432753.62,20,3,1,0.3285,0
V002751,Gamma Industries,D,21.636363636363637,0.8181818181818182,629370.67,44,221741.36,29,3,1,0.0506,0
V002752,Tech Pvt Ltd,B,23.073170731707318,0.8536585365853658,421226.25,41,279594.17,27,1,1,0.082,0
V002753,Alpha Solutions,C,24.902439024390244,0.8048780487804879,762175.9299999999,41,158216.34,25,2,2,0.1172,0
V002754,Tech Ltd,A,22.516129032258064,0.7096774193548387,571716.89,31,336039.11,24,0,3,0.1731,0
V002755,Net Associates,B,23.555555555555557,0.8,501370.72,45,183517.89,29,1,1,0.0281,0
V002756,Global Industries,B,23.666666666666668,0.8809523809523809,311516.18,42,529900.76,28,1,0,0.3096,0
V002757,Pharma Enterprises,C,23.05263157894737,0.7894736842105263,394727.04,38,277479.53,20,2,1,0.0393,0
V002758,Inter Partners,A,22.23913043478261,0.782608695652174,361359.55,46,229818.19,23,0,1,0.0588,0
V002759,Prime Solutions,A,23.58974358974359,0.8205128205128205,466032.08,39,348947.35000000003,28,0,1,0.0535,0
V002760,Tech Group,A,16.8,0.7142857142857143,417490.56,35,189185.31,18,0,3,0.245,0
V002761,Eco Associates,C,19.475,0.775,345170.8,40,331448.99,30,2,3,0.1436,0
V002762,Delta Services,A,19.89090909090909,0.6727272727272727,577329.0599999999,55,487027.39999999997,25,0,3,0.3341,0
V002763,Sigma Enterprises,A,15.707317073170731,0.6585365853658537,469399.0,41,283891.98,21,0,3,0.3523,0
V002764,Beta Inc,A,25.846153846153847,0.8974358974358975,358278.67,39,184444.87,23,0,1,0.2667,0
V002765,Epsilon Corp,A,19.775,0.725,779942.75,40,160977.97,14,0,3,0.2011,0
V002766,Beta Partners,B,30.236842105263158,0.8947368421052632,654130.73,38,310708.79,26,1,1,0.4537,0
V002767,Beta Solutions,A,22.28205128205128,0.8461538461538461,418623.26,39,522355.54,21,0,0,0.1731,0
V002768,Net Corp,B,27.526315789473685,0.8947368421052632,343130.5,38,518138.5,24,1,1,0.4158,0
V002769,Uni Associates,D,17.692307692307693,0.717948717948718,480594.98,39,506257.15,26,3,3,0.2504,0
V002770,Beta Partners,C,22.904761904761905,0.7857142857142857,664773.89,42,274014.13,23,2,1,0.0376,0
V002771,Digital AG,D,14.166666666666666,0.6428571428571429,564396.66,42,318636.57,22,3,3,0.5321,0
V002772,Agro GmbH,A,20.62962962962963,0.7777777777777778,500368.97000000003,27,550816.89,24,0,0,0.1659,0
V002773,Inter Services,A,21.564102564102566,0.8461538461538461,844277.59,39,108410.96,17,0,2,0.2806,0
V002774,Beta Partners,B,15.048780487804878,0.6829268292682927,493012.86,41,217748.56,22,1,3,0.385,0
V002775,Delta Associates,A,27.020833333333332,0.8333333333333334,634990.78,48,534551.07,29,0,0,0.2305,0
V002776,Uni BV,A,19.027027027027028,0.7567567567567568,278997.27,37,415996.76,23,0,3,0.274,0
V002777,Beta Pvt Ltd,A,19.59090909090909,0.7045454545454546,539226.18,44,181964.19,23,0,3,0.1573,0
V002778,Alpha Enterprises,B,19.642857142857142,0.7619047619047619,484375.21,42,184413.03,23,1,3,0.0881,0
V002779,Zeta Enterprises,B,17.763157894736842,0.7105263157894737,403926.88,38,138684.95,23,1,3,0.2646,0
V002780,Zeta Services,D,27.61111111111111,0.8888888888888888,441421.69,36,165578.44,19,3,1,0.2634,0
V002781,Global BV,A,22.115384615384617,0.75,1649344.3599999999,52,323954.76,22,0,2,0.5225,0
V002782,Trans Corp,A,22.533333333333335,0.7666666666666667,349107.02,30,307048.6,21,0,3,0.0971,0
V002783,Net Corp,D,14.442307692307692,0.6923076923076923,767456.3200000001,52,181981.64,21,3,3,0.4685,0
V002784,Alpha GmbH,B,25.24074074074074,0.7777777777777778,792790.26,54,401148.44,31,1,2,0.1696,0
V002785,Sigma Partners,A,16.78125,0.625,317137.01999999996,32,172110.28,22,0,3,0.5362,0
V002786,Smart Services,B,23.431818181818183,0.7954545454545454,546270.51,44,190166.56,28,1,1,0.0154,0
V002787,Pro Associates,A,20.65625,0.71875,292370.8,32,326070.13,32,0,3,0.2401,0
V002788,Infra Corp,A,23.0,0.7380952380952381,334922.98,42,742548.98,27,0,0,0.437,0
V002789,Trans Associates,C,24.72093023255814,0.8372093023255814,399673.75,43,379950.55,21,2,1,0.1156,0
V002790,Gamma Solutions,A,22.93617021276596,0.851063829787234,542210.82,47,383236.97000000003,15,0,1,0.1017,0
V002791,Epsilon Pvt Ltd,B,21.88888888888889,0.7222222222222222,263810.96,36,184367.18,13,1,3,0.2629,0
V002792,Smart AG,D,20.484848484848484,0.696969696969697,441814.86,33,292137.73,22,3,3,0.1855,0
V002793,Delta Ltd,D,17.6,0.65,755143.42,40,408149.64999999997,21,3,3,0.4266,0
V002794,Global Ltd,C,26.710526315789473,0.8157894736842105,836617.93,38,264069.58,25,2,2,0.1726,0
V002795,Alpha Ltd,D,19.2,0.7555555555555555,359931.82,45,129865.94,17,3,3,0.1904,0
V002796,Energy Pvt Ltd,A,23.433333333333334,0.9,233861.03,30,239227.81,21,0,1,0.3766,0
V002797,Beta Services,A,26.326923076923077,0.8846153846153846,1056224.16,52,196428.47,20,0,2,0.3734,0
V002798,Smart Enterprises,A,21.772727272727273,0.7272727272727273,381956.16,44,119191.33,19,0,3,0.2036,0
V002799,Agro Inc,A,22.825,0.775,362053.65,40,257545.58000000002,23,0,1,0.0609,0
V002800,Digital Services,B,24.45,0.7833333333333333,729813.65,60,460764.77999999997,19,1,0,0.1555,0
V002801,Zeta AG,B,25.02127659574468,0.8936170212765957,448335.08,47,199647.19,20,1,1,0.1798,0
V002802,Zeta Group,A,18.38095238095238,0.8095238095238095,691953.07,42,213352.6,22,0,3,0.1845,0
V002803,Alpha Pvt Ltd,C,20.26829268292683,0.7317073170731707,401209.61,41,174789.36,28,2,3,0.1288,0
V002804,Agro GmbH,A,25.3953488372093,0.8604651162790697,432429.51,43,430806.76,23,0,1,0.1402,0
V002805,Pro Ltd,C,21.15,0.7,547468.85,40,360844.98,26,2,3,0.2103,0
V002806,Beta BV,D,24.093023255813954,0.7906976744186046,378712.69,43,376632.82,11,3,1,0.1021,0
V002807,Inter GmbH,B,18.31111111111111,0.7333333333333333,407762.37,45,458528.2,24,1,3,0.2182,0
V002808,Alpha Enterprises,A,19.76923076923077,0.7435897435897436,583835.0800000001,39,150851.42,20,0,3,0.0981,0
V002809,Logis Partners,D,21.314285714285713,0.8,305143.72,35,150591.53999999998,17,3,1,0.1523,0
V002810,Agro GmbH,B,29.17948717948718,0.8717948717948718,689685.71,39,108281.68000000001,22,1,1,0.4546,0
V002811,Digital Industries,A,27.853658536585368,0.9024390243902439,553293.64,41,551896.6,27,0,1,0.4247,0
V002812,Eco Partners,C,20.875,0.7708333333333334,597029.76,48,117794.81999999999,16,2,3,0.1265,0
V002813,Sigma Services,B,22.1,0.775,623766.21,40,332662.0,31,1,3,0.0482,0
V002814,Zeta Enterprises,D,25.295454545454547,0.8181818181818182,568413.06,44,197061.22,17,3,1,0.0689,0
V002815,Uni Pvt Ltd,B,18.0625,0.7916666666666666,566929.2,48,334268.44,20,1,3,0.1603,0
V002816,Zeta Industries,C,18.46511627906977,0.7209302325581395,463373.43,43,234181.13,20,2,3,0.1307,0
V002817,Eco Group,A,21.551020408163264,0.8163265306122449,452403.14999999997,49,330897.25,20,0,1,0.0548,0
V002818,Eco Services,A,24.897435897435898,0.7692307692307693,289442.89,39,183920.03,25,0,1,0.2253,0
V002819,Delta Inc,A,22.62162162162162,0.7837837837837838,374855.0,37,514150.27,19,0,0,0.1471,0
V002820,Alpha Services,A,26.463414634146343,0.8292682926829268,459699.09,41,268212.71,20,0,1,0.0942,0
V002821,Beta AG,B,17.82857142857143,0.7714285714285715,354609.08,35,237221.68,26,1,3,0.1717,0
V002822,Energy Ltd,D,27.0,0.9347826086956522,722364.05,46,192428.65,24,3,1,0.4426,0
V002823,Zeta Industries,B,25.25,0.8055555555555556,491781.42,36,209606.63,22,1,1,0.054,0
V002824,Beta Partners,C,18.40909090909091,0.7727272727272727,721858.7,44,140737.57,15,2,3,0.2032,0
V002825,Net Industries,A,18.641025641025642,0.7435897435897436,968253.77,39,134424.39,20,0,2,0.3368,0
V002826,Epsilon Pvt Ltd,B,24.21212121212121,0.7878787878787878,514600.15,33,237049.08000000002,16,1,1,0.0297,0
V002827,Pharma GmbH,C,27.866666666666667,0.8666666666666667,467769.32,45,220849.67,20,2,1,0.1799,0
V002828,Trans BV,A,19.29268292682927,0.7073170731707317,329766.2,41,163575.87,20,0,3,0.2397,0
V002829,Infra GmbH,A,21.86046511627907,0.813953488372093,524285.89999999997,43,420700.6,31,0,0,0.0768,0
V002830,Digital Services,A,25.625,0.775,805618.27,40,507821.76,21,0,0,0.2621,0
V002831,Zeta Solutions,A,22.61904761904762,0.8571428571428571,453339.07,42,544993.33,25,0,0,0.2165,0
V002832,Zeta Associates,C,21.692307692307693,0.7692307692307693,927277.51,52,730957.54,26,2,0,0.448,0
V002833,Eco Solutions,C,22.02173913043478,0.8043478260869565,812239.53,46,196404.53999999998,23,2,2,0.11,0
V002834,Alpha Ltd,C,18.2,0.8,773742.81,50,316173.56,29,2,2,0.1996,0
V002835,Beta Corp,C,25.73170731707317,0.8292682926829268,629159.75,41,514430.75,27,2,0,0.1716,0
V002836,Prime Services,A,25.877551020408163,0.8163265306122449,748661.21,49,127741.14,16,0,1,0.185,0
V002837,Sigma Associates,D,23.782608695652176,0.7608695652173914,591970.58,46,171433.25,21,3,1,0.0826,0
V002838,Logis Ltd,C,23.47222222222222,0.8333333333333334,416601.98,36,283105.13,21,2,1,0.0424,0
V002839,Global Corp,A,21.511627906976745,0.6976744186046512,570624.56,43,414818.19,22,0,3,0.2255,0
V002840,Agro Services,A,21.775510204081634,0.7346938775510204,984896.66,49,211882.44,22,0,2,0.2227,0
V002841,Pharma GmbH,C,26.67391304347826,0.8260869565217391,583034.42,46,173688.41,13,2,1,0.1097,0
V002842,Alpha BV,A,24.09259259259259,0.7777777777777778,1095968.71,54,248865.51,30,0,2,0.2513,0
V002843,Agro Industries,A,22.696969696969695,0.7878787878787878,263817.18,33,183200.87,16,0,1,0.1849,0
V002844,Trans GmbH,B,21.903846153846153,0.8461538461538461,1327980.89,52,217949.26,16,1,2,0.4754,0
V002845,Metal AG,A,21.61764705882353,0.8823529411764706,627258.87,34,152399.13999999998,15,0,1,0.2401,0
V002846,Epsilon Partners,A,23.166666666666668,0.8166666666666667,815498.72,60,293553.06,23,0,2,0.0811,0
V002847,Alpha Industries,A,27.095238095238095,0.8571428571428571,587267.22,42,414469.0,22,0,1,0.1709,0
V002848,Sigma Ltd,B,23.627906976744185,0.7906976744186046,635547.62,43,273664.41,31,1,1,0.0253,0
V002849,Agro Corp,A,17.939393939393938,0.696969696969697,365013.79000000004,33,722446.7899999999,22,0,0,0.5234,0
V002850,Digital Services,A,25.0,0.7631578947368421,407998.89,38,231376.30000000002,21,0,1,0.1113,0
V002851,Epsilon AG,B,24.729166666666668,0.8541666666666666,616221.68,48,310873.84,22,1,1,0.0745,0
V002852,Trans Services,B,20.666666666666668,0.7878787878787878,1069728.85,33,537298.93,21,1,2,0.3943,0
V002853,Tech Associates,B,18.271186440677965,0.7627118644067796,890602.64,59,366978.66000000003,32,1,2,0.2643,0
V002854,Sigma GmbH,B,20.098039215686274,0.8235294117647058,763414.72,51,236364.24,24,1,2,0.1309,0
V002855,Pro Solutions,B,27.0,0.8205128205128205,335523.83,39,453220.04000000004,33,1,1,0.2451,0
V002856,Digital AG,A,26.63157894736842,0.7631578947368421,780642.5800000001,38,886254.13,24,0,0,0.5983,1
V002857,Zeta Associates,A,22.76595744680851,0.7659574468085106,548179.41,47,591541.97,34,0,0,0.1913,0
V002858,Net Group,C,17.45,0.775,582848.05,40,210650.2,18,2,3,0.1669,0
V002859,Uni Services,B,20.34375,0.71875,367414.2,32,307607.67,16,1,3,0.1635,0
V002860,Zeta Ltd,D,18.933333333333334,0.6888888888888889,265302.69,45,159608.05,21,3,3,0.348,0
V002861,Zeta Associates,C,25.555555555555557,0.7777777777777778,297697.51,36,201344.61,19,2,1,0.2229,0
V002862,Zeta Enterprises,C,24.394736842105264,0.8947368421052632,576389.85,38,516720.07,32,2,0,0.2803,0
V002863,Eco Industries,A,13.166666666666666,0.6190476190476191,491463.29,42,313609.71,20,0,3,0.6444,1
V002864,Beta Ltd,B,22.926829268292682,0.7804878048780488,435273.33,41,284908.24,19,1,1,0.034,0
V002865,Sigma Ltd,A,21.605263157894736,0.7368421052631579,348573.31,38,100132.03,14,0,3,0.2582,0
V002866,Pro Corp,A,27.525,0.875,785281.2000000001,40,233744.61,17,0,1,0.2165,0
V002867,Smart Industries,B,23.95744680851064,0.7872340425531915,867343.4,47,270708.45,18,1,2,0.1229,0
V002868,Pharma Services,B,20.78125,0.84375,308317.62,32,770149.98,15,1,0,0.4846,0
V002869,Inter Solutions,B,25.794871794871796,0.7948717948717948,590157.99,39,409744.69,23,1,1,0.1079,0
V002870,Logis Services,C,16.93617021276596,0.7659574468085106,486334.97000000003,47,104705.1,17,2,3,0.2848,0
V002871,Alpha Industries,C,21.72340425531915,0.851063829787234,662118.39,47,205558.72999999998,23,2,1,0.1266,0
V002872,Logis Enterprises,A,23.023809523809526,0.7857142857142857,536209.17,42,238914.57,18,0,1,0.0137,0
V002873,Alpha Enterprises,A,25.566666666666666,0.8666666666666667,341477.49,30,330144.93,25,0,1,0.1869,0
V002874,Sigma Partners,B,21.15686274509804,0.7647058823529411,699761.09,51,555021.89,27,1,0,0.2226,0
V002875,Zeta Pvt Ltd,C,20.5,0.7391304347826086,610920.3,46,181186.25,30,2,3,0.1032,0
V002876,Logis Services,C,21.78787878787879,0.7575757575757576,574084.78,33,187023.83,18,2,3,0.0726,0
V002877,Global BV,A,23.666666666666668,0.8611111111111112,428808.02,36,335217.68,24,0,1,0.1026,0
V002878,Alpha Corp,A,25.34090909090909,0.7727272727272727,931689.14,44,330265.42,26,0,2,0.2036,0
V002879,Beta Ltd,A,23.025641025641026,0.7948717948717948,661334.2,39,237735.75,17,0,1,0.028,0
V002880,Metal Ltd,C,25.53488372093023,0.7906976744186046,852800.6900000001,43,253439.28,21,2,2,0.1581,0
V002881,Global Pvt Ltd,B,27.25,0.875,699092.02,40,211404.96,20,1,1,0.1893,0
V002882,Net GmbH,A,26.02857142857143,0.8,481085.62,35,343024.34,13,0,1,0.0971,0
V002883,Zeta GmbH,A,27.678571428571427,0.8214285714285714,458399.76,56,266258.45,17,0,1,0.1559,0
V002884,Prime Group,A,23.085106382978722,0.7659574468085106,587020.59,47,271014.47000000003,32,0,1,0.0475,0
V002885,Net Inc,A,25.795454545454547,0.8409090909090909,614155.59,44,324964.35,29,0,1,0.0845,0
V002886,Prime Pvt Ltd,C,19.6046511627907,0.7674418604651163,495195.25,43,366260.52,18,2,3,0.1083,0
V002887,Net Corp,A,22.625,0.71875,349126.54000000004,32,172862.58,20,0,3,0.2058,0
V002888,Beta BV,A,26.181818181818183,0.9318181818181818,605568.2,44,613637.33,20,0,0,0.4874,0
V002889,Logis Inc,A,21.764705882352942,0.7647058823529411,519336.66,51,152682.08000000002,20,0,3,0.0665,0
V002890,Smart Associates,A,23.441176470588236,0.7941176470588235,457314.71,34,130591.29999999999,22,0,1,0.0685,0
V002891,Infra Services,B,24.302325581395348,0.813953488372093,1861154.46,43,158661.29,18,1,2,0.5933,1
V002892,Trans Ltd,A,21.323529411764707,0.7941176470588235,393602.19,34,848876.1900000001,22,0,0,0.4373,0
V002893,Uni Services,B,24.18918918918919,0.7837837837837838,624330.1,37,383269.55,24,1,1,0.0697,0
V002894,Beta AG,C,23.966666666666665,0.7333333333333333,268767.19,30,316538.43,19,2,3,0.263,0
V002895,Prime GmbH,A,22.63888888888889,0.8888888888888888,590886.28,36,298523.34,13,0,1,0.1905,0
V002896,Trans Associates,B,18.177777777777777,0.6,850542.6,45,188508.19,15,1,3,0.6132,1
V002897,Logis Services,D,24.56756756756757,0.8378378378378378,303752.64,37,246030.95,24,3,1,0.1451,0
V002898,Energy Group,A,25.791666666666668,0.8125,489567.34,48,542668.53,26,0,0,0.1661,0
V002899,Beta BV,A,21.216216216216218,0.8648648648648649,348446.16,37,333281.51,22,0,1,0.2268,0
V002900,Trans Group,B,26.22222222222222,0.8055555555555556,743246.81,36,357344.8,23,1,2,0.1407,0
V002901,Uni AG,B,14.294117647058824,0.7058823529411765,1089810.5,34,332444.33,19,1,3,0.5764,1
V002902,Delta Partners,A,29.41025641025641,0.9487179487179487,1134071.51,39,261156.79,24,0,2,0.7373,1
V002903,Smart Services,A,18.2,0.7777777777777778,605535.33,45,334549.95,26,0,3,0.1463,0
V002904,Beta Associates,B,22.833333333333332,0.7333333333333333,654067.33,30,324025.14,26,1,3,0.1136,0
V002905,Eco Ltd,A,23.575,0.7,517840.54,40,252454.54,19,0,3,0.2061,0
V002906,Epsilon BV,B,25.363636363636363,0.8484848484848485,359419.57,33,519892.12,18,1,0,0.2094,0
V002907,Net Solutions,A,18.37142857142857,0.7714285714285715,484861.13,35,140360.37,19,0,3,0.1657,0
V002908,Tech Ltd,A,21.216216216216218,0.8378378378378378,396480.51999999996,37,528093.15,21,0,0,0.2173,0
V002909,Agro Inc,B,17.67391304347826,0.6739130434782609,779911.75,46,112961.83,18,1,3,0.4422,0
V002910,Eco Industries,B,23.7027027027027,0.7567567567567568,321343.54000000004,37,189104.62,24,1,1,0.1497,0
V002911,Smart Pvt Ltd,A,19.743589743589745,0.717948717948718,290838.16,39,342400.23000000004,24,0,3,0.2456,0
V002912,Smart Group,B,19.157894736842106,0.7894736842105263,656846.9400000001,38,152382.19,18,1,3,0.1382,0
V002913,Energy Partners,C,26.02857142857143,0.8285714285714286,686957.55,35,74997.02,13,2,1,0.2612,0
V002914,Uni Inc,B,20.871794871794872,0.7948717948717948,411811.91000000003,39,245314.82,23,1,3,0.0539,0
V002915,Pharma Enterprises,B,24.414634146341463,0.8048780487804879,722770.02,41,127897.69,17,1,1,0.1308,0
V002916,Gamma AG,A,19.458333333333332,0.75,402616.38,48,259650.61,21,0,3,0.1104,0
V002917,Epsilon BV,A,23.71794871794872,0.6923076923076923,604131.9199999999,39,163133.77000000002,19,0,3,0.265,0
V002918,Beta Group,C,27.444444444444443,0.8888888888888888,675616.89,54,217792.05000000002,25,2,1,0.2243,0
V002919,Zeta Industries,B,24.844444444444445,0.8222222222222222,612316.58,45,254352.32,21,1,1,0.0454,0
V002920,Agro Associates,A,22.630434782608695,0.7608695652173914,1406432.32,46,205117.19,15,0,2,0.456,0
V002921,Agro Industries,C,22.755555555555556,0.7555555555555555,509678.6,45,350457.82,26,2,3,0.0782,0
V002922,Smart Solutions,A,22.342105263157894,0.8421052631578947,422780.18,38,654898.76,19,0,0,0.2729,0
V002923,Pharma BV,B,24.34285714285714,0.7428571428571429,364950.5,35,485151.02,25,1,0,0.2197,0
V002924,Pro Corp,A,25.303030303030305,0.7272727272727273,840370.33,33,345277.07,27,0,2,0.2792,0
V002925,Global GmbH,C,22.11904761904762,0.8333333333333334,778543.44,42,124785.32,12,2,2,0.1754,0
V002926,Digital Enterprises,B,26.63157894736842,0.868421052631579,314574.32,38,182913.77000000002,16,1,1,0.2503,0
V002927,Inter Enterprises,D,16.697674418604652,0.6744186046511628,790665.2,43,297320.92,29,3,3,0.3564,0
V002928,Eco Corp,A,22.83783783783784,0.8108108108108109,883510.73,37,349546.19,36,0,2,0.1156,0
V002929,Smart Inc,A,28.14516129032258,0.8709677419354839,803353.31,62,143092.05,21,0,1,0.3066,0
V002930,Epsilon Associates,A,22.633333333333333,0.8333333333333334,281314.49,30,374461.7,26,0,1,0.2201,0
V002931,Prime Partners,B,16.693877551020407,0.6938775510204082,507068.92,49,266289.95,18,1,3,0.2301,0
V002932,Infra Associates,B,20.305555555555557,0.8055555555555556,309622.79,36,249868.64,11,1,3,0.1326,0
V002933,Digital Group,A,21.72222222222222,0.7777777777777778,929876.73,36,551405.78,30,0,2,0.3038,0
V002934,Global Partners,B,22.441860465116278,0.8604651162790697,615553.54,43,192875.11000000002,22,1,1,0.111,0
V002935,Pharma Associates,B,21.73076923076923,0.7307692307692307,705022.55,52,179848.43,21,1,3,0.136,0
V002936,Epsilon AG,C,21.113636363636363,0.7727272727272727,286952.95,44,167246.05,19,2,3,0.1621,0
V002937,Global Ltd,C,24.054054054054053,0.8108108108108109,513595.24,37,250369.41999999998,27,2,1,0.0177,0
V002938,Alpha BV,A,12.764705882352942,0.6176470588235294,359653.28,34,438371.44,27,0,3,0.724,1
V002939,Pharma Industries,B,27.967741935483872,0.8709677419354839,296708.83999999997,31,290054.33,19,1,1,0.2999,0
V002940,Net Group,C,25.710526315789473,0.8421052631578947,689782.03,38,105339.22,21,2,1,0.2277,0
V002941,Energy Partners,A,28.25,0.8863636363636364,464514.73,44,207102.65,25,0,1,0.2563,0
V002942,Prime Inc,C,22.363636363636363,0.7954545454545454,683219.8,44,300758.65,27,2,2,0.044,0
V002943,Pro Group,A,19.365853658536587,0.7560975609756098,680174.5,41,333194.79,20,0,3,0.1207,0
V002944,Alpha Solutions,A,20.666666666666668,0.8,261401.88,30,557219.88,24,0,0,0.316,0
V002945,Net Partners,B,23.886363636363637,0.7727272727272727,829250.8099999999,44,107462.81999999999,19,1,2,0.2405,0
V002946,Net Industries,B,21.291666666666668,0.8333333333333334,398512.59,48,638753.36,26,1,0,0.2749,0
V002947,Agro Ltd,A,24.75609756097561,0.9024390243902439,761614.76,41,158874.54,22,0,1,0.281,0
V002948,Smart BV,B,20.6,0.7714285714285715,334267.4,35,175068.51,23,1,3,0.1247,0
V002949,Tech Solutions,C,26.2,0.825,575712.32,40,132739.97,18,2,1,0.1427,0
V002950,Agro Services,C,19.06451612903226,0.7096774193548387,651654.73,31,244132.84999999998,18,2,3,0.16,0
V002951,Global Group,A,22.377777777777776,0.8222222222222222,416715.32,45,101515.79,19,0,1,0.1562,0
V002952,Smart Ltd,D,17.642857142857142,0.75,1260656.95,56,220573.08000000002,23,3,2,0.4964,0
V002953,Energy Industries,B,25.066666666666666,0.8,623499.97,45,281480.39,21,1,1,0.0529,0
V002954,Alpha Inc,C,20.64,0.74,468179.0,50,261463.91999999998,23,2,3,0.0688,0
V002955,Agro GmbH,B,26.78048780487805,0.8780487804878049,569058.96,41,118434.76,25,1,1,0.2377,0
V002956,Alpha Solutions,A,21.0,0.7674418604651163,461144.20999999996,43,138935.54,18,0,3,0.0945,0
V002957,Beta GmbH,A,21.195121951219512,0.7560975609756098,482441.44,41,322832.2,20,0,3,0.0602,0
V002958,Pro Partners,A,23.135135135135137,0.8108108108108109,708074.01,37,262015.0,21,0,2,0.044,0
V002959,Sigma Pvt Ltd,C,18.423076923076923,0.6923076923076923,734241.81,52,169559.99,24,2,3,0.2528,0
V002960,Smart Industries,A,21.5,0.725,408140.96,40,719915.02,26,0,0,0.3982,0
V002961,Logis Services,A,30.696969696969695,0.8181818181818182,374880.67,33,304263.41000000003,24,0,1,0.4515,0
V002962,Agro Corp,A,26.195652173913043,0.8913043478260869,656453.36,46,466135.67,29,0,1,0.2685,0
V002963,Gamma Pvt Ltd,B,24.177777777777777,0.7777777777777778,603824.31,45,163865.57,21,1,1,0.0832,0
V002964,Pharma GmbH,B,22.275,0.85,355397.56,40,196161.38,24,1,1,0.1342,0
V002965,Infra Group,A,23.452380952380953,0.7857142857142857,666316.46,42,439389.17,29,0,0,0.099,0
V002966,Pharma Enterprises,B,23.342105263157894,0.7631578947368421,765965.3,38,293331.65,31,1,2,0.0948,0
V002967,Metal Solutions,C,25.075,0.775,1238034.56,40,258972.99000000002,19,2,2,0.4262,0
V002968,Tech Corp,B,15.844444444444445,0.6,357625.73,45,196624.05000000002,17,1,3,0.6061,1
V002969,Alpha Enterprises,A,22.425,0.775,577138.32,40,279203.37,26,0,3,0.0296,0
V002970,Prime Group,B,27.735294117647058,0.9117647058823529,715482.32,34,364239.27,35,1,1,0.3557,0
V002971,Inter Pvt Ltd,B,24.617021276595743,0.851063829787234,555173.04,47,500758.86,26,1,0,0.1516,0
V002972,Gamma BV,A,19.975609756097562,0.7804878048780488,415507.26,41,259899.02,26,0,3,0.0762,0
V002973,Net BV,C,25.59259259259259,0.8333333333333334,322763.82,54,735285.87,30,2,0,0.4323,0
V002974,Digital Group,D,18.73469387755102,0.7346938775510204,980405.21,49,465931.38,26,3,2,0.3532,0
V002975,Smart Pvt Ltd,C,26.15686274509804,0.8235294117647058,818604.5,51,312898.1,22,2,2,0.1422,0
V002976,Pro Partners,A,26.576271186440678,0.8305084745762712,567778.83,59,553470.46,22,0,0,0.2138,0
V002977,Inter Services,C,22.387096774193548,0.7741935483870968,241374.2,31,350032.42,23,2,1,0.2307,0
V002978,Global Group,C,26.50980392156863,0.8823529411764706,797250.5,51,257647.28,25,2,1,0.2021,0
V002979,Delta Industries,B,19.238095238095237,0.7619047619047619,315435.99,42,150010.74,15,1,3,0.1933,0
V002980,Prime Industries,C,20.875,0.8,361066.82,40,419909.41,16,2,0,0.146,0
V002981,Tech Pvt Ltd,A,24.209302325581394,0.7674418604651163,423642.75,43,570939.8200000001,18,0,0,0.1789,0
V002982,Energy Associates,A,18.63888888888889,0.75,386354.85000000003,36,376239.26,23,0,3,0.1782,0
V002983,Global BV,A,23.107142857142858,0.8214285714285714,324686.34,28,183018.78,24,0,1,0.114,0
V002984,Agro Partners,A,23.026315789473685,0.8421052631578947,491910.68,38,208096.32,22,0,1,0.0502,0
V002985,Gamma Partners,C,24.302325581395348,0.8372093023255814,1145968.76,43,151879.47,22,2,2,0.3557,0
V002986,Alpha GmbH,A,22.897959183673468,0.8571428571428571,380895.44,49,322940.44,21,0,1,0.1211,0
V002987,Prime Solutions,A,14.461538461538462,0.6923076923076923,778378.55,39,201759.49,24,0,3,0.4685,0
V002988,Uni Corp,C,27.18918918918919,0.8108108108108109,280136.24,37,321030.54,27,2,1,0.2487,0
V002989,Beta Industries,A,21.743589743589745,0.717948717948718,640328.64,39,254847.59,22,0,3,0.1326,0
V002990,Infra Ltd,C,23.3,0.86,469025.72,50,307353.29,26,2,1,0.0713,0
V002991,Eco Pvt Ltd,B,22.962264150943398,0.7924528301886793,675984.54,53,136852.49,19,1,1,0.1042,0
V002992,Pro Partners,B,25.775,0.825,338265.04,40,342234.64999999997,20,1,1,0.1652,0
V002993,Inter AG,C,22.28846153846154,0.8461538461538461,690995.6,52,162116.32,22,2,1,0.1244,0
V002994,Net Group,B,18.357142857142858,0.7857142857142857,531137.18,42,282599.42,22,1,3,0.1267,0
V002995,Smart Solutions,A,22.113636363636363,0.7727272727272727,509557.74,44,273425.77,20,0,3,0.0305,0
V002996,Digital GmbH,B,29.0,0.9090909090909091,797514.31,44,192655.79,14,1,1,0.4747,0
V002997,Zeta Industries,A,13.56,0.68,891792.8,50,287226.94,30,0,3,0.5882,1
V002998,Agro Partners,B,18.571428571428573,0.7380952380952381,1009978.5700000001,42,247188.18,31,1,2,0.3024,0
V002999,Tech Group,B,22.545454545454547,0.7954545454545454,545245.33,44,488005.69,34,1,0,0.0872,0
V003000,Pharma Solutions,C,27.166666666666668,0.8833333333333333,1070377.81,60,455778.2,22,2,2,0.4862,0
V003001,Infra GmbH,C,24.862068965517242,0.7931034482758621,576090.89,29,303980.1,24,2,1,0.0579,0
V003002,Agro BV,B,18.58695652173913,0.7391304347826086,828461.79,46,598603.67,34,1,0,0.3896,0
V003003,Global Inc,B,24.658536585365855,0.8048780487804879,642115.1900000001,41,176875.82,21,1,1,0.0595,0
V003004,Beta Partners,A,27.5625,0.875,485189.37,32,207678.79,19,0,1,0.1873,0
V003005,Eco Solutions,D,22.69047619047619,0.7857142857142857,636944.4500000001,42,637856.81,27,3,0,0.2175,0
V003006,Uni Industries,D,23.553571428571427,0.7678571428571429,536651.47,56,192607.75,21,3,1,0.0586,0
V003007,Agro BV,A,24.78048780487805,0.7560975609756098,420260.31,41,602174.24,22,0,0,0.2474,0
V003008,Global Enterprises,C,20.177777777777777,0.7333333333333333,681659.68,45,665603.56,28,2,0,0.3433,0
V003009,Beta Associates,B,25.90625,0.875,328722.13,32,264465.06,24,1,1,0.2094,0
V003010,Alpha Associates,D,26.375,0.875,558267.76,40,90947.53,14,3,1,0.2672,0
V003011,Metal GmbH,B,20.11764705882353,0.8235294117647058,305836.89,34,119913.93,15,1,1,0.2611,0
V003012,Sigma Industries,A,20.761904761904763,0.7142857142857143,622497.35,42,134871.18,20,0,3,0.2001,0
V003013,Agro GmbH,B,23.04255319148936,0.851063829787234,544661.5800000001,47,711780.9299999999,24,1,0,0.3341,0
V003014,Global Ltd,C,25.272727272727273,0.8484848484848485,271761.54,33,829717.32,24,2,0,0.5314,0
V003015,Agro Enterprises,A,17.78787878787879,0.7272727272727273,457177.42,33,201351.13,26,0,3,0.1487,0
V003016,Global Partners,B,18.75,0.75,415900.48000000004,40,334016.45,30,1,3,0.1383,0
V003017,Global Inc,B,27.78787878787879,0.7575757575757576,429814.17,33,206579.37,25,1,1,0.2548,0
V003018,Epsilon Industries,A,27.121951219512194,0.8780487804878049,586725.5,41,230776.96,26,0,1,0.1602,0
V003019,Trans AG,B,24.288888888888888,0.7777777777777778,695071.37,45,408146.34,22,1,2,0.1172,0
V003020,Pro Corp,B,21.11627906976744,0.7441860465116279,556889.35,43,176079.45,22,1,3,0.0789,0
V003021,Tech GmbH,A,18.428571428571427,0.7142857142857143,362574.94,42,192461.51,27,0,3,0.2036,0
V003022,Epsilon Pvt Ltd,A,19.736842105263158,0.7894736842105263,579521.52,38,438941.05,35,0,3,0.1333,0
V003023,Trans Solutions,A,18.419354838709676,0.7419354838709677,345172.61,31,261132.86,21,0,3,0.1623,0
V003024,Sigma Group,D,16.127659574468087,0.6808510638297872,371357.11,47,548031.91,22,3,3,0.464,0
V003025,Pro Group,A,21.210526315789473,0.7894736842105263,781650.47,38,345886.15,23,0,2,0.1132,0
V003026,Trans Inc,A,27.02127659574468,0.8085106382978723,401516.73000000004,47,331826.13,26,0,1,0.1424,0
V003027,Metal Associates,A,20.0,0.8181818181818182,476943.57999999996,33,181723.30000000002,19,0,3,0.1038,0
V003028,Eco Solutions,A,22.24,0.82,553555.48,50,117662.73999999999,18,0,1,0.1046,0
V003029,Sigma Associates,A,24.82051282051282,0.8717948717948718,349524.92000000004,39,371406.51,25,0,1,0.2143,0
V003030,Tech Industries,D,30.3,0.875,489868.59,40,218856.97,23,3,1,0.4126,0
V003031,Eco Partners,B,26.77777777777778,0.8666666666666667,876141.74,45,275064.11,21,1,2,0.2211,0
V003032,Global Industries,A,26.879310344827587,0.8793103448275862,1644931.83,58,506588.97000000003,28,0,2,0.718,1
V003033,Tech Industries,D,17.764705882352942,0.7352941176470589,293343.48,34,59516.35,15,3,3,0.43,0
V003034,Sigma Ltd,B,19.317073170731707,0.8292682926829268,505436.4,41,195826.48,23,1,3,0.1413,0
V003035,Zeta Partners,D,22.30952380952381,0.8095238095238095,588156.56,42,569173.25,27,3,0,0.1603,0
V003036,Pro Inc,C,26.347826086956523,0.8260869565217391,767459.05,46,108816.23,25,2,1,0.2347,0
V003037,Zeta Enterprises,C,21.243243243243242,0.7027027027027027,294686.45,37,97058.70999999999,15,2,3,0.4085,0
V003038,Trans Inc,A,25.695652173913043,0.8043478260869565,962089.3099999999,46,663552.56,20,0,0,0.4384,0
V003039,Net Group,B,17.86842105263158,0.7105263157894737,269408.78,38,177261.2,17,1,3,0.2992,0
V003040,Energy Group,B,20.288888888888888,0.7333333333333333,808102.92,45,205601.22,26,1,3,0.1657,0
V003041,Gamma BV,A,20.61111111111111,0.8611111111111112,420617.0,36,321206.49,25,0,1,0.183,0
V003042,Eco Enterprises,A,25.04255319148936,0.8085106382978723,541806.08,47,175295.04,24,0,1,0.048,0
V003043,Digital BV,A,18.72222222222222,0.6944444444444444,514690.43,36,249868.51,33,0,3,0.1809,0
V003044,Prime Solutions,C,26.0,0.8857142857142857,496161.76999999996,35,350883.09,23,2,1,0.1961,0
V003045,Smart Solutions,B,23.96,0.84,1007226.16,50,241395.78,24,1,2,0.2038,0
V003046,Delta BV,A,19.73170731707317,0.6829268292682927,682827.0299999999,41,199284.73,22,0,3,0.237,0
V003047,Global AG,B,23.148936170212767,0.8297872340425532,490640.3,47,297179.78,26,1,1,0.0288,0
V003048,Infra Corp,B,24.564102564102566,0.8974358974358975,1036193.24,39,196519.07,21,1,2,0.3597,0
V003049,Beta BV,B,23.583333333333332,0.75,581172.45,36,160893.93,19,1,3,0.1158,0
V003050,Inter Solutions,C,24.0,0.813953488372093,669696.53,43,216395.7,27,2,1,0.0435,0
V003051,Zeta Inc,D,25.735294117647058,0.7352941176470589,350716.87,34,591697.18,24,3,0,0.3796,0
V003052,Tech Solutions,B,18.967741935483872,0.7419354838709677,705232.08,31,128558.18,22,1,3,0.2073,0
V003053,Alpha Group,C,16.41860465116279,0.7906976744186046,774141.71,43,412189.77,26,2,3,0.3079,0
V003054,Alpha GmbH,D,22.42222222222222,0.8,777708.52,45,180188.1,18,3,2,0.0901,0
V003055,Uni BV,D,23.8125,0.8333333333333334,416790.18,48,161680.15,17,3,1,0.0608,0
V003056,Prime Solutions,B,23.53488372093023,0.8372093023255814,790450.03,43,213967.25,25,1,2,0.1071,0
V003057,Alpha Industries,B,22.65714285714286,0.8285714285714286,483557.27999999997,35,185478.51,25,1,1,0.0552,0
V003058,Metal Ltd,B,24.076923076923077,0.8461538461538461,643168.0,39,82535.61,11,1,1,0.2008,0
V003059,Pharma Industries,A,23.804878048780488,0.8048780487804879,642769.65,41,190099.7,26,0,1,0.0402,0
V003060,Pharma Associates,A,21.86046511627907,0.8604651162790697,411777.05,43,164431.37,22,0,1,0.1301,0
V003061,Eco Inc,A,21.641025641025642,0.717948717948718,955081.11,39,467286.49,22,0,2,0.3441,0
V003062,Alpha Ltd,C,21.714285714285715,0.673469387755102,392525.5,49,268341.14,24,2,3,0.2717,0
V003063,Infra Group,D,24.967741935483872,0.9032258064516129,353721.37,31,110170.13,21,3,1,0.3779,0
V003064,Energy GmbH,A,20.897435897435898,0.7948717948717948,436755.41,39,294975.42,29,0,3,0.0515,0
V003065,Inter Pvt Ltd,B,31.2,0.8857142857142857,402057.45,35,144844.43,21,1,1,0.5394,0
V003066,Inter Inc,B,21.02857142857143,0.7428571428571429,360107.26999999996,35,111470.29000000001,24,1,3,0.2046,0
V003067,Sigma Solutions,B,21.041666666666668,0.8333333333333334,755600.4,48,183894.59,20,1,2,0.132,0
V003068,Pharma Partners,B,21.02173913043478,0.8043478260869565,965894.81,46,399127.05,29,1,2,0.2269,0
V003069,Zeta BV,B,25.1,0.8,643404.77,40,269624.59,19,1,1,0.052,0
V003070,Zeta Pvt Ltd,B,19.487179487179485,0.7435897435897436,302833.79,39,475067.09,15,1,3,0.244,0
V003071,Trans Solutions,A,24.666666666666668,0.8461538461538461,363065.47,39,354085.01,27,0,1,0.128,0
V003072,Gamma Pvt Ltd,A,17.72,0.68,466062.5,50,546866.8899999999,19,0,3,0.3812,0
V003073,Eco Inc,D,22.866666666666667,0.8444444444444444,439379.52999999997,45,189082.11,16,3,1,0.071,0
V003074,Energy Partners,D,17.67391304347826,0.7391304347826086,1220565.93,46,657821.63,23,3,2,0.6595,1
V003075,Alpha Ltd,A,27.675,0.825,456098.98,40,293410.07,22,0,1,0.1503,0
V003076,Agro Services,C,21.625,0.8035714285714286,1145692.54,56,223923.43,19,2,2,0.2887,0
V003077,Global Associates,C,29.236842105263158,0.868421052631579,323520.8,38,788676.8799999999,22,2,0,0.6464,1
V003078,Logis Pvt Ltd,A,23.155555555555555,0.8444444444444444,421832.49,45,336114.17,29,0,1,0.0744,0
V003079,Pro Enterprises,B,15.229166666666666,0.7291666666666666,931442.56,48,100806.09,13,1,3,0.539,0
V003080,Gamma AG,B,24.25,0.85,848929.94,40,167072.58,18,1,2,0.1504,0
V003081,Trans Enterprises,C,20.3953488372093,0.6511627906976745,311330.47000000003,43,288453.67,18,2,3,0.3765,0
V003082,Energy BV,A,23.733333333333334,0.8888888888888888,581577.26,45,247645.44,24,0,1,0.1655,0
V003083,Prime Industries,B,19.62264150943396,0.6792452830188679,725291.95,53,255871.46,20,1,3,0.2525,0
V003084,Smart Associates,B,21.0,0.7727272727272727,392373.81,44,313208.14,25,1,3,0.077,0
V003085,Digital Associates,C,22.291666666666668,0.75,657822.34,48,132726.30000000002,19,2,3,0.1516,0
V003086,Trans Associates,D,19.46808510638298,0.6595744680851063,378485.84,47,153637.68,14,3,3,0.3213,0
V003087,Prime Pvt Ltd,A,21.666666666666668,0.8205128205128205,470916.78,39,353840.64,23,0,1,0.0778,0
V003088,Prime Inc,C,14.545454545454545,0.6363636363636364,601075.68,44,215123.16,19,2,3,0.5329,0
V003089,Prime Partners,B,21.106382978723403,0.7659574468085106,777478.37,47,305627.33999999997,18,1,2,0.1047,0
V003090,Digital Associates,B,25.727272727272727,0.8545454545454545,687259.84,55,178050.33,21,1,1,0.1279,0
V003091,Metal Pvt Ltd,A,25.304347826086957,0.8043478260869565,1026460.2999999999,46,483668.50999999995,29,0,2,0.312,0
V003092,Agro Enterprises,A,24.914285714285715,0.8285714285714286,504629.26,35,330798.65,28,0,1,0.0639,0
V003093,Digital Pvt Ltd,A,24.06122448979592,0.8775510204081632,527487.51,49,370829.63,22,0,1,0.1647,0
V003094,Beta Inc,A,22.976190476190474,0.8333333333333334,944430.03,42,559512.98,31,0,2,0.3413,0
V003095,Tech Pvt Ltd,C,21.458333333333332,0.75,735039.73,48,239224.57,19,2,3,0.1024,0
V003096,Beta GmbH,A,27.53191489361702,0.851063829787234,904577.75,47,206639.51,14,0,2,0.2758,0
V003097,Gamma Partners,B,22.294117647058822,0.7843137254901961,721219.57,51,659869.36,27,1,0,0.2703,0
V003098,Prime Enterprises,A,17.28846153846154,0.75,604982.21,52,476184.06,22,0,3,0.239,0
V003099,Global BV,A,22.30952380952381,0.8095238095238095,603130.77,42,273497.14,15,0,1,0.0165,0
V003100,Tech Services,C,23.704545454545453,0.7727272727272727,270396.93,44,527428.43,25,2,0,0.2525,0
V003101,Digital Enterprises,C,24.32,0.82,1092201.6300000001,50,499974.44,19,2,2,0.3627,0
V003102,Pro Partners,B,22.486486486486488,0.7297297297297297,283997.88,37,540432.22,27,1,0,0.3251,0
V003103,Net GmbH,A,20.075,0.7,684364.96,40,184923.67,22,0,3,0.2065,0
V003104,Uni Ltd,A,27.675675675675677,0.8378378378378378,454667.21,37,360922.12,25,0,1,0.1943,0
V003105,Gamma Group,B,22.0,0.8260869565217391,588350.5,46,74954.33,13,1,1,0.1889,0
V003106,Alpha Pvt Ltd,A,29.392857142857142,0.9285714285714286,207513.17,28,272955.88,14,0,1,0.6419,1
V003107,Zeta Partners,D,24.842105263157894,0.7894736842105263,556569.04,38,376876.52,27,3,1,0.0882,0
V003108,Uni Pvt Ltd,A,17.15909090909091,0.75,519090.39,44,208590.56,28,0,3,0.1646,0
V003109,Agro Solutions,A,15.869565217391305,0.6739130434782609,464661.87,46,167989.77000000002,18,0,3,0.3695,0
V003110,Eco Group,D,23.53488372093023,0.7441860465116279,680726.34,43,153900.69,24,3,3,0.1474,0
V003111,Inter Pvt Ltd,A,15.419354838709678,0.7096774193548387,322711.64,31,243163.34999999998,22,0,3,0.3371,0
V003112,Trans Pvt Ltd,A,24.047619047619047,0.7619047619047619,392580.05,21,218318.38,23,0,1,0.0823,0
V003113,Smart BV,C,24.81578947368421,0.8157894736842105,566920.5,38,496775.83,29,2,0,0.1264,0
V003114,Uni AG,A,15.228571428571428,0.7428571428571429,324329.22000000003,35,146614.27,19,0,3,0.4058,0
V003115,Smart GmbH,C,25.729166666666668,0.8541666666666666,1110633.27,48,152536.76,20,2,2,0.3833,0
V003116,Gamma Solutions,C,21.266666666666666,0.7333333333333333,711138.68,45,180951.79,17,2,3,0.1243,0
V003117,Epsilon Ltd,A,22.319148936170212,0.7021276595744681,1137074.8,47,255421.90000000002,23,0,2,0.4215,0
V003118,Logis Group,A,21.568181818181817,0.75,538581.91,44,121960.70999999999,21,0,3,0.1284,0
V003119,Pro Corp,B,22.54054054054054,0.8648648648648649,647062.5599999999,37,359656.3,22,1,1,0.1468,0
V003120,Alpha Industries,B,25.79245283018868,0.7924528301886793,563370.05,53,581615.44,25,1,0,0.2007,0
V003121,Logis Inc,A,20.06451612903226,0.8387096774193549,269163.51,31,136781.91,23,0,1,0.2945,0
V003122,Metal Associates,B,25.037037037037038,0.8888888888888888,217225.7,27,133723.12,18,1,1,0.412,0
V003123,Pro Enterprises,B,17.727272727272727,0.7878787878787878,325336.76,33,269973.22,23,1,3,0.222,0
V003124,Pharma Services,A,22.45,0.775,645827.54,40,554990.29,24,0,0,0.1687,0
V003125,Agro Solutions,B,23.675675675675677,0.7837837837837838,1104518.93,37,456783.51,27,1,2,0.3262,0
V003126,Global Associates,A,21.464285714285715,0.75,284560.53,28,350311.33999999997,26,0,3,0.2151,0
V003127,Smart Group,D,24.567164179104477,0.8805970149253731,882014.39,67,205379.59,26,3,2,0.2307,0
V003128,Infra Inc,A,24.36111111111111,0.8888888888888888,604402.23,36,148224.18,20,0,1,0.1983,0
V003129,Epsilon AG,D,23.305555555555557,0.8055555555555556,313565.15,36,410169.16,34,3,1,0.1414,0
V003130,Agro GmbH,C,24.076923076923077,0.7692307692307693,524104.55000000005,39,438737.78,17,2,0,0.0907,0
V003131,Prime Pvt Ltd,A,21.4,0.775,693972.46,40,374805.38,20,0,2,0.0993,0
V003132,Infra Group,B,18.871794871794872,0.7692307692307693,691672.49,39,311078.79,33,1,3,0.1258,0
V003133,Eco Corp,B,28.3,0.875,394796.83999999997,40,213976.21,22,1,1,0.2578,0
V003134,Logis Ltd,A,22.28301886792453,0.8113207547169812,457865.5,53,245589.65,21,0,1,0.0132,0
V003135,Beta Industries,B,21.0,0.7567567567567568,303618.53,37,198422.55000000002,24,1,3,0.1473,0
V003136,Energy Services,A,19.275862068965516,0.6551724137931034,267629.26,29,266311.44,15,0,3,0.3576,0
V003137,Inter GmbH,C,23.272727272727273,0.7878787878787878,428525.37,33,199910.97,21,2,1,0.023,0
V003138,Alpha BV,C,16.951219512195124,0.7317073170731707,520936.64,41,237733.87,14,2,3,0.1706,0
V003139,Uni Partners,B,25.326923076923077,0.8653846153846154,390683.72000000003,52,289098.48,16,1,1,0.1359,0
V003140,Tech Partners,B,25.536585365853657,0.8536585365853658,818351.6499999999,41,405826.78,21,1,2,0.1769,0
V003141,Delta AG,C,17.930232558139537,0.6976744186046512,455001.67,43,311661.4,26,2,3,0.195,0
V003142,Logis GmbH,B,24.756756756756758,0.8648648648648649,403109.94,37,422347.22,27,1,1,0.1587,0
V003143,Beta Solutions,C,22.093023255813954,0.813953488372093,766455.24,43,536147.4,29,2,0,0.1907,0
V003144,Infra BV,A,21.130434782608695,0.717391304347826,521740.29000000004,46,191082.26,24,0,3,0.1334,0
V003145,Sigma Inc,A,28.794117647058822,0.9117647058823529,245477.01,34,194083.65,22,0,1,0.5145,0
V003146,Infra Ltd,D,21.54054054054054,0.7837837837837838,653738.9199999999,37,223904.42,17,3,3,0.0338,0
V003147,Global AG,C,20.766666666666666,0.7666666666666667,261588.65,30,219899.75,22,2,3,0.1873,0
V003148,Zeta Group,B,21.91304347826087,0.782608695652174,677120.86,46,107359.0,13,1,3,0.1579,0
V003149,Global Industries,A,23.88372093023256,0.7906976744186046,724214.85,43,305893.58,23,0,2,0.0635,0
V003150,Infra GmbH,B,23.147058823529413,0.7352941176470589,634163.1799999999,34,135333.66999999998,21,1,3,0.1619,0
V003151,Inter Industries,A,23.816326530612244,0.8979591836734694,675505.49,49,246872.72,30,0,1,0.2076,0
V003152,Pharma Services,D,13.625,0.675,638939.7,40,177925.12,19,3,3,0.523,0
V003153,Gamma Inc,B,17.444444444444443,0.6944444444444444,534150.24,36,324827.61,27,1,3,0.1989,0
V003154,Beta Industries,A,25.41304347826087,0.7608695652173914,940977.97,46,216549.98,21,0,2,0.2525,0
V003155,Prime BV,C,25.24390243902439,0.8292682926829268,439149.72,41,137611.5,22,2,1,0.1023,0
V003156,Logis Partners,A,28.216216216216218,0.7837837837837838,410578.94,37,124618.22,15,0,1,0.3109,0
V003157,Smart AG,A,23.37037037037037,0.8703703703703703,615733.8200000001,54,107751.9,19,0,1,0.2067,0
V003158,Tech Corp,D,23.416666666666668,0.7708333333333334,720303.8999999999,48,202244.64,14,3,2,0.07,0
V003159,Sigma Partners,B,20.41860465116279,0.7209302325581395,569353.01,43,164135.74,23,1,3,0.133,0
V003160,Logis Group,B,20.711111111111112,0.8,610383.49,45,153965.36000000002,24,1,3,0.0913,0
V003161,Net Group,B,19.704545454545453,0.7272727272727273,522034.47,44,173243.16,22,1,3,0.1083,0
V003162,Inter Corp,A,25.886363636363637,0.7272727272727273,465508.32,44,221618.12,25,0,1,0.2173,0
V003163,Digital Enterprises,B,23.634146341463413,0.7317073170731707,631508.91,41,265568.58,15,1,3,0.116,0
V003164,Metal Ltd,D,18.0,0.7111111111111111,693180.99,45,220849.99,15,3,3,0.1897,0
V003165,Pro BV,C,15.8,0.7333333333333333,852571.76,30,166247.51,15,2,3,0.3785,0
V003166,Net Inc,A,19.204545454545453,0.7045454545454546,926510.09,44,228880.49,16,0,3,0.2943,0
V003167,Tech Associates,B,21.842105263157894,0.8421052631578947,431081.41,38,269702.08,25,1,1,0.074,0
V003168,Uni Ltd,C,21.361702127659573,0.8297872340425532,366747.07,47,115876.44,18,2,1,0.213,0
V003169,Delta Pvt Ltd,B,24.833333333333332,0.8333333333333334,550318.55,36,290441.57,29,1,1,0.0463,0
V003170,Eco Inc,B,21.363636363636363,0.8636363636363636,272396.05,44,214323.05,21,1,1,0.2707,0
V003171,Trans BV,D,16.054054054054053,0.6486486486486487,661565.9299999999,37,164104.69,18,3,3,0.4655,0
V003172,Logis Enterprises,D,20.68421052631579,0.7368421052631579,393002.73,38,268189.11,29,3,3,0.1088,0
V003173,Delta BV,B,22.680851063829788,0.8723404255319149,737503.3,47,295999.9,27,1,1,0.1472,0
V003174,Eco Industries,C,30.375,0.875,461009.55,32,605770.21,28,2,0,0.5703,1
V003175,Global Inc,A,17.974358974358974,0.7692307692307693,537251.09,39,108611.61,14,0,3,0.223,0
V003176,Smart Associates,C,25.2,0.85,497358.59,40,507062.38,24,2,0,0.1462,0
V003177,Gamma Services,A,23.44,0.78,578282.42,50,196480.28,20,0,1,0.0465,0
V003178,Delta BV,A,17.305555555555557,0.6944444444444444,496102.13,36,703994.6,24,0,0,0.4925,0
V003179,Tech Enterprises,B,23.314285714285713,0.7428571428571429,394855.45,35,220221.3,27,1,3,0.0981,0
V003180,Delta BV,A,23.72222222222222,0.8333333333333334,325836.69,36,272916.94,20,0,1,0.1176,0
V003181,Delta Services,D,21.0,0.7872340425531915,909767.56,47,141053.72,18,3,2,0.2104,0
V003182,Epsilon Solutions,D,24.756756756756758,0.7837837837837838,356606.65,37,488990.12,27,3,0,0.1861,0
V003183,Inter Corp,B,21.710526315789473,0.7631578947368421,632765.5,38,865606.17,29,1,0,0.4547,0
V003184,Gamma AG,A,21.058823529411764,0.7647058823529411,759184.76,51,147431.83,22,0,2,0.1256,0
V003185,Eco Enterprises,A,21.975,0.75,656506.6900000001,40,308996.68,19,0,3,0.0781,0
V003186,Zeta Group,B,24.933333333333334,0.8,417180.12,45,140325.88,25,1,1,0.098,0
V003187,Energy Services,A,26.633333333333333,0.9333333333333333,418661.72,30,212868.25,20,0,1,0.3875,0
V003188,Logis Pvt Ltd,B,23.195121951219512,0.8048780487804879,607083.89,41,202089.68,19,1,1,0.0221,0
V003189,Gamma GmbH,C,17.634146341463413,0.6341463414634146,358402.56,41,322254.48,22,2,3,0.4245,0
V003190,Inter BV,A,21.63888888888889,0.7777777777777778,434011.14999999997,36,466711.6,22,0,0,0.1067,0
V003191,Infra Inc,C,17.444444444444443,0.6944444444444444,367137.39,36,277865.89,30,2,3,0.2318,0
V003192,Logis Industries,A,28.0,0.8333333333333334,606233.5,42,357085.17,26,0,1,0.185,0
V003193,Global Services,A,22.46153846153846,0.8205128205128205,341493.37,39,526130.3,27,0,0,0.1901,0
V003194,Alpha Ltd,A,26.155555555555555,0.9333333333333333,420949.15,45,189663.54,23,0,1,0.3886,0
V003195,Smart Industries,B,22.647058823529413,0.7843137254901961,877355.26,51,338605.81,27,1,2,0.1248,0
V003196,Tech Group,A,21.454545454545453,0.8181818181818182,483138.26999999996,33,165188.78,15,0,1,0.0632,0
V003197,Eco Enterprises,C,22.060606060606062,0.8484848484848485,598255.95,33,239884.38,26,2,1,0.084,0
V003198,Infra AG,A,20.520833333333332,0.75,502052.7,48,396586.60000000003,20,0,3,0.1099,0
V003199,Energy Ltd,A,19.944444444444443,0.7407407407407407,619210.1,54,268492.51,16,0,3,0.0877,0
V003200,Pharma Services,B,22.41025641025641,0.7692307692307693,256808.47,39,193035.89,22,1,1,0.2052,0
V003201,Delta Services,A,25.166666666666668,0.8095238095238095,583805.1,42,470707.04,26,0,0,0.1111,0
V003202,Trans Group,B,26.285714285714285,0.8095238095238095,886295.5700000001,42,348557.02,28,1,2,0.1977,0
V003203,Smart Industries,C,21.864864864864863,0.8108108108108109,563499.97,37,371348.58,19,2,1,0.0605,0
V003204,Metal BV,A,22.083333333333332,0.75,392441.26,48,392100.91,28,0,3,0.1325,0
V003205,Epsilon GmbH,B,27.0,0.8163265306122449,331657.48,49,401733.57,27,1,1,0.2297,0
V003206,Global Pvt Ltd,A,19.06,0.72,504989.48,50,100583.53,18,0,3,0.2538,0
V003207,Tech Solutions,B,24.452380952380953,0.8333333333333334,854601.35,42,312232.24,23,1,2,0.1261,0
V003208,Prime AG,A,21.857142857142858,0.8163265306122449,701275.99,49,225624.63,25,0,2,0.0563,0
V003209,Sigma AG,A,19.386363636363637,0.75,711357.76,44,175590.08,19,0,3,0.1342,0
V003210,Eco Ltd,B,21.130434782608695,0.7608695652173914,813247.9,46,199081.29,19,1,2,0.1353,0
V003211,Metal Group,B,30.18421052631579,0.8421052631578947,404507.15,38,269672.75,29,1,1,0.4031,0
V003212,Alpha Services,A,22.772727272727273,0.7272727272727273,566116.75,44,223999.37,19,0,3,0.103,0
V003213,Tech Corp,A,27.305555555555557,0.8333333333333334,397491.12,36,301636.03,30,0,1,0.1662,0
V003214,Tech Pvt Ltd,A,26.56,0.8,764097.1900000001,50,866239.7100000001,38,0,0,0.5077,0
V003215,Gamma Enterprises,A,27.595238095238095,0.8571428571428571,514216.14999999997,42,213978.19999999998,16,0,1,0.1684,0
V003216,Metal Group,D,25.113636363636363,0.75,539952.05,44,387814.51999999996,23,3,1,0.1602,0
V003217,Delta Enterprises,B,23.93877551020408,0.8163265306122449,454802.69,49,693065.37,24,1,0,0.2649,0
V003218,Pro Industries,C,24.01923076923077,0.8269230769230769,497606.37,52,185114.35,23,2,1,0.0422,0
V003219,Eco Industries,B,22.637931034482758,0.8275862068965517,578805.29,58,468387.20999999996,29,1,0,0.1313,0
V003220,Logis Industries,A,24.263157894736842,0.8421052631578947,994437.72,38,377619.01,21,0,2,0.2371,0
V003221,Pro Associates,A,25.46,0.82,432750.57,50,297945.19,26,0,1,0.0603,0
V003222,Energy GmbH,A,21.29090909090909,0.7636363636363637,1013674.36,55,244496.7,20,0,2,0.2054,0
V003223,Agro Ltd,A,21.666666666666668,0.7450980392156863,716218.67,51,215867.62,27,0,3,0.0958,0
V003224,Beta Ltd,A,21.91891891891892,0.7837837837837838,761688.31,37,201772.41999999998,19,0,2,0.0698,0
V003225,Pro Industries,A,30.973684210526315,0.868421052631579,1203039.03,38,698430.02,30,0,2,0.8622,1
V003226,Zeta AG,C,15.714285714285714,0.6571428571428571,935560.44,35,582563.05,24,2,3,0.6582,1
V003227,Net Ltd,C,18.431818181818183,0.8409090909090909,652765.79,44,239183.99,24,2,3,0.2285,0
V003228,Gamma Pvt Ltd,A,16.763157894736842,0.7105263157894737,604679.89,38,298991.32,23,0,3,0.2175,0
V003229,Pro Corp,D,27.020833333333332,0.9166666666666666,606542.46,48,431417.99,22,3,1,0.3395,0
V003230,Pharma Ltd,C,30.857142857142858,0.9142857142857143,467142.14,35,313909.74,29,2,1,0.5634,1
V003231,Energy Solutions,B,21.0,0.7297297297297297,625879.01,37,948537.48,29,1,0,0.5609,1
V003232,Tech AG,C,19.67391304347826,0.782608695652174,629896.61,46,240329.65,27,2,3,0.0744,0
V003233,Beta Inc,A,20.62962962962963,0.7037037037037037,778660.62,54,184544.05,21,0,3,0.2479,0
V003234,Pro Corp,A,24.838709677419356,0.7419354838709677,343344.3,31,426207.56,17,0,0,0.2299,0
V003235,Alpha Inc,C,18.88235294117647,0.7450980392156863,841882.8300000001,51,519070.63,14,2,0,0.3059,0
V003236,Eco Ltd,B,24.685185185185187,0.8703703703703703,593253.86,54,143480.9,20,1,1,0.1395,0
V003237,Prime Ltd,A,24.692307692307693,0.8461538461538461,538150.4,52,420028.14,29,0,1,0.0966,0
V003238,Zeta Group,A,24.3953488372093,0.8372093023255814,396992.91000000003,43,324696.85000000003,25,0,1,0.0751,0
V003239,Delta Enterprises,C,20.692307692307693,0.7692307692307693,476754.73,52,326416.3,27,2,3,0.0575,0
V003240,Prime Pvt Ltd,B,20.568181818181817,0.7954545454545454,905325.46,44,175739.88999999998,28,1,2,0.1773,0
V003241,Zeta Partners,A,23.318181818181817,0.8636363636363636,429549.48,44,256588.56,15,0,1,0.0811,0
V003242,Pharma Partners,B,23.70731707317073,0.7560975609756098,410079.96,41,639132.73,29,1,0,0.2428,0
V003243,Pro Inc,C,21.75,0.8055555555555556,720276.9,36,567946.87,22,2,0,0.2144,0
V003244,Infra Partners,D,23.258064516129032,0.8387096774193549,740987.4,31,679211.72,22,3,0,0.3051,0
V003245,Energy Associates,C,21.53488372093023,0.7906976744186046,536618.44,43,626088.63,24,2,0,0.2061,0
V003246,Prime Pvt Ltd,A,27.625,0.8541666666666666,541355.82,48,236560.12,19,0,1,0.1516,0
V003247,Inter Industries,B,22.441860465116278,0.7674418604651163,560951.29,43,201714.57,24,1,3,0.0429,0
V003248,Trans BV,A,12.647058823529411,0.6470588235294118,453881.41,34,206258.7,15,0,3,0.6189,1
V003249,Epsilon Solutions,C,20.974358974358974,0.7435897435897436,629640.01,39,430191.82,23,2,3,0.1248,0
V003250,Logis Enterprises,D,20.903225806451612,0.7741935483870968,363839.26,31,960153.71,26,3,0,0.5537,1
V003251,Inter Corp,B,25.21951219512195,0.9024390243902439,422095.27,41,281492.4,23,1,1,0.2225,0
V003252,Uni BV,B,19.696428571428573,0.8035714285714286,553075.03,56,342138.24,26,1,3,0.1088,0
V003253,Smart AG,A,24.128205128205128,0.7435897435897436,462699.49,39,268725.57,17,0,1,0.0997,0
V003254,Infra BV,C,26.261904761904763,0.8095238095238095,613757.15,42,353467.0,28,2,1,0.1022,0
V003255,Tech GmbH,C,25.170731707317074,0.7560975609756098,296944.86,41,270611.68,19,2,1,0.2346,0
V003256,Smart Industries,C,22.8125,0.8333333333333334,869319.05,48,179993.47,23,2,2,0.1428,0
V003257,Logis AG,B,25.02127659574468,0.8297872340425532,774426.9,47,405007.86,25,1,2,0.1388,0
V003258,Metal Associates,D,16.795454545454547,0.7954545454545454,445356.21,44,125344.13,14,3,3,0.3003,0
V003259,Inter Pvt Ltd,A,22.456521739130434,0.7608695652173914,634596.38,46,622424.64,28,0,0,0.2418,0
V003260,Delta Corp,B,18.31578947368421,0.8157894736842105,470475.3,38,132358.31,20,1,3,0.2352,0
V003261,Pharma Inc,C,23.054054054054053,0.7567567567567568,496748.33,37,278490.27999999997,19,2,3,0.0535,0
V003262,Zeta Inc,B,23.928571428571427,0.8095238095238095,397166.11,42,346725.3,27,1,1,0.0645,0
V003263,Agro Associates,C,25.3953488372093,0.9302325581395349,526649.53,43,262958.32,24,2,1,0.345,0
V003264,Eco BV,A,23.096153846153847,0.8461538461538461,522274.16000000003,52,119278.15,24,0,1,0.119,0
V003265,Tech BV,A,20.94736842105263,0.7631578947368421,559752.13,38,202056.34,22,0,3,0.0522,0
V003266,Pharma Group,A,21.125,0.7291666666666666,578259.24,48,307017.11,24,0,3,0.1048,0
V003267,Logis Partners,A,16.105263157894736,0.7368421052631579,369233.95,38,216943.25,19,0,3,0.2633,0
V003268,Energy Industries,A,24.053571428571427,0.75,818125.0,56,191477.65000000002,17,0,2,0.1829,0
V003269,Delta Inc,B,25.0188679245283,0.7924528301886793,756148.14,53,208017.45,18,1,2,0.0973,0
V003270,Tech Pvt Ltd,C,22.11111111111111,0.8444444444444444,508511.39,45,503448.02999999997,17,2,0,0.1582,0
V003271,Net Industries,A,26.02857142857143,0.8571428571428571,655992.27,35,188870.32,23,0,1,0.1259,0
V003272,Energy Solutions,C,26.270833333333332,0.7291666666666666,905236.43,48,314665.25,17,2,2,0.3226,0
V003273,Smart Enterprises,D,28.2,0.8285714285714286,350065.29,35,390240.43000000005,27,3,1,0.2855,0
V003274,Trans Solutions,C,28.266666666666666,1.0,320878.51,30,365912.72000000003,28,2,1,0.6069,1
V003275,Pharma Associates,B,28.272727272727273,0.8409090909090909,351257.22000000003,44,177609.55,19,1,1,0.2695,0
V003276,Digital BV,A,26.78048780487805,0.8292682926829268,326234.31,41,193588.85,20,0,1,0.1905,0
V003277,Tech Group,C,17.86111111111111,0.7222222222222222,360605.76,36,259135.92,29,2,3,0.1781,0
V003278,Energy Enterprises,C,16.4,0.7384615384615385,1482992.01,65,249936.06,26,2,2,0.6542,1
V003279,Trans GmbH,A,22.612903225806452,0.8064516129032258,537272.18,31,468958.46,23,0,0,0.0779,0
V003280,Pro Ltd,B,26.644444444444446,0.8222222222222222,1308516.4000000001,45,96544.56,19,1,2,0.5891,1
V003281,Global Industries,A,23.67391304347826,0.7391304347826086,722293.1799999999,46,94940.3,16,0,2,0.2648,0
V003282,Gamma Corp,B,25.842105263157894,0.8421052631578947,965541.5599999999,38,222950.65,15,1,2,0.2209,0
V003283,Smart Solutions,C,23.511111111111113,0.7777777777777778,939735.42,45,502632.13,22,2,2,0.2636,0
V003284,Beta Inc,B,21.17391304347826,0.8043478260869565,660911.78,46,195261.15,20,1,1,0.0573,0
V003285,Gamma Enterprises,A,17.6046511627907,0.7441860465116279,654690.9,43,352647.8,26,0,3,0.1607,0
V003286,Metal Inc,B,21.065217391304348,0.7391304347826086,926327.65,46,264868.77,21,1,2,0.1905,0
V003287,Delta BV,C,24.357142857142858,0.7857142857142857,690781.36,28,955783.8099999999,13,2,0,0.5171,0
V003288,Smart Inc,A,20.058823529411764,0.7450980392156863,572212.57,51,498950.83,22,0,0,0.1686,0
V003289,Pharma Industries,C,13.794871794871796,0.6923076923076923,301699.32,39,337200.34,22,2,3,0.5522,1
V003290,Logis Corp,B,20.069767441860463,0.813953488372093,396638.41000000003,43,127124.56,14,1,3,0.1655,0
V003291,Eco Industries,A,18.977777777777778,0.7333333333333333,497562.07,45,404782.14,21,0,3,0.1423,0
V003292,Sigma Enterprises,C,26.41304347826087,0.8043478260869565,474826.85,46,434760.29,24,2,1,0.1456,0
V003293,Agro Group,B,28.766666666666666,0.9,232384.14,30,250820.19,23,1,1,0.4861,0
V003294,Agro Pvt Ltd,B,24.833333333333332,0.8333333333333334,235314.47,36,440827.43,21,1,1,0.2889,0
V003295,Uni Industries,A,18.238095238095237,0.8095238095238095,434239.68,42,161799.65,22,0,3,0.2008,0
V003296,Delta Pvt Ltd,C,21.020833333333332,0.8125,1098782.03,48,161138.13999999998,18,2,2,0.3032,0
V003297,Smart Services,A,24.147058823529413,0.8235294117647058,384789.04,34,435156.0,25,0,1,0.1217,0
V003298,Sigma Solutions,B,21.425,0.9,336117.82,40,315724.31,24,1,1,0.319,0
V003299,Metal Associates,A,29.94736842105263,0.8157894736842105,545978.52,38,334187.25,20,0,1,0.3355,0
V003300,Uni AG,B,21.210526315789473,0.7631578947368421,324680.54000000004,38,395320.57,28,1,3,0.1658,0
V003301,Tech BV,C,26.6046511627907,0.7906976744186046,444399.61,43,243779.8,23,2,1,0.1252,0
V003302,Smart Industries,C,21.55263157894737,0.7894736842105263,540069.79,38,265117.29,23,2,3,0.0223,0
V003303,Trans Services,C,23.72972972972973,0.8378378378378378,726080.3200000001,37,189469.25,22,2,1,0.0816,0
V003304,Digital Inc,C,26.54,0.86,858376.36,50,243832.1,30,2,2,0.1942,0
V003305,Pro Solutions,B,21.073170731707318,0.7317073170731707,692045.56,41,277231.48000000004,23,1,3,0.1068,0
V003306,Epsilon GmbH,B,18.3125,0.65625,325783.8,32,163962.78,13,1,3,0.3603,0
V003307,Trans Enterprises,C,19.714285714285715,0.7959183673469388,512628.48,49,213607.03,22,2,3,0.082,0
V003308,Eco Enterprises,A,27.81578947368421,0.8421052631578947,259766.76,38,223279.94,20,0,1,0.2989,0
V003309,Energy BV,B,25.256410256410255,0.8205128205128205,562483.09,39,387005.82999999996,29,1,1,0.0844,0
V003310,Tech Associates,D,24.852941176470587,0.7647058823529411,471092.52999999997,34,395218.77,17,3,1,0.1308,0
V003311,Epsilon Enterprises,C,28.225806451612904,0.7741935483870968,590347.13,31,767917.02,20,2,0,0.4936,0
V003312,Epsilon Services,B,19.97826086956522,0.782608695652174,433587.07999999996,46,450893.32999999996,28,1,0,0.1401,0
V003313,Trans Inc,C,23.19298245614035,0.8771929824561403,547207.3099999999,57,185857.44,23,2,1,0.1422,0
V003314,Delta Corp,B,16.974358974358974,0.7948717948717948,266967.15,39,463686.99,22,1,3,0.3797,0
V003315,Trans Services,C,26.043478260869566,0.8260869565217391,493205.74,46,205478.88,16,2,1,0.0764,0
V003316,Infra Group,C,23.285714285714285,0.8571428571428571,571832.84,42,87478.74,16,2,1,0.2273,0
V003317,Smart Services,D,19.307692307692307,0.7435897435897436,684983.88,39,176547.8,17,3,3,0.124,0
V003318,Metal Corp,C,19.28301886792453,0.6981132075471698,785231.08,53,282534.07,32,2,3,0.2317,0
V003319,Global BV,A,16.125,0.65625,336235.28,32,446977.66,22,0,3,0.4565,0
V003320,Epsilon Solutions,B,24.08823529411765,0.7647058823529411,537077.72,34,742556.4,26,1,0,0.3337,0
V003321,Logis AG,B,21.358974358974358,0.7692307692307693,780921.8899999999,39,100147.92,15,1,2,0.2353,0
V003322,Eco Ltd,B,28.488888888888887,0.8666666666666667,368373.95999999996,45,277591.92,23,1,1,0.2865,0
V003323,Trans Partners,A,22.03030303030303,0.7575757575757576,657784.85,33,155866.39,15,0,3,0.1003,0
V003324,Tech Enterprises,B,23.595238095238095,0.7619047619047619,486429.66,42,196098.63,22,1,1,0.0632,0
V003325,Agro Inc,A,21.357142857142858,0.7857142857142857,497772.45,42,548474.4400000001,34,0,0,0.154,0
V003326,Uni Partners,A,22.303030303030305,0.9090909090909091,276428.93,33,198835.7,23,0,1,0.3738,0
V003327,Alpha Corp,B,23.784313725490197,0.7843137254901961,669468.2,51,251704.9,31,1,1,0.0446,0
V003328,Prime Corp,B,21.4375,0.8541666666666666,968092.0499999999,48,764080.24,26,1,0,0.5532,1
V003329,Beta Ltd,A,21.25,0.75,274863.8,36,237839.81,31,0,3,0.1831,0
V003330,Pro Associates,D,19.65909090909091,0.75,447369.08,44,181174.82,19,3,3,0.1017,0
V003331,Uni Pvt Ltd,B,24.89189189189189,0.8108108108108109,480406.63,37,168955.24,18,1,1,0.0536,0
V003332,Uni Solutions,A,25.634146341463413,0.8292682926829268,391766.12,41,262017.7,24,0,1,0.0922,0
V003333,Digital Corp,C,15.448275862068966,0.7586206896551724,539276.01,29,591470.32,24,2,0,0.3864,0
V003334,Alpha Services,A,23.641025641025642,0.8461538461538461,332485.83,39,311354.31,19,0,1,0.1297,0
V003335,Sigma Enterprises,C,17.676470588235293,0.8235294117647058,507444.37,34,172006.91999999998,16,2,3,0.2316,0
V003336,Energy Industries,A,21.714285714285715,0.8285714285714286,413141.28,35,714810.01,21,0,0,0.3483,0
V003337,Inter BV,C,23.27906976744186,0.7906976744186046,530936.7,43,505194.91,26,2,0,0.1034,0
V003338,Pharma Associates,B,15.857142857142858,0.7142857142857143,698087.56,42,398086.45999999996,24,1,3,0.3236,0
V003339,Inter Group,A,22.17142857142857,0.7714285714285715,772387.85,35,472558.54000000004,28,0,2,0.1564,0
V003340,Inter Enterprises,A,23.863636363636363,0.75,1092372.94,44,91613.67,15,0,2,0.425,0
V003341,Eco Ltd,A,16.515151515151516,0.6666666666666666,399965.38,33,277714.59,20,0,3,0.3251,0
V003342,Alpha Industries,C,26.535714285714285,0.8571428571428571,267214.56,28,243231.11,24,2,1,0.2393,0
V003343,Zeta Ltd,B,30.738095238095237,0.8571428571428571,710481.54,42,561374.68,21,1,1,0.566,1
V003344,Eco GmbH,C,24.102040816326532,0.7959183673469388,553771.21,49,432733.62,21,2,0,0.0723,0
V003345,Metal Pvt Ltd,B,21.916666666666668,0.7708333333333334,654912.71,48,122234.96,19,1,3,0.1301,0
V003346,Smart Services,A,22.425925925925927,0.8518518518518519,491038.62,54,337692.76,24,0,1,0.0984,0
V003347,Gamma Partners,A,24.243243243243242,0.7837837837837838,907385.47,37,221238.37,25,0,2,0.1418,0
V003348,Metal Group,A,18.155555555555555,0.6222222222222222,382148.33,45,221989.62,20,0,3,0.4666,0
V003349,Smart Group,B,20.928571428571427,0.7857142857142857,600394.4,42,165741.99,22,1,3,0.0646,0
V003350,Uni AG,A,19.09375,0.71875,858018.52,32,442779.24,18,0,3,0.2943,0
V003351,Digital Pvt Ltd,A,24.024390243902438,0.7560975609756098,294318.35,41,464874.85,18,0,0,0.2383,0
V003352,Uni Solutions,A,26.095238095238095,0.8333333333333334,439855.17,42,215474.01,26,0,1,0.0974,0
V003353,Agro Enterprises,C,25.6875,0.8125,187315.67,32,1148338.32,24,2,0,0.8173,1
V003354,Eco Associates,B,25.56756756756757,0.8648648648648649,724012.62,37,299140.09,19,1,1,0.1116,0
V003355,Prime Services,D,20.37837837837838,0.8378378378378378,393955.95,37,229218.37,26,3,1,0.1269,0
V003356,Alpha Associates,B,26.6,0.8222222222222222,423383.61,45,181873.49,15,1,1,0.1238,0
V003357,Pharma Enterprises,C,22.153846153846153,0.8461538461538461,435520.98,39,508724.58,35,2,0,0.1678,0
V003358,Net Enterprises,A,24.209302325581394,0.813953488372093,856723.66,43,455604.09,31,0,2,0.1748,0
V003359,Tech BV,A,25.844444444444445,0.8222222222222222,780416.73,45,108042.25,14,0,1,0.2405,0
V003360,Beta Partners,A,24.928571428571427,0.8095238095238095,377082.52,42,209898.69,26,0,1,0.0795,0
V003361,Infra GmbH,A,17.522727272727273,0.7272727272727273,431881.71,44,255429.78,25,0,3,0.1508,0
V003362,Smart Enterprises,B,22.19148936170213,0.7446808510638298,639216.81,47,368387.72,15,1,3,0.1043,0
V003363,Smart Partners,A,9.958333333333334,0.5208333333333334,465129.1,48,493380.18,30,0,3,0.8129,1
V003364,Metal GmbH,A,21.066666666666666,0.7333333333333333,643899.91,30,237707.72,23,0,3,0.0922,0
V003365,Inter Associates,C,29.28205128205128,0.8205128205128205,528961.11,39,239371.16,24,2,1,0.3043,0
V003366,Prime Ltd,A,15.921052631578947,0.6842105263157895,380930.89999999997,38,634413.0499999999,25,0,3,0.5177,0
V003367,Tech GmbH,B,22.871794871794872,0.7948717948717948,584544.89,39,129872.86,15,1,1,0.0698,0
V003368,Alpha Associates,C,24.058823529411764,0.7941176470588235,799782.1,34,455345.76,19,2,2,0.1615,0
V003369,Zeta Group,B,21.565217391304348,0.7608695652173914,500558.51,46,221920.36000000002,23,1,3,0.0422,0
V003370,Global Ltd,A,28.35,0.775,779947.1799999999,40,395799.37,25,0,2,0.3334,0
V003371,Energy GmbH,A,16.70731707317073,0.7073170731707317,724064.82,41,215971.4,27,0,3,0.2715,0
V003372,Inter Enterprises,B,26.74418604651163,0.8604651162790697,545300.63,43,401647.62,23,1,1,0.1423,0
V003373,Agro Group,B,17.658536585365855,0.7560975609756098,750196.67,41,273048.4,21,1,3,0.1768,0
V003374,Tech AG,B,19.133333333333333,0.7111111111111111,705257.13,45,235152.96,20,1,3,0.1706,0
V003375,Gamma Ltd,B,15.106382978723405,0.6382978723404256,620111.66,47,301741.8,21,1,3,0.4963,0
V003376,Pro Services,C,27.804878048780488,0.8536585365853658,476415.07,41,217080.72,20,2,1,0.1757,0
V003377,Inter AG,B,21.930232558139537,0.7441860465116279,407968.92,43,230209.86000000002,20,1,3,0.0652,0
V003378,Epsilon Group,D,16.023255813953487,0.6046511627906976,708102.53,43,213147.32,22,3,3,0.5961,1
V003379,Digital AG,C,23.285714285714285,0.7142857142857143,723631.98,42,161144.95,20,2,3,0.2116,0
V003380,Gamma Inc,B,24.02173913043478,0.8260869565217391,665517.6,46,283559.47,26,1,1,0.0444,0
V003381,Delta Corp,D,20.76595744680851,0.7021276595744681,740586.75,47,350106.19,25,3,3,0.2297,0
V003382,Trans Pvt Ltd,C,22.263157894736842,0.8157894736842105,382814.81,38,300459.18,28,2,1,0.0553,0
V003383,Logis Pvt Ltd,B,23.0,0.875,435593.02999999997,40,123742.94,19,1,1,0.1963,0
V003384,Inter AG,B,25.27906976744186,0.8372093023255814,769252.48,43,134696.92,13,1,1,0.1765,0
V003385,Delta Ltd,A,25.81578947368421,0.7894736842105263,612351.36,38,207435.83,20,0,1,0.0876,0
V003386,Pharma Ltd,A,22.28205128205128,0.7948717948717948,457528.88,39,202296.71,23,0,1,0.0177,0
V003387,Prime Solutions,A,22.170212765957448,0.7872340425531915,532724.61,47,213983.38,23,0,1,0.0074,0
V003388,Beta Inc,A,16.11111111111111,0.7407407407407407,145342.87,27,348678.58999999997,18,0,3,0.5013,0
V003389,Energy GmbH,C,20.510204081632654,0.673469387755102,614585.42,49,248207.16,26,2,3,0.2473,0
V003390,Smart Group,D,25.327272727272728,0.8363636363636363,733431.45,55,153074.51,20,3,1,0.1347,0
V003391,Beta Ltd,A,29.106382978723403,0.9361702127659575,684111.88,47,495118.27,24,0,1,0.5675,1
V003392,Smart Ltd,A,19.6875,0.75,495001.97,32,183925.21,28,0,3,0.0938,0
V003393,Infra Pvt Ltd,B,23.658536585365855,0.7317073170731707,318411.26,41,118982.62,18,1,3,0.2821,0
V003394,Tech Industries,D,19.790697674418606,0.6976744186046512,449822.22,43,291428.45,26,3,3,0.1735,0
V003395,Uni Inc,A,25.21276595744681,0.8723404255319149,664791.53,47,175795.98,17,0,1,0.1412,0
V003396,Inter Enterprises,B,27.382978723404257,0.8085106382978723,851003.3099999999,47,142825.84,15,1,2,0.28,0
V003397,Agro Solutions,B,21.88888888888889,0.8444444444444444,836226.75,45,239224.82,18,1,2,0.1491,0
V003398,Agro Associates,B,23.263157894736842,0.8421052631578947,801366.52,38,352450.79,31,1,2,0.1252,0
V003399,Inter Industries,A,26.19607843137255,0.803921568627451,630137.04,51,429191.35,24,0,1,0.1333,0
V003400,Zeta Corp,B,18.906976744186046,0.7441860465116279,605639.88,43,159997.33,18,1,3,0.1385,0
V003401,Sigma Enterprises,B,18.942857142857143,0.7142857142857143,530940.21,35,322220.14,27,1,3,0.1427,0
V003402,Digital Enterprises,C,23.15,0.825,375031.49,40,204250.38999999998,19,2,1,0.0613,0
V003403,Net Corp,D,24.837209302325583,0.8372093023255814,531430.6,43,226881.08,27,3,1,0.0539,0
V003404,Zeta Solutions,B,19.846153846153847,0.7692307692307693,542954.3,39,1037755.24,17,1,0,0.6036,1
V003405,Smart Industries,C,25.955555555555556,0.8444444444444444,500077.39999999997,45,335884.12,24,2,1,0.0939,0
V003406,Agro Group,B,26.630434782608695,0.8043478260869565,580282.16,46,417850.36,23,1,1,0.1289,0
V003407,Alpha Industries,A,25.451612903225808,0.8064516129032258,345522.69,31,147380.53,14,0,1,0.1535,0
V003408,Inter AG,B,16.925925925925927,0.7222222222222222,654387.0,54,449487.41,29,1,3,0.25,0
V003409,Digital Corp,D,20.0,0.8043478260869565,730594.8099999999,46,639616.51,27,3,0,0.3126,0
V003410,Beta Services,C,20.86111111111111,0.75,512613.79,36,143702.04,18,2,3,0.1027,0
V003411,Smart Inc,C,24.96969696969697,0.8787878787878788,301855.33,33,251060.51,26,2,1,0.2355,0
V003412,Infra Associates,A,22.048780487804876,0.8536585365853658,617897.08,41,207083.17,26,0,1,0.1033,0
V003413,Inter BV,A,18.885714285714286,0.7142857142857143,516710.25,35,163102.41,28,0,3,0.1618,0
V003414,Smart Industries,B,18.102040816326532,0.8163265306122449,644977.02,49,392944.74,23,1,3,0.2035,0
V003415,Pro Solutions,A,20.818181818181817,0.7878787878787878,329340.02,33,343368.64,20,0,3,0.1403,0
V003416,Metal Ltd,C,30.864864864864863,0.8918918918918919,465831.89,37,182964.94,22,2,1,0.4979,0
V003417,Beta Pvt Ltd,A,17.914285714285715,0.7142857142857143,272973.68,35,551094.69,31,0,3,0.4153,0
V003418,Alpha Associates,A,25.794871794871796,0.7948717948717948,403571.02999999997,39,425695.89999999997,23,0,1,0.1414,0
V003419,Alpha Group,B,20.404255319148938,0.7021276595744681,751082.75,47,748399.38,20,1,0,0.549,0
V003420,Infra Inc,A,22.113636363636363,0.7727272727272727,424193.05,44,793997.8400000001,18,0,0,0.3716,0
V003421,Agro BV,D,26.5,0.8636363636363636,565696.35,44,449905.58,20,3,1,0.1728,0
V003422,Energy Pvt Ltd,B,23.3,0.75,417536.74,40,346752.93,21,1,3,0.1074,0
V003423,Logis GmbH,A,15.581818181818182,0.7818181818181819,471562.95,55,294368.69,24,0,3,0.2697,0
V003424,Smart GmbH,A,24.7027027027027,0.8648648648648649,646761.35,37,124059.76999999999,16,0,1,0.1579,0
V003425,Smart Services,A,18.55,0.7,248521.39,40,427259.87,18,0,3,0.3811,0
V003426,Inter Enterprises,D,22.152173913043477,0.7391304347826086,634309.79,46,262244.21,18,3,3,0.0775,0
V003427,Pharma BV,C,13.87037037037037,0.6296296296296297,607013.4,54,257146.31,25,2,3,0.5923,1
V003428,Gamma Associates,C,18.483870967741936,0.6774193548387096,704584.61,31,231713.76,24,2,3,0.2744,0
V003429,Infra Ltd,B,25.23913043478261,0.8043478260869565,455790.52,46,140039.93,16,1,1,0.0909,0
V003430,Sigma BV,A,20.65,0.7,607498.11,40,288396.77,28,0,3,0.1811,0
V003431,Pharma Industries,A,24.804878048780488,0.7804878048780488,356690.29,41,198850.49,22,0,1,0.1251,0
V003432,Alpha Solutions,A,21.93617021276596,0.7659574468085106,507543.52,47,149309.22,18,0,3,0.0752,0
V003433,Trans Services,B,25.046511627906977,0.8604651162790697,394290.37,43,236960.82,27,1,1,0.1119,0
V003434,Delta Enterprises,D,22.0,0.7380952380952381,878582.52,42,446626.96,25,3,2,0.2272,0
V003435,Gamma Solutions,A,21.065217391304348,0.782608695652174,702507.16,46,214018.08,11,0,3,0.07,0
V003436,Smart Pvt Ltd,A,26.5,0.7941176470588235,556143.49,34,313919.85,29,0,1,0.1004,0
V003437,Alpha Corp,B,23.339285714285715,0.8035714285714286,517150.58999999997,56,536808.23,20,1,0,0.1184,0
V003438,Agro Enterprises,B,16.541666666666668,0.7083333333333334,802065.39,48,360953.85,21,1,3,0.3273,0
V003439,Tech Industries,C,22.327272727272728,0.8363636363636363,810079.04,55,280147.64999999997,21,2,2,0.1242,0
V003440,Metal Corp,C,28.977272727272727,0.8409090909090909,913520.5,44,158902.84,15,2,2,0.4413,0
V003441,Smart Industries,B,27.4,0.8,756049.4299999999,45,433613.22,21,1,2,0.243,0
V003442,Logis Services,A,23.416666666666668,0.7708333333333334,570429.35,48,539472.2899999999,24,0,0,0.1494,0
V003443,Infra Pvt Ltd,A,22.266666666666666,0.8444444444444444,567496.4,45,232514.95,25,0,1,0.0608,0
V003444,Logis GmbH,B,19.11627906976744,0.7906976744186046,451028.9,43,284283.03,27,1,3,0.1092,0
V003445,Trans Partners,A,23.295454545454547,0.8181818181818182,525727.62,44,400074.3,14,0,1,0.0585,0
V003446,Delta Associates,C,21.75,0.7916666666666666,604207.2,48,280763.83,20,2,1,0.032,0
V003447,Sigma Associates,B,23.025,0.775,695661.96,40,280709.25,29,1,2,0.065,0
V003448,Logis Corp,A,27.92452830188679,0.9056603773584906,1067252.53,53,335307.96,31,0,2,0.4942,0
V003449,Beta Associates,C,24.34,0.82,395779.83,50,515659.2,31,2,0,0.135,0
V003450,Pro AG,A,25.795454545454547,0.8636363636363636,329460.15,44,190294.08,14,0,1,0.1808,0
V003451,Prime Enterprises,C,19.658536585365855,0.8292682926829268,308122.07,41,235485.91999999998,21,2,1,0.1982,0
V003452,Net GmbH,C,24.2,0.85,400747.04,40,476290.83999999997,32,2,1,0.1686,0
V003453,Gamma Services,C,23.0,0.8292682926829268,374532.61,41,127902.54,20,2,1,0.1298,0
V003454,Metal Services,C,20.23404255319149,0.7872340425531915,547078.81,47,246624.1,23,2,3,0.0447,0
V003455,Beta Corp,D,25.166666666666668,0.7777777777777778,341717.03,36,263123.07,26,3,1,0.1404,0
V003456,Sigma Partners,A,16.054054054054053,0.7567567567567568,429228.72,37,556763.75,26,0,3,0.335,0
V003457,Beta Industries,A,26.11627906976744,0.7906976744186046,737794.71,43,370719.89,31,0,2,0.1588,0
V003458,Pro Solutions,B,24.216216216216218,0.8648648648648649,405966.41000000003,37,358340.14,19,1,1,0.1358,0
V003459,Energy Ltd,C,17.8,0.7333333333333333,560453.96,45,199305.99,22,2,3,0.1517,0
V003460,Metal Enterprises,D,22.926829268292682,0.7560975609756098,549969.91,41,104180.75,19,3,3,0.1499,0
V003461,Gamma Corp,B,23.682926829268293,0.8292682926829268,876634.99,41,451601.4,22,1,2,0.2041,0
V003462,Metal Partners,C,24.23404255319149,0.9148936170212766,1192815.4300000002,47,377499.05,23,2,2,0.5298,0
V003463,Tech Ltd,A,25.4,0.8,493858.95999999996,35,75905.87,14,0,1,0.2178,0
V003464,Digital Associates,A,21.595238095238095,0.7619047619047619,592142.13,42,644471.48,27,0,0,0.2529,0
V003465,Logis AG,D,24.484848484848484,0.8181818181818182,404653.49,33,371376.08,26,3,1,0.0946,0
V003466,Global Ltd,A,25.41860465116279,0.8372093023255814,471245.96,43,424582.29,25,0,1,0.1213,0
V003467,Zeta Partners,B,24.9,0.825,554541.58,40,200921.33,19,1,1,0.0437,0
V003468,Trans Corp,A,20.914285714285715,0.7714285714285715,332685.83,35,437051.51999999996,25,0,3,0.1621,0
V003469,Alpha Industries,A,18.166666666666668,0.8125,427378.78,48,260123.21,29,0,3,0.1877,0
V003470,Smart Industries,A,19.923076923076923,0.6923076923076923,329951.31,39,746352.73,29,0,0,0.5428,0
V003471,Tech Services,A,24.771428571428572,0.8,896846.9,35,272290.77,22,0,2,0.1429,0
V003472,Gamma Enterprises,D,25.681818181818183,0.8409090909090909,536778.2,44,217793.71,20,3,1,0.0755,0
V003473,Pro Inc,A,24.405405405405407,0.7567567567567568,438257.84,37,399397.06,26,0,1,0.1232,0
V003474,Metal BV,A,19.58823529411765,0.7254901960784313,835658.04,51,344239.23,23,0,3,0.1998,0
V003475,Eco AG,A,25.153846153846153,0.7948717948717948,416371.57,39,382725.38,23,0,1,0.1034,0
V003476,Sigma Industries,D,25.941176470588236,0.7941176470588235,440950.02,34,117812.53,17,3,1,0.1725,0
V003477,Tech Solutions,B,25.45945945945946,0.8108108108108109,496931.88,37,134429.93,21,1,1,0.1125,0
V003478,Sigma Associates,D,25.11111111111111,0.8444444444444444,543128.39,45,405991.0,15,3,1,0.1018,0
V003479,Metal AG,B,23.676470588235293,0.9117647058823529,567971.94,34,181459.9,25,1,1,0.2763,0
V003480,Digital BV,D,24.17948717948718,0.8717948717948718,461894.59,39,389227.58999999997,29,3,1,0.1536,0
V003481,Zeta BV,B,22.225,0.75,708324.26,40,457991.12,32,1,0,0.1702,0
V003482,Global GmbH,B,27.90909090909091,0.8181818181818182,897103.62,44,172465.17,17,1,2,0.3046,0
V003483,Pro AG,A,23.645833333333332,0.8333333333333334,521112.05,48,242344.58,25,0,1,0.0317,0
V003484,Pro Services,A,25.261904761904763,0.7857142857142857,827917.8,42,281641.77,32,0,2,0.1473,0
V003485,Pharma AG,A,21.954545454545453,0.7727272727272727,446770.02,44,259879.80000000002,21,0,3,0.0327,0
V003486,Eco Associates,A,22.81578947368421,0.8157894736842105,535248.51,38,182320.66,21,0,1,0.0217,0
V003487,Tech Partners,A,20.73913043478261,0.7608695652173914,554172.03,46,111994.15,19,0,3,0.1367,0
V003488,Energy Industries,D,20.842105263157894,0.7631578947368421,368315.18,38,362116.54,26,3,3,0.1247,0
V003489,Energy Partners,B,22.727272727272727,0.8181818181818182,1156763.27,33,487867.33999999997,23,1,2,0.3705,0
V003490,Energy Corp,A,25.7,0.8333333333333334,446462.27,30,182416.85,22,0,1,0.089,0
V003491,Delta AG,B,21.28846153846154,0.7884615384615384,972088.7,52,175467.29,21,1,2,0.1941,0
V003492,Uni AG,C,25.270833333333332,0.875,605603.66,48,236130.76,19,2,1,0.1246,0
V003493,Metal Enterprises,A,23.967741935483872,0.7096774193548387,760240.95,31,330831.45,34,0,2,0.2403,0
V003494,Infra Industries,C,20.17948717948718,0.7435897435897436,472996.85,39,342251.83,23,2,3,0.0963,0
V003495,Alpha Enterprises,C,29.633333333333333,0.9,414650.45,30,648390.87,21,2,0,0.5982,1
V003496,Beta Ltd,B,21.92452830188679,0.8113207547169812,1178492.8599999999,53,229818.49,27,1,2,0.3092,0
V003497,Eco Ltd,A,27.869565217391305,0.8913043478260869,668080.53,46,662682.11,16,0,0,0.4573,0
V003498,Beta Services,C,24.98,0.8,657001.36,50,280512.41,20,2,1,0.058,0
V003499,Pharma Services,B,25.294117647058822,0.8529411764705882,1335854.66,34,432380.53,21,1,2,0.523,0
V003500,Uni Inc,A,23.982758620689655,0.8275862068965517,689847.29,58,237941.65,32,0,1,0.0547,0
V003501,Agro Group,B,25.19607843137255,0.8235294117647058,431864.26,51,255585.53,25,1,1,0.0595,0
V003502,Smart Industries,A,20.108695652173914,0.7608695652173914,433115.67,46,162682.36,23,0,3,0.0962,0
V003503,Infra Ltd,A,20.6875,0.8125,811348.0700000001,64,336633.03,22,0,2,0.1386,0
V003504,Beta GmbH,B,17.90909090909091,0.7272727272727273,648553.53,44,382019.85,26,1,3,0.1624,0
V003505,Global Inc,A,15.62,0.62,661255.39,50,218138.94,21,0,3,0.541,0
V003506,Pharma Partners,C,21.675,0.725,1115892.81,40,667814.09,26,2,2,0.5685,1
V003507,Prime AG,D,21.4,0.7454545454545455,492282.84,55,263431.46,25,3,3,0.053,0
V003508,Energy Inc,C,24.85,0.825,667915.69,40,801965.36,29,2,0,0.4021,0
V003509,Epsilon BV,C,22.09090909090909,0.8409090909090909,326227.95,44,412795.85,35,2,1,0.1954,0
V003510,Pro Group,C,25.125,0.75,400426.94,40,547738.75,21,2,0,0.2473,0
V003511,Pro Inc,A,22.34375,0.75,455512.11,32,245837.21,24,0,3,0.0614,0
V003512,Eco AG,B,26.97142857142857,0.8285714285714286,564226.56,35,438657.19,23,1,1,0.1633,0
V003513,Pharma Pvt Ltd,A,23.0188679245283,0.7924528301886793,576929.15,53,169051.6,24,0,1,0.0369,0
V003514,Logis Pvt Ltd,D,24.6,0.8888888888888888,1387084.67,45,365028.78,23,3,2,0.5795,1
V003515,Gamma AG,C,18.023255813953487,0.7209302325581395,521681.21,43,224510.68,22,2,3,0.1344,0
V003516,Beta Associates,D,21.209302325581394,0.8372093023255814,713535.05,43,115858.59,18,3,2,0.2106,0
V003517,Infra BV,B,23.029411764705884,0.6470588235294118,395547.35,34,348741.41000000003,22,1,3,0.3889,0
V003518,Prime Group,B,22.72,0.74,448597.69,50,266554.64,23,1,3,0.0794,0
V003519,Zeta GmbH,A,18.4390243902439,0.7073170731707317,638694.01,41,117004.83,21,0,3,0.2902,0
V003520,Beta Inc,D,17.416666666666668,0.6666666666666666,382560.82,36,227699.56,17,3,3,0.2948,0
V003521,Tech Industries,C,17.26829268292683,0.6585365853658537,546804.4199999999,41,379968.56,26,2,3,0.329,0
V003522,Digital Industries,A,25.68888888888889,0.8,559835.4,45,195825.03,20,0,1,0.0725,0
V003523,Digital GmbH,A,23.369565217391305,0.7608695652173914,528510.88,46,140630.18,28,0,1,0.0835,0
V003524,Metal Pvt Ltd,B,20.872340425531913,0.723404255319149,760391.9,47,547412.7100000001,26,1,0,0.285,0
V003525,Global Partners,B,25.944444444444443,0.8055555555555556,792039.86,36,242094.26,18,1,2,0.1541,0
V003526,Alpha Partners,A,20.34,0.78,744149.28,50,276155.9,24,0,2,0.0932,0
V003527,Alpha Group,A,22.365853658536587,0.7804878048780488,419458.11,41,130472.19,21,0,1,0.0955,0
V003528,Alpha Partners,C,25.609756097560975,0.8048780487804879,546175.0,41,254312.88,22,2,1,0.0526,0
V003529,Global Services,A,19.175,0.775,449712.01,40,209914.71,22,0,3,0.0895,0
V003530,Global Solutions,C,25.115384615384617,0.8076923076923077,1236047.46,52,406182.0,32,2,2,0.4222,0
V003531,Metal Inc,B,19.547619047619047,0.7380952380952381,692878.09,42,408060.33,20,1,3,0.1604,0
V003532,Agro Ltd,A,22.772727272727273,0.8181818181818182,780775.14,44,308044.37,24,0,2,0.0749,0
V003533,Global Inc,A,20.545454545454547,0.8181818181818182,1134511.24,44,236749.12,19,0,2,0.3323,0
V003534,Uni GmbH,B,20.875,0.7,464093.84,40,215529.72,16,1,3,0.1733,0
V003535,Metal Inc,A,23.565217391304348,0.717391304347826,692677.0599999999,46,281208.05,22,0,3,0.1707,0
V003536,Alpha Ltd,A,24.488372093023255,0.8604651162790697,385375.0,43,149779.96,22,0,1,0.1485,0
V003537,Gamma AG,A,17.681818181818183,0.6818181818181818,643700.85,44,405099.93,20,0,3,0.2718,0
V003538,Metal Group,C,26.1,0.825,456118.6,40,286651.3,21,2,1,0.079,0
V003539,Tech Partners,D,27.0,0.8571428571428571,742399.71,49,317846.23,21,3,1,0.1633,0
V003540,Delta BV,C,22.4390243902439,0.7804878048780488,792952.18,41,171501.85,21,2,2,0.1106,0
V003541,Eco GmbH,A,26.294117647058822,0.8529411764705882,458316.18,34,345961.2,24,0,1,0.1334,0
V003542,Smart Corp,B,25.227272727272727,0.8409090909090909,483978.13,44,757006.76,23,1,0,0.3549,0
V003543,Zeta Inc,A,22.657894736842106,0.8157894736842105,602617.67,38,380632.55,13,0,1,0.0535,0
V003544,Eco Partners,A,18.487179487179485,0.6923076923076923,285012.49,39,275137.74,21,0,3,0.2937,0
V003545,Tech Corp,B,19.0,0.7567567567567568,657719.45,37,164867.08000000002,21,1,3,0.1345,0
V003546,Uni AG,C,18.282608695652176,0.6739130434782609,736328.92,46,246825.43,22,2,3,0.2699,0
V003547,Beta Associates,A,17.833333333333332,0.7380952380952381,282921.73,42,267328.73,16,0,3,0.2445,0
V003548,Beta Industries,A,21.520833333333332,0.75,893008.34,48,290333.04,25,0,2,0.1617,0
V003549,Energy BV,D,14.268292682926829,0.6341463414634146,505984.78,41,309405.76,17,3,3,0.5582,1
V003550,Smart Partners,B,23.3,0.82,1164159.42,50,424691.65,23,1,2,0.3337,0
V003551,Global AG,B,20.37837837837838,0.7567567567567568,555462.38,37,770265.76,26,1,0,0.3954,0
V003552,Alpha BV,C,23.604166666666668,0.8125,929439.77,48,415180.75,24,2,2,0.1722,0
V003553,Alpha Solutions,A,28.8,0.8,651552.28,35,451889.91,29,0,1,0.3402,0
V003554,Epsilon Associates,C,23.941176470588236,0.7843137254901961,761009.63,51,247948.85,20,2,2,0.0814,0
V003555,Epsilon Enterprises,C,21.510204081632654,0.7551020408163265,1123152.33,49,285152.25,23,2,2,0.2796,0
V003556,Pro Industries,B,18.674418604651162,0.6744186046511628,546567.9400000001,43,134452.52,17,1,3,0.3057,0
V003557,Metal Industries,A,24.2,0.8857142857142857,401609.3,35,140698.37,22,0,1,0.2356,0
V003558,Prime Ltd,D,16.454545454545453,0.6363636363636364,729979.24,33,164452.37,20,3,3,0.5136,0
V003559,Smart Enterprises,B,23.906976744186046,0.7906976744186046,617680.84,43,221579.18,28,1,1,0.0282,0
V003560,Global Group,A,25.954545454545453,0.8181818181818182,630843.25,44,111432.59,13,0,1,0.1791,0
V003561,Epsilon Industries,A,23.27027027027027,0.7567567567567568,498386.5,37,626185.66,30,0,0,0.219,0
V003562,Uni Solutions,C,24.31111111111111,0.7333333333333333,692517.0700000001,45,228872.91999999998,16,2,2,0.1554,0
V003563,Tech Group,B,19.7027027027027,0.7297297297297297,674758.69,37,372760.9,24,1,3,0.148,0
V003564,Metal Inc,B,17.678571428571427,0.6428571428571429,336746.5,28,268820.77,25,1,3,0.3894,0
V003565,Alpha Inc,C,26.517241379310345,0.7586206896551724,243282.68,29,199213.47,21,2,1,0.3758,0
V003566,Trans Inc,C,29.805555555555557,0.8888888888888888,637681.2000000001,36,346464.12,34,2,1,0.4063,0
V003567,Digital Group,A,16.951219512195124,0.7317073170731707,331650.79,41,445514.94,27,0,3,0.3031,0
V003568,Pro Services,D,23.38888888888889,0.8611111111111112,493752.79,36,194978.14,20,3,1,0.0788,0
V003569,Epsilon Services,A,20.55263157894737,0.7894736842105263,533064.6699999999,38,204223.23,24,0,3,0.0386,0
V003570,Global Pvt Ltd,C,19.657894736842106,0.6842105263157895,486997.65,38,463223.92,28,2,3,0.2745,0
V003571,Alpha GmbH,C,20.625,0.725,311051.88,40,138376.69,20,2,3,0.2422,0
V003572,Agro Partners,A,23.44,0.74,680535.55,50,291651.96,30,0,3,0.1082,0
V003573,Global Pvt Ltd,A,23.238095238095237,0.7857142857142857,725081.8200000001,42,99053.68,19,0,2,0.1908,0
V003574,Smart GmbH,B,24.25581395348837,0.8372093023255814,583873.3099999999,43,162460.75,20,1,1,0.0711,0
V003575,Eco AG,B,20.522727272727273,0.6818181818181818,1162051.34,44,276431.41,28,1,2,0.5067,0
V003576,Global Services,D,11.863636363636363,0.6136363636363636,805687.34,44,181798.6,24,3,3,0.7801,1
V003577,Pharma Partners,C,19.210526315789473,0.7368421052631579,518603.35,38,481545.08,29,2,3,0.1756,0
V003578,Digital Ltd,C,25.92105263157895,0.7631578947368421,407480.51,38,651918.38,26,2,0,0.3495,0
V003579,Prime AG,A,25.945454545454545,0.9090909090909091,608119.44,55,587432.18,24,0,0,0.3872,0
V003580,Inter Services,C,18.379310344827587,0.7241379310344828,1091787.96,58,206343.0,20,2,2,0.3771,0
V003581,Pharma Inc,B,24.346938775510203,0.8163265306122449,517022.07,49,343524.83,27,1,1,0.0547,0
V003582,Agro Services,B,19.763157894736842,0.7631578947368421,292515.2,38,249102.47,21,1,3,0.1721,0
V003583,Gamma Pvt Ltd,B,19.73469387755102,0.673469387755102,378274.13,49,185512.05,27,1,3,0.2676,0
V003584,Digital Partners,A,19.636363636363637,0.8409090909090909,478106.12,44,97058.26,20,0,1,0.2666,0
V003585,Trans Enterprises,B,21.64864864864865,0.7567567567567568,289836.1,37,532235.5399999999,24,1,0,0.2611,0
V003586,Delta Services,B,24.257142857142856,0.8857142857142857,606395.48,35,199631.07,20,1,1,0.164,0
V003587,Prime Inc,A,22.24390243902439,0.8048780487804879,514157.13,41,348993.16000000003,18,0,1,0.0378,0
V003588,Tech Corp,D,29.40909090909091,0.9090909090909091,972534.19,44,329819.24,30,3,2,0.5443,0
V003589,Beta Industries,C,20.24137931034483,0.8275862068965517,478360.97,29,279941.4,15,2,1,0.0942,0
V003590,Sigma Services,C,20.8,0.8222222222222222,485320.98,45,120247.08,19,2,1,0.1379,0
V003591,Zeta Inc,D,21.142857142857142,0.8333333333333334,892916.75,42,158661.47,19,3,2,0.2071,0
V003592,Zeta Pvt Ltd,B,17.125,0.725,361727.91,40,419880.05,19,1,3,0.2646,0
V003593,Uni Partners,A,24.11904761904762,0.8095238095238095,594601.71,42,509330.02999999997,22,0,0,0.1159,0
V003594,Sigma Inc,C,18.125,0.725,542774.21,40,348748.99,27,2,3,0.1565,0
V003595,Digital BV,B,19.106382978723403,0.7021276595744681,621536.92,47,371716.76,27,1,3,0.1929,0
V003596,Logis Solutions,A,28.136363636363637,0.9545454545454546,403038.95999999996,44,303580.62,17,0,1,0.5079,0
V003597,Global Partners,A,20.51219512195122,0.7317073170731707,331835.95,41,257637.69,21,0,3,0.1574,0
V003598,Uni AG,C,20.488888888888887,0.6888888888888889,464697.24,45,415838.39,18,2,3,0.2447,0
V003599,Trans Group,C,15.953488372093023,0.7209302325581395,772631.85,43,180695.63,26,2,3,0.348,0
V003600,Net Solutions,C,22.743589743589745,0.8205128205128205,1030108.76,39,482346.87,30,2,2,0.2968,0
V003601,Inter Pvt Ltd,B,23.973684210526315,0.7894736842105263,372647.23,38,128860.3,23,1,1,0.1283,0
V003602,Zeta BV,A,20.511111111111113,0.7333333333333333,440613.51,45,516645.61000000004,20,0,0,0.18,0
V003603,Global Inc,A,24.075,0.825,848535.95,40,192515.6,14,0,2,0.1125,0
V003604,Gamma Enterprises,C,19.9,0.7,424950.66,40,337707.1,19,2,3,0.2042,0
V003605,Infra AG,A,26.15909090909091,0.8863636363636364,355878.24,44,186340.16,21,0,1,0.2448,0
V003606,Pro Associates,B,19.823529411764707,0.8235294117647058,722310.37,34,227389.97,21,1,2,0.1324,0
V003607,Zeta Group,B,22.94871794871795,0.6666666666666666,476775.37,39,121835.92,17,1,3,0.3483,0
V003608,Global Pvt Ltd,C,27.574468085106382,0.8297872340425532,466929.47,47,330899.93,16,2,1,0.1531,0
V003609,Agro Inc,C,21.357142857142858,0.8333333333333334,604694.24,42,456483.3,26,2,0,0.1624,0
V003610,Logis Group,C,22.18918918918919,0.7837837837837838,493766.35,37,547913.01,28,2,0,0.1301,0
V003611,Epsilon Partners,A,23.24390243902439,0.7804878048780488,297625.62,41,309790.27,22,0,1,0.1422,0
V003612,Tech Services,A,26.25581395348837,0.8837209302325582,494664.1,43,447911.18,17,0,1,0.2337,0
V003613,Inter Solutions,A,18.0,0.7727272727272727,676295.99,44,189983.78,20,0,3,0.1685,0
V003614,Tech Industries,B,21.266666666666666,0.7777777777777778,908921.68,45,781033.76,21,1,0,0.4863,0
V003615,Epsilon Ltd,B,18.74468085106383,0.7659574468085106,1572690.02,47,299468.25,25,1,2,0.6151,1
V003616,Prime AG,B,24.25,0.875,601853.65,40,420009.07,25,1,1,0.158,0
V003617,Agro Enterprises,B,25.157894736842106,0.8157894736842105,339010.23,38,291273.66,18,1,1,0.1165,0
V003618,Smart AG,B,26.257142857142856,0.8857142857142857,478332.23,35,174624.0,25,1,1,0.2052,0
V003619,Tech Services,D,24.2,0.8444444444444444,962034.9,45,245786.04,21,3,2,0.1854,0
V003620,Digital Associates,B,25.558823529411764,0.7941176470588235,503481.58999999997,34,216818.91999999998,21,1,1,0.0669,0
V003621,Sigma Partners,A,24.818181818181817,0.8636363636363636,1006770.34,44,1099816.48,32,0,0,0.763,1
V003622,Energy Corp,C,13.2,0.675,443198.3,40,521095.36,32,2,3,0.5932,1
V003623,Inter Industries,B,26.027027027027028,0.8108108108108109,826684.7000000001,37,405728.61,29,1,2,0.1802,0
V003624,Eco AG,A,23.558823529411764,0.7941176470588235,310653.29,34,442435.0,30,0,0,0.1506,0
V003625,Beta Corp,C,22.08,0.84,289016.26,25,173002.45,22,2,1,0.187,0
V003626,Infra Industries,B,16.607843137254903,0.6666666666666666,918088.81,51,213501.63999999998,25,1,3,0.4585,0
V003627,Pharma Pvt Ltd,B,23.11111111111111,0.7555555555555555,539489.37,45,215525.75999999998,18,1,3,0.0553,0
V003628,Trans Industries,C,28.357142857142858,0.8333333333333334,1171263.33,42,208815.99,26,2,2,0.4911,0
V003629,Delta Partners,B,24.545454545454547,0.8484848484848485,276522.3,33,201158.16,21,1,1,0.2035,0
V003630,Infra GmbH,A,17.70731707317073,0.6829268292682927,346808.61,41,228149.5,24,0,3,0.2707,0
V003631,Logis Solutions,A,25.025,0.8,293374.6,40,495318.17000000004,25,0,0,0.2419,0
V003632,Gamma GmbH,A,27.710526315789473,0.8157894736842105,558027.21,38,158437.51,22,0,1,0.1819,0
V003633,Global GmbH,D,25.02127659574468,0.8085106382978723,618391.0599999999,47,232864.77,22,3,1,0.0464,0
V003634,Prime BV,B,22.790697674418606,0.813953488372093,382320.3,43,338980.5,23,1,1,0.0711,0
V003635,Logis Pvt Ltd,B,27.970588235294116,0.8235294117647058,437233.88,34,226562.43,31,1,1,0.1725,0
V003636,Trans Associates,C,16.902439024390244,0.7560975609756098,590461.19,41,214453.77000000002,17,2,3,0.1937,0
V003637,Infra Associates,A,22.31111111111111,0.7777777777777778,672280.4099999999,45,280408.36,21,0,2,0.0538,0
V003638,Zeta Services,C,22.0,0.7837837837837838,510371.74,37,137404.78,16,2,1,0.0691,0
V003639,Global Partners,A,25.348837209302324,0.8604651162790697,471483.12,43,384696.25,35,0,1,0.1219,0
V003640,Delta Corp,C,22.105263157894736,0.8421052631578947,1849319.3900000001,38,504588.34,26,2,2,0.691,1
V003641,Agro Services,C,27.25,0.8055555555555556,299197.47,36,554761.27,29,2,0,0.3653,0
V003642,Eco Associates,A,25.242424242424242,0.8787878787878788,265558.41000000003,33,226486.38999999998,21,0,1,0.2688,0
V003643,Global Enterprises,C,24.38095238095238,0.8095238095238095,315169.14,42,217101.56,22,2,1,0.1222,0
V003644,Global Inc,A,17.6875,0.7291666666666666,541876.5,48,176770.26,23,0,3,0.1735,0
V003645,Gamma GmbH,D,23.805555555555557,0.8055555555555556,859930.47,36,214325.35,23,3,2,0.1119,0
V003646,Beta GmbH,C,27.0,0.7857142857142857,272914.91,28,168235.26,23,2,1,0.3019,0
V003647,Energy Services,C,13.133333333333333,0.6888888888888889,779552.44,45,228215.16,27,2,3,0.539,0
V003648,Gamma Inc,C,21.25581395348837,0.7441860465116279,880810.14,43,308558.95,31,2,2,0.1664,0
V003649,Prime GmbH,A,24.21276595744681,0.8085106382978723,490894.24,47,307428.45,23,0,1,0.0227,0
V003650,Smart GmbH,A,20.833333333333332,0.6875,517121.8,48,381877.73,23,0,3,0.2484,0
V003651,Energy Pvt Ltd,B,23.477272727272727,0.7954545454545454,297119.33,44,173750.91,20,1,1,0.1372,0
V003652,Prime Associates,B,24.324324324324323,0.8378378378378378,479660.29000000004,37,781745.9299999999,24,1,0,0.3378,0
V003653,Trans Services,B,18.864864864864863,0.7297297297297297,799807.3300000001,37,226688.76,18,1,3,0.1995,0
V003654,Smart Group,C,24.022222222222222,0.8,564593.66,45,607288.14,22,2,0,0.1966,0
V003655,Eco GmbH,D,15.4375,0.6458333333333334,440798.14,48,357178.82999999996,34,3,3,0.4529,0
V003656,Pharma Inc,A,20.925,0.775,524902.47,40,308449.10000000003,28,0,3,0.0417,0
V003657,Trans Enterprises,A,19.488888888888887,0.8,403602.42,45,226576.96,20,0,3,0.1017,0
V003658,Beta Industries,B,20.655172413793103,0.7586206896551724,834185.37,29,213419.97,21,1,2,0.1346,0
V003659,Agro Services,C,25.4,0.8,393288.22,40,264673.12,25,2,1,0.0858,0
V003660,Net Services,A,24.476190476190474,0.8333333333333334,554766.69,42,247992.78,26,0,1,0.0449,0
V003661,Pharma Pvt Ltd,A,23.428571428571427,0.75,423194.59,28,221510.46000000002,16,0,3,0.0735,0
V003662,Pro GmbH,B,24.434782608695652,0.8260869565217391,691758.77,46,227328.04,17,1,1,0.0681,0
V003663,Zeta Corp,B,20.612903225806452,0.8064516129032258,310980.24,31,261259.58000000002,13,1,1,0.136,0
V003664,Digital Solutions,C,19.558823529411764,0.6764705882352942,412334.12,34,135964.0,23,2,3,0.2986,0
V003665,Prime Associates,B,21.816326530612244,0.7959183673469388,982407.47,49,380671.81,23,1,2,0.1816,0
V003666,Energy GmbH,A,19.605263157894736,0.6578947368421053,413550.8,38,227953.45,23,0,3,0.2729,0
V003667,Eco GmbH,A,20.90625,0.8125,877019.25,32,106292.12,17,0,2,0.2675,0
V003668,Tech Solutions,C,22.804878048780488,0.8536585365853658,732360.0599999999,41,402338.39999999997,20,2,2,0.1434,0
V003669,Agro AG,D,20.27906976744186,0.813953488372093,857010.0800000001,43,253250.1,30,3,2,0.1456,0
V003670,Prime AG,A,24.477272727272727,0.7727272727272727,442448.95,44,360598.67,34,0,1,0.0969,0
V003671,Metal Partners,B,21.666666666666668,0.7380952380952381,1147616.82,42,477671.59,24,1,2,0.4076,0
V003672,Tech Corp,B,12.625,0.7,283175.12,40,299589.87,20,1,3,0.5673,1
V003673,Smart Associates,B,27.931818181818183,0.9090909090909091,787424.24,44,291740.34,22,1,1,0.3539,0
V003674,Pharma Group,A,22.48780487804878,0.7804878048780488,447973.64,41,213134.22,21,0,1,0.0289,0
V003675,Beta Solutions,D,22.68421052631579,0.7631578947368421,495667.68999999994,38,444320.24,28,3,0,0.0952,0
V003676,Gamma Enterprises,A,20.795454545454547,0.7954545454545454,945267.21,44,204735.07,23,0,2,0.1798,0
V003677,Eco Associates,A,22.363636363636363,0.7954545454545454,668250.7,44,593072.62,29,0,0,0.1995,0
V003678,Alpha Inc,A,19.0,0.8055555555555556,289262.97000000003,36,236194.63,29,0,3,0.2049,0
V003679,Delta Group,C,28.340425531914892,0.7872340425531915,722551.93,47,185634.73,20,2,1,0.2969,0
V003680,Metal Solutions,C,24.555555555555557,0.8055555555555556,315891.26,36,421834.37,26,2,1,0.1704,0
V003681,Delta Corp,A,20.918367346938776,0.7346938775510204,442829.65,49,356357.01,29,0,3,0.1069,0
V003682,Tech Enterprises,B,20.21276595744681,0.7872340425531915,446952.75,47,290283.58,31,1,3,0.0656,0
V003683,Epsilon Ltd,A,25.770833333333332,0.875,547202.8,48,383236.21,20,0,1,0.1417,0
V003684,Sigma Industries,C,18.477272727272727,0.75,732079.21,44,339415.7,36,2,3,0.1527,0
V003685,Alpha Services,D,17.694444444444443,0.6944444444444444,497921.49,36,363103.39,23,3,3,0.2211,0
V003686,Gamma GmbH,B,21.0,0.7037037037037037,673950.86,27,242635.89,15,1,3,0.1946,0
V003687,Energy Pvt Ltd,A,28.930232558139537,0.8372093023255814,619670.5,43,319256.49,21,0,1,0.2923,0
V003688,Epsilon BV,A,21.615384615384617,0.717948717948718,477120.58,39,309601.43,23,0,3,0.1316,0
V003689,Beta Pvt Ltd,A,20.83783783783784,0.8378378378378378,582518.44,37,253683.37,25,0,1,0.0929,0
V003690,Logis Group,D,27.382978723404257,0.8297872340425532,396542.42,47,283757.49,21,3,1,0.1733,0
V003691,Inter Associates,C,21.155555555555555,0.7777777777777778,542911.16,45,461163.02999999997,22,2,0,0.1126,0
V003692,Alpha Associates,B,22.340425531914892,0.7659574468085106,504269.31,47,228142.78999999998,18,1,3,0.037,0
V003693,Pharma Industries,A,21.511111111111113,0.7555555555555555,573572.51,45,553495.11,20,0,0,0.1795,0
V003694,Epsilon Industries,B,21.405405405405407,0.8648648648648649,1199060.05,37,141955.39,20,1,2,0.498,0
V003695,Beta Associates,D,23.275862068965516,0.7931034482758621,848188.27,29,87364.99,20,3,2,0.2652,0
V003696,Tech Group,D,24.512820512820515,0.8461538461538461,405448.65,39,218145.95,27,3,1,0.0727,0
V003697,Alpha Inc,D,21.871794871794872,0.7948717948717948,305229.23,39,781900.87,35,3,0,0.4103,0
V003698,Prime Pvt Ltd,B,19.066666666666666,0.6888888888888889,936189.29,45,144575.75,19,1,3,0.3919,0
V003699,Smart Services,A,26.045454545454547,0.8181818181818182,752857.78,44,140813.33,18,0,1,0.1708,0
V003700,Inter Ltd,B,25.53846153846154,0.7692307692307693,592494.8,52,171988.66,22,1,1,0.1412,0
V003701,Metal Solutions,D,18.05263157894737,0.7105263157894737,298061.87,38,256326.53,26,3,3,0.253,0
V003702,Sigma Industries,C,25.943396226415093,0.8301886792452831,622328.44,53,166447.53,12,2,1,0.1137,0
V003703,Zeta Group,C,23.162790697674417,0.8372093023255814,441027.97000000003,43,694006.43,31,2,0,0.2937,0
V003704,Infra Associates,C,20.145833333333332,0.7916666666666666,492979.57,48,230183.1,26,2,3,0.0626,0
V003705,Logis Solutions,B,20.0625,0.8125,293035.77999999997,32,232417.34,22,1,3,0.1808,0
V003706,Alpha AG,B,22.346938775510203,0.6938775510204082,727675.6,49,118289.54,13,1,3,0.3376,0
V003707,Epsilon Solutions,D,19.142857142857142,0.7619047619047619,306428.94,42,144300.59,19,3,3,0.2171,0
V003708,Infra Inc,A,24.94736842105263,0.8157894736842105,1036144.51,38,858521.71,26,0,0,0.6089,1
V003709,Epsilon Enterprises,A,26.023809523809526,0.8571428571428571,578117.26,42,195318.43,23,0,1,0.1062,0
V003710,Agro Enterprises,A,20.642857142857142,0.8214285714285714,389551.29,28,133469.63999999998,17,0,1,0.1639,0
V003711,Energy Inc,B,20.342105263157894,0.7631578947368421,484556.73,38,301644.04000000004,22,1,3,0.0618,0
V003712,Agro Inc,A,19.96153846153846,0.8653846153846154,704759.49,52,349499.67,28,0,2,0.2528,0
V003713,Metal Ltd,A,22.5,0.8571428571428571,673311.37,42,723926.52,38,0,0,0.3933,0
V003714,Logis Solutions,D,15.325,0.7,395481.17,40,492538.66,21,3,3,0.4208,0
V003715,Epsilon BV,A,18.428571428571427,0.7142857142857143,835441.25,35,195264.07,19,0,3,0.2644,0
V003716,Pro Enterprises,C,23.51063829787234,0.8297872340425532,414878.81,47,202412.5,15,2,1,0.0361,0
V003717,Pro Services,D,21.355555555555554,0.7777777777777778,394438.64,45,494895.04999999993,17,3,0,0.1465,0
V003718,Epsilon Solutions,C,23.06451612903226,0.8064516129032258,678419.06,31,198196.8,11,2,1,0.0443,0
V003719,Trans Ltd,A,24.48076923076923,0.8076923076923077,485410.19,52,296272.98,19,0,1,0.0313,0
V003720,Agro Group,C,21.0,0.7647058823529411,564728.57,34,183636.2,21,2,3,0.0591,0
V003721,Delta Corp,C,31.736842105263158,0.8947368421052632,360292.63,38,138606.54,22,2,1,0.5671,1
V003722,Zeta Solutions,A,22.37735849056604,0.7924528301886793,758259.88,53,334076.4,24,0,2,0.0672,0
V003723,Zeta Inc,A,27.08695652173913,0.782608695652174,815009.4700000001,46,186686.16,21,0,2,0.2457,0
V003724,Infra Industries,C,20.794117647058822,0.7647058823529411,704423.6900000001,34,403412.64999999997,19,2,3,0.1257,0
V003725,Metal Partners,A,19.475,0.75,458627.81,40,152949.58,18,0,3,0.112,0
V003726,Tech GmbH,D,22.68888888888889,0.7333333333333333,332941.64,45,245809.44,27,3,3,0.1493,0
V003727,Metal Ltd,A,22.41860465116279,0.8604651162790697,753213.92,43,213156.86,18,0,2,0.1443,0
V003728,Trans Services,B,25.232558139534884,0.8837209302325582,350171.86,43,253831.88999999998,13,1,1,0.2074,0
V003729,Eco Solutions,A,16.727272727272727,0.7045454545454546,473845.27,44,382222.21,22,0,3,0.2499,0
V003730,Tech Pvt Ltd,B,26.148936170212767,0.8085106382978723,1097715.96,47,235005.15,26,1,2,0.324,0
V003731,Tech Solutions,B,23.580645161290324,0.7741935483870968,285027.98,31,184780.3,16,1,1,0.1713,0
V003732,Tech Ltd,B,25.642857142857142,0.8095238095238095,293104.41,42,289269.81,22,1,1,0.1819,0
V003733,Beta GmbH,C,29.0,0.9024390243902439,991725.51,41,190156.0,27,2,2,0.5372,0
V003734,Delta Enterprises,A,25.677419354838708,0.7741935483870968,469232.12,31,537597.95,25,0,0,0.1957,0
V003735,Zeta BV,B,21.09375,0.75,509769.81999999995,32,306754.72000000003,20,1,3,0.0737,0
V003736,Alpha Enterprises,C,25.113636363636363,0.8181818181818182,416565.37,44,120243.84,20,2,1,0.137,0
V003737,Digital Partners,C,17.224489795918366,0.7142857142857143,763733.44,49,274035.43,21,2,3,0.2354,0
V003738,Uni Associates,D,17.863636363636363,0.6818181818181818,421605.96,44,253861.96000000002,25,3,3,0.2335,0
V003739,Infra GmbH,A,17.73170731707317,0.7073170731707317,748914.44,41,197216.3,17,0,3,0.2449,0
V003740,Energy Partners,A,21.714285714285715,0.8367346938775511,1032019.47,49,375882.2,32,0,2,0.2768,0
V003741,Pro Industries,C,22.25581395348837,0.7906976744186046,489307.87,43,251454.69999999998,20,2,1,0.0158,0
V003742,Gamma Services,B,22.854166666666668,0.7916666666666666,459020.92,48,457917.38,28,1,0,0.0848,0
V003743,Net Partners,A,20.9375,0.75,590371.21,48,191462.62,21,0,3,0.0845,0
V003744,Delta BV,B,14.363636363636363,0.6363636363636364,415549.97,44,603342.2000000001,16,1,3,0.686,1
V003745,Infra Associates,C,23.829268292682926,0.8048780487804879,553454.25,41,236021.47999999998,23,2,1,0.0096,0
V003746,Pharma Industries,B,16.925,0.8,545463.75,40,315255.09,24,1,3,0.2099,0
V003747,Zeta Group,B,27.565217391304348,0.8695652173913043,757584.53,46,221284.37,25,1,1,0.2095,0
V003748,Delta GmbH,D,21.48936170212766,0.7659574468085106,757153.29,47,275564.57,28,3,2,0.0835,0
V003749,Beta Ltd,C,26.595238095238095,0.8095238095238095,464450.08,42,232938.39,21,2,1,0.0875,0
V003750,Global Solutions,A,23.95,0.8,501063.89,40,190692.4,21,0,1,0.0263,0
V003751,Prime AG,A,22.782608695652176,0.8043478260869565,468271.17,46,180609.87,12,0,1,0.0252,0
V003752,Agro Corp,B,23.523809523809526,0.8571428571428571,685816.34,42,677238.83,23,1,0,0.3277,0
V003753,Beta Associates,C,27.037037037037038,0.7407407407407407,500394.57,27,152961.84,15,2,1,0.278,0
V003754,Uni Services,A,28.7,0.925,496384.02,40,221383.43,18,0,1,0.4557,0
V003755,Pro Ltd,B,18.88235294117647,0.7941176470588235,418956.64,34,356033.77,27,1,3,0.1665,0
V003756,Metal Associates,B,32.48780487804878,0.9024390243902439,431498.08999999997,41,636382.94,21,1,1,0.6729,1
V003757,Net Partners,B,23.73076923076923,0.8461538461538461,292086.43,26,315695.36,23,1,1,0.1669,0
V003758,Delta AG,A,24.93877551020408,0.8163265306122449,572585.39,49,404187.26,27,0,1,0.0925,0
V003759,Prime Ltd,C,23.34090909090909,0.7727272727272727,487624.32,44,97492.23,21,2,1,0.1412,0
V003760,Logis Corp,A,24.555555555555557,0.7777777777777778,633504.29,36,94160.05,16,0,1,0.1892,0
V003761,Agro Ltd,C,23.0,0.8055555555555556,722385.45,36,465809.39999999997,27,2,0,0.126,0
V003762,Tech Ltd,C,23.555555555555557,0.8222222222222222,889042.91,45,133495.32,11,2,2,0.1998,0
V003763,Pro Pvt Ltd,A,31.18918918918919,0.9459459459459459,554216.6499999999,37,176183.75,24,0,1,0.6725,1
V003764,Digital Solutions,A,25.956521739130434,0.8043478260869565,577632.07,46,163001.64,25,0,1,0.1136,0
V003765,Net Corp,B,22.685714285714287,0.7142857142857143,343457.15,35,223895.75,23,1,3,0.1855,0
V003766,Digital Group,A,19.756756756756758,0.7297297297297297,366514.72,37,90461.34,16,0,3,0.2702,0
V003767,Pharma GmbH,A,23.333333333333332,0.7777777777777778,558507.46,45,317091.48,22,0,1,0.038,0
V003768,Gamma Group,B,24.56756756756757,0.8378378378378378,763356.95,37,487482.81,32,1,0,0.1742,0
V003769,Inter Industries,A,19.693877551020407,0.6938775510204082,360520.85,49,200386.84,16,0,3,0.2279,0
V003770,Digital Solutions,A,17.458333333333332,0.7083333333333334,957747.65,48,284845.11,21,0,3,0.3542,0
V003771,Delta Enterprises,B,24.456521739130434,0.8043478260869565,531909.06,46,254424.52,24,1,1,0.0196,0
V003772,Sigma AG,A,27.666666666666668,0.9166666666666666,480731.69,36,196698.37,23,0,1,0.3617,0
V003773,Smart GmbH,D,22.585365853658537,0.8292682926829268,386713.19,41,167297.63999999998,26,3,1,0.0872,0
V003774,Uni Industries,C,22.216216216216218,0.7297297297297297,475957.38,37,335714.74,22,2,3,0.1035,0
V003775,Logis Pvt Ltd,A,20.06122448979592,0.7959183673469388,743550.08,49,296866.83999999997,25,0,2,0.1116,0
V003776,Pharma Group,A,18.58695652173913,0.717391304347826,586934.5599999999,46,288444.4,28,0,3,0.1465,0
V003777,Delta Corp,C,19.634146341463413,0.7560975609756098,377576.89,41,241989.63,26,2,3,0.1066,0
V003778,Pharma GmbH,A,21.15909090909091,0.7727272727272727,824487.0,44,320081.76,25,0,2,0.1172,0
V003779,Sigma Industries,C,21.23404255319149,0.723404255319149,751345.84,47,109352.12,16,2,3,0.243,0
V003780,Agro Associates,C,17.89189189189189,0.7567567567567568,611680.77,37,247099.23,25,2,3,0.1305,0
V003781,Inter GmbH,C,16.875,0.75,439985.83,48,187626.16,14,2,3,0.2169,0
V003782,Delta AG,A,20.78048780487805,0.6829268292682927,544924.36,41,696901.05,23,0,0,0.4788,0
V003783,Global Enterprises,A,24.173076923076923,0.7884615384615384,733498.54,52,156020.11,22,0,2,0.1118,0
V003784,Agro Inc,A,23.16216216216216,0.8918918918918919,410235.29000000004,37,225551.59,21,0,1,0.1902,0
V003785,Smart Services,B,21.08888888888889,0.7555555555555555,460027.99,45,308244.93,24,1,3,0.0569,0
V003786,Metal Ltd,B,19.264705882352942,0.7941176470588235,334829.6,34,226300.75,23,1,3,0.1482,0
V003787,Digital GmbH,D,21.21875,0.75,282314.68,32,658244.5499999999,18,3,0,0.3825,0
V003788,Zeta Industries,A,16.871794871794872,0.7435897435897436,1224324.13,39,297196.0,20,0,2,0.5059,0
V003789,Delta Pvt Ltd,B,24.47826086956522,0.7608695652173914,674208.11,46,424288.18,25,1,0,0.144,0
V003790,Epsilon Group,D,22.023809523809526,0.8333333333333334,968658.71,42,692529.87,25,3,0,0.4408,0
V003791,Zeta Ltd,C,27.954545454545453,0.8636363636363636,670801.45,44,355750.56,32,2,1,0.2153,0
V003792,Epsilon GmbH,A,22.571428571428573,0.7619047619047619,404225.04,42,1230393.75,20,0,0,0.6873,1
V003793,Energy Services,C,23.104166666666668,0.8958333333333334,901629.35,48,235220.04,23,2,2,0.3055,0
V003794,Digital Industries,A,22.652173913043477,0.782608695652174,707305.1,46,602233.1799999999,19,0,0,0.2333,0
V003795,Digital Solutions,A,26.19148936170213,0.8936170212765957,855422.31,47,212115.04,22,0,2,0.2769,0
V003796,Zeta GmbH,A,23.333333333333332,0.7407407407407407,665256.59,54,518216.38,21,0,0,0.2054,0
V003797,Uni Industries,B,33.041666666666664,0.8958333333333334,602709.3,48,278982.27,22,1,1,0.5248,0
V003798,Metal BV,A,18.775,0.85,902415.45,40,217895.92,24,0,2,0.3436,0
V003799,Epsilon Ltd,B,17.26530612244898,0.6938775510204082,747407.66,49,102315.42,20,1,3,0.4231,0
V003800,Sigma Partners,B,23.363636363636363,0.75,336589.73,44,177584.44,23,1,3,0.1511,0
V003801,Beta GmbH,A,20.026315789473685,0.8157894736842105,450044.17,38,721389.71,24,0,0,0.3826,0
V003802,Inter BV,A,26.78846153846154,0.8653846153846154,846943.5,52,336612.07,21,0,2,0.2236,0
V003803,Logis Solutions,C,18.5609756097561,0.7317073170731707,694337.71,41,229148.19,27,2,3,0.1571,0
V003804,Delta Services,C,18.529411764705884,0.7352941176470589,400396.96,34,562949.61,22,2,0,0.2814,0
V003805,Epsilon Inc,D,24.516129032258064,0.8064516129032258,308778.59,31,675548.07,23,3,0,0.3265,0
V003806,Prime Inc,B,26.77777777777778,0.8055555555555556,824399.64,36,169734.34999999998,15,1,2,0.2128,0
V003807,Smart Enterprises,B,26.4390243902439,0.8536585365853658,427473.47000000003,41,139019.97,19,1,1,0.1667,0
V003808,Energy Services,A,18.804347826086957,0.717391304347826,891817.55,46,321581.44,25,0,3,0.2738,0
V003809,Logis Solutions,C,30.054054054054053,0.918918918918919,872714.6200000001,37,187924.57,22,2,1,0.6053,1
V003810,Energy Group,B,26.704545454545453,0.8409090909090909,715239.55,44,686925.3099999999,43,1,0,0.3555,0
V003811,Global AG,C,21.6,0.8,370785.73,30,128233.82,20,2,1,0.124,0
V003812,Global Associates,A,21.69811320754717,0.7735849056603774,770065.77,53,218174.34,20,0,2,0.0927,0
V003813,Global Industries,A,20.463414634146343,0.7804878048780488,291700.84,41,148170.08000000002,11,0,3,0.1871,0
V003814,Pro Corp,C,22.08888888888889,0.8222222222222222,1427228.08,45,347169.81,26,2,2,0.4906,0
V003815,Tech Corp,C,16.926829268292682,0.7317073170731707,778040.75,41,164498.03,19,2,3,0.2893,0
V003816,Prime Corp,D,27.142857142857142,0.8857142857142857,1049090.92,35,405295.37,28,3,2,0.4329,0
V003817,Inter Services,B,20.393939393939394,0.696969696969697,390270.41,33,131689.85,22,1,3,0.2588,0
V003818,Logis Associates,A,21.295454545454547,0.8181818181818182,1004708.1699999999,44,323813.36,21,0,2,0.2086,0
V003819,Beta Inc,C,19.594594594594593,0.7837837837837838,477682.97000000003,37,538893.7100000001,19,2,0,0.1881,0
V003820,Pharma Associates,B,16.77777777777778,0.6388888888888888,292945.78,36,200268.77,17,1,3,0.5124,0
V003821,Gamma Pvt Ltd,C,30.386363636363637,0.8636363636363636,975214.45,44,150677.32,21,2,2,0.5705,1
V003822,Energy Solutions,D,19.19148936170213,0.7659574468085106,419931.75,47,211561.73,23,3,3,0.0894,0
V003823,Eco Inc,B,26.34,0.8,478848.54,50,405020.16000000003,20,1,1,0.1343,0
V003824,Gamma Pvt Ltd,A,18.576923076923077,0.8076923076923077,559509.15,52,471482.31,28,0,0,0.2345,0
V003825,Zeta Corp,D,29.68421052631579,0.9210526315789473,349317.69,38,392104.02999999997,25,3,1,0.5536,1
V003826,Energy Inc,C,25.387755102040817,0.7755102040816326,578646.29,49,445485.02,25,2,0,0.1438,0
V003827,Net BV,D,25.195121951219512,0.8536585365853658,447720.12,41,307335.19,25,3,1,0.0788,0
V003828,Metal Associates,C,28.75,0.925,474683.38,40,371187.87,20,2,1,0.457,0
V003829,Beta Inc,C,27.727272727272727,0.8409090909090909,534864.81,44,202250.45,24,2,1,0.157,0
V003830,Infra GmbH,A,22.26086956521739,0.8043478260869565,512958.55,46,371798.29,20,0,1,0.0489,0
V003831,Delta Pvt Ltd,B,24.024390243902438,0.7560975609756098,350508.98,41,160769.41,24,1,1,0.1571,0
V003832,Digital Pvt Ltd,B,22.6,0.8,536409.94,50,335905.28,22,1,1,0.0206,0
V003833,Agro Enterprises,A,26.51219512195122,0.8536585365853658,563136.19,41,104220.26000000001,14,0,1,0.2074,0
V003834,Global Partners,A,20.151515151515152,0.7575757575757576,511622.77,33,512113.94,25,0,0,0.168,0
V003835,Pro BV,A,14.13953488372093,0.6511627906976745,422136.24,43,235715.91,20,0,3,0.5442,0
V003836,Metal Services,A,26.636363636363637,0.7954545454545454,502355.62,44,474961.88,21,0,0,0.1694,0
V003837,Pharma Ltd,A,20.4,0.7555555555555555,611281.36,45,124473.26000000001,18,0,3,0.1379,0
V003838,Tech BV,A,25.393939393939394,0.7878787878787878,726034.27,33,776142.03,28,0,0,0.4125,0
V003839,Inter Enterprises,C,21.772727272727273,0.7272727272727273,693027.43,44,208804.42,24,2,3,0.1183,0
V003840,Global Enterprises,A,24.48936170212766,0.7872340425531915,813625.18,47,341033.77999999997,31,0,2,0.1297,0
V003841,Epsilon AG,B,24.75,0.8076923076923077,966556.9299999999,52,220866.57,19,1,2,0.1799,0
V003842,Pharma Solutions,B,23.01923076923077,0.7307692307692307,419832.67,52,681871.03,23,1,0,0.3411,0
V003843,Gamma BV,C,15.023255813953488,0.6511627906976745,429102.08,43,381682.21,27,2,3,0.5097,0
V003844,Uni Group,A,19.647058823529413,0.7647058823529411,255558.94,34,131586.46,22,0,3,0.2832,0
V003845,Digital Ltd,B,24.571428571428573,0.7428571428571429,609522.3,35,452064.57,19,1,0,0.1764,0
V003846,Beta Associates,B,23.5625,0.8125,412709.49,32,234775.59,28,1,1,0.0173,0
V003847,Gamma Solutions,D,22.075,0.75,399199.55,40,527578.96,25,3,0,0.1756,0
V003848,Uni BV,A,22.113636363636363,0.7954545454545454,622790.17,44,207371.58,19,0,1,0.0219,0
V003849,Epsilon Corp,C,26.25,0.8863636363636364,405752.59,44,330419.88,24,2,1,0.224,0
V003850,Gamma Group,A,23.727272727272727,0.8181818181818182,961297.11,55,222402.25999999998,20,0,2,0.1566,0
V003851,Alpha Ltd,A,19.170212765957448,0.851063829787234,462418.51,47,426422.29,31,0,0,0.2545,0
V003852,Digital GmbH,A,24.058823529411764,0.7941176470588235,403886.97,34,213477.77,23,0,1,0.0418,0
V003853,Global Solutions,B,22.347826086956523,0.6956521739130435,539367.93,46,261109.92,24,1,3,0.1853,0
V003854,Inter Ltd,A,26.627450980392158,0.8627450980392157,632250.97,51,359469.71,17,0,1,0.1432,0
V003855,Zeta BV,A,20.551724137931036,0.7586206896551724,330563.96,29,285361.24,24,0,3,0.1284,0
V003856,Agro Services,B,23.21212121212121,0.8484848484848485,395835.14,33,239082.26,33,1,1,0.0652,0
V003857,Global Inc,A,17.675675675675677,0.6756756756756757,268820.16,37,322618.96,34,0,3,0.3707,0
V003858,Logis Group,A,24.341463414634145,0.8292682926829268,453464.51,41,199185.66999999998,23,0,1,0.0475,0
V003859,Beta BV,C,19.488372093023255,0.7674418604651163,724219.74,43,405146.58999999997,21,2,3,0.154,0
V003860,Gamma Services,B,15.55,0.725,281314.01,40,196403.02,22,1,3,0.3649,0
V003861,Trans Ltd,B,19.942857142857143,0.7142857142857143,285806.85,35,266987.17,19,1,3,0.2218,0
V003862,Delta Partners,A,19.894736842105264,0.7631578947368421,501301.52,38,489600.87,27,0,0,0.1558,0
V003863,Logis Ltd,B,25.4390243902439,0.8048780487804879,739521.76,41,363184.13,23,1,2,0.1143,0
V003864,Agro Group,B,24.074074074074073,0.8518518518518519,840116.72,54,339226.51,31,1,2,0.1458,0
V003865,Eco Industries,B,22.57777777777778,0.8,1184095.95,45,326459.08999999997,20,1,2,0.3055,0
V003866,Pro Services,B,17.977272727272727,0.75,443514.16,44,200707.32,20,1,3,0.1481,0
V003867,Global Partners,A,25.024390243902438,0.8780487804878049,788165.5,41,280795.93,19,0,1,0.1628,0
V003868,Pharma Pvt Ltd,B,25.348837209302324,0.813953488372093,627204.71,43,520559.33999999997,27,1,0,0.1579,0
V003869,Logis Corp,C,19.733333333333334,0.7333333333333333,375104.12,45,488026.67,28,2,3,0.203,0
V003870,Alpha Group,A,23.4,0.75,608515.18,40,411243.52,21,0,0,0.1206,0
V003871,Zeta Enterprises,C,22.82857142857143,0.8285714285714286,803606.34,35,376239.95,28,2,2,0.1304,0
V003872,Delta Solutions,A,23.476190476190474,0.7142857142857143,125281.54000000001,21,259440.46000000002,20,0,3,0.384,0
V003873,Prime Partners,A,29.65714285714286,1.0,447361.01,35,154816.25,22,0,1,0.6083,1
V003874,Metal Ltd,A,23.023255813953487,0.8372093023255814,925350.82,43,176377.69999999998,18,0,2,0.1779,0
V003875,Global Services,B,21.073170731707318,0.7560975609756098,777087.87,41,555885.21,27,1,0,0.2487,0
V003876,Sigma Enterprises,A,24.263157894736842,0.8421052631578947,931768.98,57,396937.36,25,0,2,0.1937,0
V003877,Inter Partners,A,26.770833333333332,0.8958333333333334,633199.97,48,463224.86,25,0,1,0.2831,0
V003878,Tech Partners,A,24.0625,0.8333333333333334,666198.97,48,72100.56,11,0,1,0.2255,0
V003879,Alpha GmbH,A,21.666666666666668,0.8095238095238095,531845.49,42,275833.43,25,0,1,0.0224,0
V003880,Net Enterprises,D,23.9,0.8333333333333334,317168.93,30,249766.28,25,3,1,0.1223,0
V003881,Sigma Pvt Ltd,D,23.571428571428573,0.7619047619047619,287601.47000000003,42,444544.28,29,3,0,0.218,0
V003882,Smart Solutions,B,21.436363636363637,0.7454545454545455,939606.35,55,387514.48,20,1,2,0.2045,0
V003883,Logis Industries,B,19.04255319148936,0.7446808510638298,946361.85,47,380291.56,18,1,2,0.2545,0
V003884,Alpha Inc,B,26.46153846153846,0.9423076923076923,672728.73,52,105691.69,12,1,1,0.5229,0
V003885,Pharma Inc,C,19.675,0.75,620174.81,40,188681.54,25,2,3,0.1003,0
V003886,Smart Solutions,B,18.955555555555556,0.7555555555555555,605536.72,45,175416.93,15,1,3,0.1235,0
V003887,Eco BV,A,22.52,0.76,819879.29,50,324298.34,23,0,2,0.1157,0
V003888,Infra Solutions,C,20.48780487804878,0.7317073170731707,481677.35,41,258458.87,32,2,3,0.0821,0
V003889,Delta Partners,A,20.4,0.74,703559.4,50,281838.26,23,0,3,0.1163,0
V003890,Zeta Partners,C,29.19047619047619,0.8809523809523809,676871.37,42,320419.91,27,2,1,0.3478,0
V003891,Sigma Pvt Ltd,A,16.918367346938776,0.6938775510204082,521900.45,49,121626.57,17,0,3,0.3191,0
V003892,Trans Services,C,25.15625,0.90625,508160.67,32,594186.5800000001,23,2,0,0.3529,0
V003893,Pro AG,A,22.86111111111111,0.75,333006.3,36,243024.74,26,0,3,0.1278,0
V003894,Agro Group,D,18.54054054054054,0.7027027027027027,1269704.8199999998,37,159124.72,24,3,2,0.5659,1
V003895,Smart Ltd,A,16.441860465116278,0.6976744186046512,910837.75,43,352431.3,28,0,3,0.3961,0
V003896,Prime Solutions,A,22.906976744186046,0.7209302325581395,902310.02,43,80358.15,13,0,2,0.3785,0
V003897,Metal Corp,C,27.229166666666668,0.7916666666666666,816487.24,48,546242.51,19,2,0,0.3476,0
V003898,Infra Partners,D,27.18421052631579,0.868421052631579,564299.65,38,171118.71,17,3,1,0.1711,0
V003899,Agro Partners,A,22.41860465116279,0.813953488372093,439636.82,43,263447.45999999996,23,0,1,0.0192,0
V003900,Pro Services,D,23.257142857142856,0.8,346363.25,35,214371.35,24,3,1,0.0717,0
V003901,Agro Pvt Ltd,C,24.103448275862068,0.7931034482758621,496918.6,29,282940.64,25,2,1,0.0226,0
V003902,Gamma BV,D,18.37142857142857,0.8285714285714286,212663.9,35,151376.12,16,3,3,0.4169,0
V003903,Inter Ltd,C,21.613636363636363,0.8409090909090909,542399.7,44,229837.59,21,2,1,0.0719,0
V003904,Pharma Solutions,A,24.229166666666668,0.8125,587789.77,48,286053.34,23,0,1,0.0165,0
V003905,Epsilon Enterprises,A,25.0,0.84,856793.9,50,498495.93,29,0,2,0.2469,0
V003906,Global BV,D,21.263157894736842,0.6842105263157895,233575.52000000002,19,438713.76,30,3,3,0.4395,0
V003907,Uni Pvt Ltd,A,25.897435897435898,0.8461538461538461,584473.31,39,650340.65,22,0,0,0.269,0
V003908,Trans BV,A,23.317073170731707,0.8292682926829268,391790.44,41,401012.59,28,0,1,0.1065,0
V003909,Digital Enterprises,D,18.37142857142857,0.7142857142857143,257754.12,35,555064.34,26,3,3,0.4197,0
V003910,Pro Group,B,29.513513513513512,0.8918918918918919,222515.72,37,321098.87,28,1,1,0.5376,0
V003911,Energy BV,B,16.4375,0.75,332092.12,32,307810.51999999996,24,1,3,0.2817,0
V003912,Eco Inc,A,22.717391304347824,0.8913043478260869,375703.51,46,176085.22,19,0,1,0.2414,0
V003913,Tech Inc,D,22.710526315789473,0.8157894736842105,339860.57,38,313959.96,18,3,1,0.0835,0
V003914,Epsilon BV,B,23.772727272727273,0.8409090909090909,361196.75,44,120929.58,19,1,1,0.1671,0
V003915,Eco Corp,A,29.487179487179485,0.8461538461538461,289973.19,39,173305.68,21,0,1,0.4388,0
V003916,Sigma Industries,A,16.425,0.725,837970.91,40,379181.09,30,0,3,0.3333,0
V003917,Logis AG,A,23.63888888888889,0.8611111111111112,818830.0099999999,36,207301.63,24,0,2,0.1501,0
V003918,Logis Enterprises,A,27.652173913043477,0.8043478260869565,977886.88,46,436903.74,23,0,2,0.3607,0
V003919,Tech Enterprises,C,17.836734693877553,0.7755102040816326,544240.66,49,247745.22,17,2,3,0.1305,0
V003920,Inter Services,A,15.130434782608695,0.6521739130434783,1000700.47,46,233249.85,20,0,3,0.6003,1
V003921,Uni Enterprises,D,21.40625,0.875,313364.4,32,301103.42,17,3,1,0.2722,0
V003922,Sigma GmbH,C,20.24,0.74,547929.27,50,171970.54,19,2,3,0.0867,0
V003923,Eco Industries,A,27.340425531914892,0.851063829787234,621343.34,47,234985.8,19,0,1,0.1418,0
V003924,Gamma Associates,B,20.771428571428572,0.8,254928.24,35,550499.4500000001,19,1,0,0.3205,0
V003925,Prime AG,B,25.904761904761905,0.8571428571428571,698849.15,42,250490.19999999998,21,1,1,0.1242,0
V003926,Global Industries,C,16.7,0.66,487477.25,50,235596.4,23,2,3,0.3003,0
V003927,Gamma Inc,C,27.102564102564102,0.8717948717948718,533543.76,39,240666.59,19,2,1,0.1428,0
V003928,Infra AG,A,20.194444444444443,0.7222222222222222,421508.02999999997,36,199853.51,16,0,3,0.1133,0
V003929,Global Corp,A,26.58974358974359,0.8717948717948718,254257.05,39,696155.66,24,0,0,0.5193,0
V003930,Pharma Corp,B,24.40909090909091,0.8181818181818182,334107.06,44,617398.13,31,1,0,0.2503,0
V003931,Uni Ltd,B,25.666666666666668,0.8222222222222222,974805.03,45,609955.99,31,1,2,0.3942,0
V003932,Delta Ltd,A,23.306122448979593,0.8163265306122449,1080174.93,49,272048.92,21,0,2,0.212,0
V003933,Infra BV,A,23.59259259259259,0.8333333333333334,948829.18,54,158341.29,20,0,2,0.2002,0
V003934,Global AG,A,19.962264150943398,0.7547169811320755,856416.4700000001,53,412101.69,25,0,2,0.2042,0
V003935,Sigma Partners,B,20.9,0.76,896594.4400000001,50,166722.41,19,1,2,0.179,0
V003936,Inter Inc,B,19.844444444444445,0.7555555555555555,864852.68,45,796603.5,22,1,0,0.516,0
V003937,Eco Partners,D,18.585365853658537,0.8048780487804879,724804.59,41,207934.6,18,3,3,0.175,0
V003938,Trans Partners,A,15.676470588235293,0.7058823529411765,464290.52,34,284440.28,28,0,3,0.2618,0
V003939,Zeta Enterprises,A,24.975,0.725,516381.35000000003,40,175703.67,22,0,3,0.1961,0
V003940,Pharma Corp,C,15.93939393939394,0.7272727272727273,347109.92,33,698310.98,22,2,0,0.5288,0
V003941,Agro Enterprises,B,26.625,0.7857142857142857,1064906.77,56,343434.6,29,1,2,0.3478,0
V003942,Beta Pvt Ltd,B,24.904761904761905,0.8333333333333334,656625.45,42,219284.44,20,1,1,0.0751,0
V003943,Smart Enterprises,B,23.025,0.775,677724.85,40,587687.99,23,1,0,0.2036,0
V003944,Eco BV,A,25.71794871794872,0.8205128205128205,949688.86,39,200408.82,24,0,2,0.2043,0
V003945,Alpha Pvt Ltd,A,25.475,0.825,522209.20999999996,40,142097.86,17,0,1,0.0978,0
V003946,Digital GmbH,B,28.128205128205128,0.8974358974358975,462936.39,39,519896.08,23,1,1,0.3988,0
V003947,Tech Industries,C,24.895833333333332,0.9166666666666666,499055.15,48,141621.49,19,2,1,0.2964,0
V003948,Epsilon Solutions,A,19.82857142857143,0.6285714285714286,299072.52,35,188724.96,19,0,3,0.4832,0
V003949,Gamma Ltd,B,23.08695652173913,0.717391304347826,415005.61,46,287287.83,23,1,3,0.1615,0
V003950,Infra Group,A,20.024390243902438,0.7560975609756098,476808.98,41,143283.76,22,0,3,0.1033,0
V003951,Trans Services,A,20.76086956521739,0.8260869565217391,1155308.05,46,306364.55,25,0,2,0.3547,0
V003952,Agro Ltd,B,25.733333333333334,0.7333333333333333,343494.38999999996,30,172499.35,23,1,1,0.282,0
V003953,Metal Group,B,24.10810810810811,0.8108108108108109,463732.01,37,162171.81,19,1,1,0.0422,0
V003954,Global BV,C,24.71794871794872,0.8974358974358975,650982.32,39,135164.13,22,2,1,0.2461,0
V003955,Digital Group,B,19.529411764705884,0.7352941176470589,868780.8099999999,34,196351.38,21,1,3,0.2165,0
V003956,Beta Associates,A,24.604166666666668,0.7708333333333334,401920.46,48,257276.94,27,0,1,0.079,0
V003957,Global Corp,A,23.711111111111112,0.8444444444444444,590365.73,45,233792.71,19,0,1,0.0513,0
V003958,Logis Solutions,B,23.22222222222222,0.7222222222222222,409978.75,36,350045.07,23,1,3,0.1703,0
V003959,Trans Services,B,22.170731707317074,0.8536585365853658,433055.12,41,161991.68,25,1,1,0.1047,0
V003960,Epsilon Pvt Ltd,B,21.186046511627907,0.8372093023255814,495765.38,43,307506.04,18,1,1,0.0959,0
V003961,Prime AG,A,19.91891891891892,0.7567567567567568,497861.77,37,402927.27,24,0,3,0.112,0
V003962,Gamma Industries,B,20.194444444444443,0.6944444444444444,638093.48,36,331619.81,26,1,3,0.2086,0
V003963,Metal Solutions,A,28.8125,0.8958333333333334,733362.14,48,515814.52999999997,26,0,1,0.4854,0
V003964,Beta Pvt Ltd,A,24.15,0.825,944428.44,40,132267.19,9,0,2,0.216,0
V003965,Prime BV,D,32.06060606060606,0.8787878787878788,486687.35,33,1124713.48,28,3,0,0.8915,1
V003966,Trans Ltd,B,20.4,0.8222222222222222,540811.47,45,339352.07999999996,24,1,1,0.0922,0
V003967,Beta Services,B,26.0,0.86,1341242.94,50,741649.82,26,1,2,0.7357,1
V003968,Smart Partners,C,17.477272727272727,0.7727272727272727,593673.31,44,963664.35,26,2,0,0.611,1
V003969,Inter Inc,A,22.27777777777778,0.6944444444444444,746553.09,36,151974.91,20,0,3,0.2833,0
V003970,Zeta Solutions,A,26.044444444444444,0.7777777777777778,807344.23,45,318101.24,33,0,2,0.1823,0
V003971,Metal Inc,B,14.657894736842104,0.631578947368421,489480.63,38,495423.95,19,1,3,0.6266,1
V003972,Logis AG,B,28.342105263157894,0.8947368421052632,631555.12,38,331029.63,25,1,1,0.3034,0
V003973,Epsilon BV,C,17.80851063829787,0.7872340425531915,345679.15,47,495084.77,24,2,3,0.2906,0
V003974,Beta Inc,D,17.29268292682927,0.6097560975609756,577910.11,41,169778.06,19,3,3,0.5093,0
V003975,Inter Services,B,23.18918918918919,0.7837837837837838,351921.28,37,222604.63,19,1,1,0.0616,0
V003976,Energy Associates,C,18.857142857142858,0.7142857142857143,351035.36,28,608084.31,33,2,0,0.3679,0
V003977,Net Enterprises,C,20.846153846153847,0.7435897435897436,682528.16,39,195961.44,10,2,3,0.092,0
V003978,Energy Inc,B,18.170731707317074,0.7317073170731707,498793.15,41,195287.36,22,1,3,0.1502,0
V003979,Digital Group,A,20.5609756097561,0.7804878048780488,440303.22000000003,41,428626.68,23,0,3,0.1046,0
V003980,Agro Group,A,22.76923076923077,0.7435897435897436,636976.12,39,358166.62,23,0,3,0.1037,0
V003981,Agro Solutions,B,21.022222222222222,0.7333333333333333,782392.9,45,342730.61,18,1,3,0.1458,0
V003982,Prime AG,B,18.638297872340427,0.723404255319149,304963.54,47,316291.95,15,1,3,0.2222,0
V003983,Trans Group,D,23.215686274509803,0.8431372549019608,403245.08,51,176774.24000000002,17,3,1,0.0796,0
V003984,Digital Industries,B,22.925,0.825,842221.01,40,332370.95,22,1,2,0.1137,0
V003985,Prime AG,B,22.193548387096776,0.8064516129032258,431494.14999999997,31,120072.4,25,1,1,0.0794,0
V003986,Net Partners,D,18.657894736842106,0.7631578947368421,547597.8,38,266549.05,13,3,3,0.1025,0
V003987,Global Ltd,D,25.11111111111111,0.8518518518518519,737002.42,54,193946.35,22,3,1,0.1052,0
V003988,Tech Group,A,25.0625,0.7916666666666666,424279.94,48,218045.36,23,0,1,0.0703,0
V003989,Trans Industries,C,21.837209302325583,0.8372093023255814,433527.64,43,120363.65,13,2,1,0.1327,0
V003990,Global Pvt Ltd,A,25.853658536585368,0.7560975609756098,482609.9,41,402196.37,25,0,1,0.1914,0
V003991,Net Group,B,21.129032258064516,0.7419354838709677,307791.41,31,265085.89,22,1,3,0.1544,0
V003992,Energy Ltd,A,24.11904761904762,0.7857142857142857,553674.52,42,305970.79,27,0,1,0.0372,0
V003993,Zeta BV,B,17.82,0.74,680761.1,50,167629.08,22,1,3,0.1734,0
V003994,Energy Industries,A,19.864864864864863,0.7567567567567568,870943.78,37,304592.84,25,0,2,0.1762,0
V003995,Digital Inc,A,22.70731707317073,0.7804878048780488,565378.16,41,201536.14,21,0,1,0.0298,0
V003996,Pro Ltd,B,17.91111111111111,0.7777777777777778,739852.6,45,608707.01,24,1,0,0.3512,0
V003997,Logis Ltd,C,33.303030303030305,0.9393939393939394,632574.99,33,589474.06,29,2,1,0.7461,1
V003998,Digital Industries,B,22.71153846153846,0.8461538461538461,430621.96,52,429194.37,19,1,1,0.1192,0
V003999,Pro GmbH,A,24.934782608695652,0.8695652173913043,910640.49,46,225067.27,26,0,2,0.2183,0
V004000,Logis Group,A,20.181818181818183,0.8181818181818182,414474.74,33,256703.38,24,0,1,0.0918,0
V004001,Inter BV,B,21.06382978723404,0.7872340425531915,495419.41,47,386346.12,24,1,3,0.0715,0
V004002,Beta Ltd,B,25.333333333333332,0.8888888888888888,541456.2400000001,36,255992.6,22,1,1,0.16,0
V004003,Energy Enterprises,B,23.676470588235293,0.7647058823529411,368184.5,34,230707.62,14,1,1,0.0732,0
V004004,Uni Enterprises,C,23.56756756756757,0.7567567567567568,404476.83,37,166428.84,19,2,1,0.0944,0
V004005,Epsilon Enterprises,A,22.705882352941178,0.7254901960784313,826814.99,51,727053.43,23,0,0,0.4863,0
V004006,Beta BV,A,26.853658536585368,0.8780487804878049,689517.43,41,221481.03,24,0,1,0.1727,0
V004007,Pharma GmbH,A,21.80851063829787,0.851063829787234,746718.35,47,277970.93,28,0,2,0.1305,0
V004008,Inter Group,D,24.511627906976745,0.8837209302325582,441201.98,43,372414.6,27,3,1,0.1955,0
V004009,Logis Industries,D,22.096153846153847,0.8076923076923077,1177440.19,52,408365.92,23,3,2,0.3444,0
V004010,Digital Associates,B,26.902439024390244,0.9024390243902439,658437.48,41,80629.79,11,1,1,0.4008,0
V004011,Agro Ltd,A,26.242424242424242,0.8484848484848485,212376.29,33,124827.16,16,0,1,0.3877,0
V004012,Smart Services,A,20.428571428571427,0.7857142857142857,363632.73,42,304085.92,30,0,3,0.0983,0
V004013,Pharma Group,A,25.47826086956522,0.8043478260869565,897039.5499999999,46,137701.53,17,0,2,0.231,0
V004014,Logis Group,A,24.738095238095237,0.7857142857142857,568888.29,42,580384.83,25,0,0,0.1847,0
V004015,Net BV,A,26.904761904761905,0.9047619047619048,511079.58999999997,42,389614.67,32,0,1,0.2733,0
V004016,Smart GmbH,A,22.38095238095238,0.7142857142857143,546278.35,42,498950.49,35,0,0,0.2299,0
V004017,Prime Services,B,28.61904761904762,0.8571428571428571,629769.04,42,190575.49,29,1,1,0.2657,0
V004018,Logis Ltd,B,23.708333333333332,0.7916666666666666,861739.23,48,739410.23,19,1,0,0.4233,0
V004019,Beta Inc,A,21.761904761904763,0.8333333333333334,516753.61,42,90180.54,11,0,1,0.1836,0
V004020,Energy GmbH,C,24.91304347826087,0.9130434782608695,644884.9400000001,46,419811.0,27,2,1,0.3015,0
V004021,Tech Partners,B,22.59090909090909,0.7272727272727273,782955.05,44,584027.55,14,1,0,0.3202,0
V004022,Tech BV,A,18.227272727272727,0.7045454545454546,451144.98000000004,44,116659.82,27,0,3,0.2897,0
V004023,Tech Corp,A,23.431818181818183,0.8409090909090909,495411.21,44,483294.81,24,0,0,0.1284,0
V004024,Uni Associates,A,28.736842105263158,0.9210526315789473,642847.9199999999,38,463210.73000000004,29,0,1,0.4868,0
V004025,Pharma Industries,C,27.130434782608695,0.8913043478260869,806150.26,46,530993.5,29,2,1,0.3865,0
V004026,Metal Partners,C,23.05,0.925,490491.54,40,349337.2,17,2,1,0.3462,0
V004027,Smart Industries,A,22.227272727272727,0.8863636363636364,1051228.76,44,627517.47,19,0,2,0.5627,1
V004028,Zeta GmbH,A,23.61764705882353,0.7352941176470589,786704.8600000001,34,324598.01,28,0,2,0.1486,0
V004029,Beta Pvt Ltd,A,22.59375,0.84375,317828.86,32,321731.46,26,0,1,0.1556,0
V004030,Epsilon Partners,C,24.5,0.8333333333333334,488114.72,36,522894.24,18,2,0,0.1371,0
V004031,Prime Partners,D,21.944444444444443,0.75,295809.25,36,290947.18,21,3,3,0.1719,0
V004032,Prime AG,C,21.232558139534884,0.7674418604651163,381116.69,43,681453.92,20,2,0,0.3007,0
V004033,Delta AG,A,20.545454545454547,0.6818181818181818,453360.3,44,133069.73,16,0,3,0.2784,0
V004034,Alpha Ltd,A,24.136363636363637,0.9318181818181818,577368.04,44,345302.16000000003,23,0,1,0.3569,0
V004035,Agro BV,A,18.488888888888887,0.8,458898.02999999997,45,163725.69,11,0,3,0.1701,0
V004036,Inter Inc,C,19.357142857142858,0.7380952380952381,455607.9,42,582264.51,31,2,0,0.2439,0
V004037,Infra Solutions,A,23.434782608695652,0.7608695652173914,587784.06,46,612400.66,24,0,0,0.228,0
V004038,Energy Corp,A,20.142857142857142,0.7857142857142857,396354.9,42,171019.73,24,0,3,0.095,0
V004039,Trans AG,A,24.7,0.8,251482.64,40,108260.86,16,0,1,0.3046,0
V004040,Inter Associates,A,28.522727272727273,0.8863636363636364,388319.5,44,263921.4,22,0,1,0.3178,0
V004041,Delta Services,B,18.148936170212767,0.6808510638297872,1354593.67,47,123884.56999999999,20,1,2,0.7174,1
V004042,Tech Partners,B,22.823529411764707,0.8431372549019608,878981.47,51,741377.94,32,1,0,0.4473,0
V004043,Metal Enterprises,B,26.853658536585368,0.9024390243902439,966340.9299999999,41,325898.02,27,1,2,0.3688,0
V004044,Epsilon Inc,D,23.833333333333332,0.7857142857142857,270959.07,42,263231.43,24,3,1,0.1621,0
V004045,Zeta Partners,A,26.425,0.8,549164.76,40,320903.8,22,0,1,0.0844,0
V004046,Prime Inc,B,24.205882352941178,0.8529411764705882,356303.61,34,438434.76999999996,16,1,1,0.1784,0
V004047,Smart Solutions,A,24.357142857142858,0.8571428571428571,844985.39,42,514279.41,19,0,2,0.2666,0
V004048,Eco Industries,B,19.208333333333332,0.7916666666666666,734616.67,48,212044.35,24,1,3,0.1329,0
V004049,Epsilon AG,A,23.294117647058822,0.7647058823529411,398207.86,34,154481.98,18,0,1,0.0956,0
V004050,Tech Partners,A,22.075,0.75,328586.1,40,302085.83,25,0,3,0.1343,0
V004051,Sigma Industries,C,29.682926829268293,0.8536585365853658,532264.65,41,274534.52,15,2,1,0.3292,0
V004052,Logis Corp,A,24.77777777777778,0.8,608249.13,45,203126.9,23,0,1,0.0435,0
V004053,Alpha Associates,A,21.4,0.7,581707.0700000001,40,153076.88,16,0,3,0.207,0
V004054,Tech Industries,B,27.25,0.8333333333333334,457961.5,48,470129.76,20,1,1,0.218,0
V004055,Smart Enterprises,A,27.674418604651162,0.8604651162790697,665941.29,43,290858.42,21,0,1,0.1792,0
V004056,Sigma Corp,A,20.34090909090909,0.7954545454545454,473388.71,44,726499.33,23,0,0,0.3624,0
V004057,Inter GmbH,D,25.61904761904762,0.8333333333333334,1006677.55,42,103605.09,16,3,2,0.3677,0
V004058,Prime Associates,B,22.886363636363637,0.8409090909090909,786864.14,44,273243.6,24,1,2,0.1044,0
V004059,Metal Corp,B,20.36111111111111,0.7222222222222222,311107.24,36,511578.35000000003,28,1,3,0.2849,0
V004060,Metal Inc,A,20.717391304347824,0.8043478260869565,970058.29,46,194698.19,23,0,2,0.2021,0
V004061,Alpha Associates,B,21.615384615384617,0.7692307692307693,390048.29000000004,26,443605.4,24,1,0,0.1236,0
V004062,Gamma Inc,D,14.148148148148149,0.7407407407407407,512758.03,27,349141.32,33,3,3,0.42,0
V004063,Energy AG,B,29.416666666666668,0.9444444444444444,385336.27,36,431325.99,16,1,1,0.5885,1
V004064,Pharma Associates,B,24.959183673469386,0.8367346938775511,461913.06,49,150530.76,18,1,1,0.0824,0
V004065,Net Corp,A,23.34090909090909,0.7727272727272727,451708.77999999997,44,146636.75,15,0,1,0.0671,0
V004066,Alpha GmbH,C,24.5,0.8333333333333334,571706.84,36,289114.75,28,2,1,0.0508,0
V004067,Energy Solutions,C,21.916666666666668,0.8611111111111112,560429.3,36,659323.24,24,2,0,0.3232,0
V004068,Inter Industries,B,24.040816326530614,0.8367346938775511,759503.63,49,281149.26,27,1,2,0.0824,0
V004069,Beta Solutions,B,20.575,0.75,532221.11,40,313148.95,29,1,3,0.0723,0
V004070,Eco Pvt Ltd,A,28.216216216216218,0.8918918918918919,427547.26,37,215158.14,18,0,1,0.2654,0
V004071,Prime Ltd,B,28.585365853658537,0.9024390243902439,336300.52,41,673215.17,29,1,0,0.566,1
V004072,Tech Inc,A,26.615384615384617,0.8974358974358975,930169.33,39,333679.18,28,0,2,0.3421,0
V004073,Prime Pvt Ltd,B,24.35483870967742,0.7419354838709677,568759.35,31,186731.32,22,1,1,0.1462,0
V004074,Agro Group,B,17.16,0.74,620958.64,50,306139.44,21,1,3,0.1727,0
V004075,Agro Services,D,22.153846153846153,0.8717948717948718,533687.5,39,300985.16,24,3,1,0.1341,0
V004076,Tech Group,D,22.75,0.7142857142857143,417892.24,28,455122.95,23,3,3,0.2211,0
V004077,Smart Partners,D,24.25925925925926,0.7777777777777778,664597.45,54,449383.9,29,3,0,0.1217,0
V004078,Alpha Solutions,A,27.79310344827586,0.9310344827586207,321106.58,29,199079.11000000002,14,0,1,0.4966,0
V004079,Logis BV,B,17.454545454545453,0.7272727272727273,392835.86,33,472574.37,33,1,3,0.2617,0
V004080,Pharma GmbH,C,21.580645161290324,0.7903225806451613,928850.1799999999,62,175750.49,20,2,2,0.1544,0
V004081,Agro AG,A,23.91304347826087,0.8695652173913043,971098.14,46,518084.18000000005,18,0,2,0.356,0
V004082,Infra Group,A,26.394736842105264,0.868421052631579,558852.61,38,155955.46,21,0,1,0.1584,0
V004083,Energy Ltd,A,21.72,0.8,827667.51,25,175805.86000000002,25,0,2,0.1197,0
V004084,Gamma BV,A,23.906976744186046,0.7674418604651163,298840.88,43,274251.11,20,0,1,0.1568,0
V004085,Gamma Corp,A,22.703703703703702,0.7962962962962963,696737.64,54,357575.74,30,0,2,0.0646,0
V004086,Agro Partners,C,22.98148148148148,0.7962962962962963,636268.4,54,141903.53,16,2,1,0.0742,0
V004087,Prime BV,B,22.108695652173914,0.8043478260869565,1380787.1,46,175725.97,25,1,2,0.4572,0
V004088,Sigma Inc,B,23.2,0.8285714285714286,369470.95999999996,35,680730.68,26,1,0,0.304,0
V004089,Infra Enterprises,A,27.30952380952381,0.8809523809523809,805131.59,42,390988.97,21,0,1,0.2508,0
V004090,Pro BV,B,25.904761904761905,0.7619047619047619,882092.64,42,383103.58,23,1,2,0.2593,0
V004091,Eco Pvt Ltd,C,25.583333333333332,0.8333333333333334,651011.8099999999,36,181739.51,24,2,1,0.0987,0
V004092,Net Services,A,31.725490196078432,0.8823529411764706,567592.39,51,463346.07,21,0,1,0.56,1
V004093,Eco AG,A,17.428571428571427,0.7380952380952381,693394.4299999999,42,238054.68,26,0,3,0.1765,0
V004094,Eco Corp,A,23.625,0.7,523063.71,40,212456.95,26,0,3,0.2059,0
V004095,Trans Associates,B,28.68421052631579,0.868421052631579,253501.94,38,163995.8,20,1,1,0.4158,0
V004096,Smart Inc,A,18.977272727272727,0.7272727272727273,809258.24,44,423649.35000000003,26,0,3,0.2347,0
V004097,Zeta Associates,A,18.03030303030303,0.696969696969697,405561.98,33,312351.49,21,0,3,0.2208,0
V004098,Zeta Industries,A,18.75609756097561,0.7560975609756098,690034.25,41,221862.07,19,0,3,0.1376,0
V004099,Tech Ltd,C,21.2,0.7428571428571429,480023.26,35,286399.92,23,2,3,0.0632,0
V004100,Metal AG,D,28.142857142857142,0.8571428571428571,363179.33999999997,42,453701.84,27,3,1,0.3148,0
V004101,Uni Pvt Ltd,C,16.2972972972973,0.7027027027027027,613095.18,37,198999.35,19,2,3,0.266,0
V004102,Zeta GmbH,A,20.7,0.7,621841.21,40,61269.17,8,0,3,0.3653,0
V004103,Logis Inc,A,13.205128205128204,0.6666666666666666,431361.19,39,172133.47,17,0,3,0.5552,1
V004104,Beta Corp,A,26.075,0.85,281356.33,40,105005.44,21,0,1,0.341,0
V004105,Tech Enterprises,C,20.037735849056602,0.7358490566037735,531696.98,53,216184.54,20,2,3,0.083,0
V004106,Tech Group,A,24.657894736842106,0.8157894736842105,455349.2,38,279353.09,18,0,1,0.0406,0
V004107,Epsilon Associates,D,21.069767441860463,0.813953488372093,350120.24,43,136893.49,19,3,1,0.1538,0
V004108,Metal Partners,D,24.256410256410255,0.8461538461538461,449688.43,39,130877.02,17,3,1,0.094,0
V004109,Epsilon BV,A,19.404255319148938,0.723404255319149,637073.5599999999,47,404496.86,17,0,3,0.1613,0
V004110,Gamma AG,A,23.0,0.7333333333333333,798887.51,45,490322.57999999996,19,0,0,0.2416,0
V004111,Pro Inc,A,20.47826086956522,0.717391304347826,825527.91,46,144439.32,19,0,3,0.2521,0
V004112,Gamma Inc,D,19.34285714285714,0.7428571428571429,547460.14,35,177170.38,15,3,3,0.0997,0
V004113,Prime Solutions,C,17.36111111111111,0.7777777777777778,258008.54,36,375671.37,31,2,3,0.338,0
V004114,Sigma Partners,A,18.951219512195124,0.7073170731707317,496915.43,41,101321.0,17,0,3,0.2974,0
V004115,Metal Partners,B,23.129032258064516,0.7419354838709677,297780.36,31,142997.06,19,1,3,0.2406,0
V004116,Metal Group,A,23.352941176470587,0.803921568627451,1120932.27,51,182064.9,27,0,2,0.2678,0
V004117,Delta Ltd,A,17.333333333333332,0.8484848484848485,393560.46,33,169772.77,22,0,3,0.3031,0
V004118,Metal Industries,A,22.65,0.775,498747.71,40,544912.47,24,0,0,0.1305,0
V004119,Epsilon Group,B,23.113636363636363,0.8181818181818182,806193.0700000001,44,280627.73,26,1,2,0.0943,0
V004120,Energy Corp,C,23.479166666666668,0.8333333333333334,817562.16,48,384574.36,21,2,2,0.1202,0
V004121,Alpha GmbH,C,25.020833333333332,0.8541666666666666,985403.86,48,211724.41,21,2,2,0.2395,0
V004122,Metal Group,A,17.486486486486488,0.7027027027027027,418399.07,37,109265.31,14,0,3,0.3381,0
V004123,Eco GmbH,B,25.813953488372093,0.8372093023255814,618101.61,43,246807.94,22,1,1,0.0797,0
V004124,Global Industries,A,16.060606060606062,0.6060606060606061,212650.51,33,271761.01,30,0,3,0.6815,1
V004125,Inter Ltd,D,24.564102564102566,0.8205128205128205,628254.35,39,237367.38,23,3,1,0.047,0
V004126,Pharma AG,B,24.142857142857142,0.8095238095238095,505962.09,42,236790.14,19,1,1,0.0177,0
V004127,Pro Group,A,25.571428571428573,0.8095238095238095,398881.46,42,163110.91,22,0,1,0.1106,0
V004128,Infra Solutions,A,24.121951219512194,0.8048780487804879,461086.12,41,199265.32,28,0,1,0.02,0
V004129,Beta Ltd,B,26.886363636363637,0.8181818181818182,530101.86,44,164205.61,24,1,1,0.124,0
V004130,Net BV,C,25.555555555555557,0.8444444444444444,488457.02999999997,45,303242.52999999997,24,2,1,0.0714,0
V004131,Prime Solutions,A,23.32608695652174,0.8043478260869565,657305.83,46,241958.86,16,0,1,0.0257,0
V004132,Prime AG,A,17.27777777777778,0.7222222222222222,380218.82,36,190111.5,18,0,3,0.2224,0
V004133,Net Pvt Ltd,B,26.314814814814813,0.8888888888888888,678277.51,54,391041.12,23,1,1,0.2173,0
V004134,Eco Solutions,A,17.805555555555557,0.6944444444444444,370745.74,36,484736.5,28,0,3,0.3331,0
V004135,Sigma GmbH,A,24.225,0.8,370249.12,40,88244.9,22,0,1,0.1904,0
V004136,Infra Partners,D,11.590909090909092,0.6363636363636364,418610.9,44,307162.82,24,3,3,0.6517,1
V004137,Inter Ltd,B,19.958333333333332,0.7708333333333334,1008128.98,48,273865.4,23,1,2,0.2371,0
V004138,Trans Pvt Ltd,A,18.13157894736842,0.7368421052631579,510854.02,38,713362.67,17,0,0,0.4045,0
V004139,Global Solutions,C,21.4,0.6888888888888889,491335.3,45,398225.68,19,2,3,0.2499,0
V004140,Inter Corp,A,25.805555555555557,0.8055555555555556,233609.93,36,245955.37,19,0,1,0.2504,0
V004141,Uni Associates,C,21.705882352941178,0.7058823529411765,1030632.0,51,213314.63,20,2,2,0.3407,0
V004142,Global Pvt Ltd,B,23.903846153846153,0.8461538461538461,721725.24,52,163718.47,23,1,1,0.0935,0
V004143,Metal BV,A,26.25581395348837,0.7906976744186046,373771.55,43,159946.44999999998,15,0,1,0.1851,0
V004144,Tech Inc,A,19.244444444444444,0.7111111111111111,662445.48,45,449940.18000000005,28,0,3,0.2051,0
V004145,Prime Pvt Ltd,A,20.125,0.675,393082.55,40,535527.65,29,0,3,0.3744,0
V004146,Uni Services,B,20.625,0.675,484001.7,40,302958.83999999997,24,1,3,0.231,0
V004147,Sigma Inc,A,25.44,0.84,652916.02,50,186131.53,18,0,1,0.098,0
V004148,Prime Industries,D,22.381818181818183,0.8363636363636363,606294.59,55,165525.19999999998,25,3,1,0.0811,0
V004149,Gamma Partners,A,21.18421052631579,0.7894736842105263,363351.37,38,164365.17,20,0,3,0.0998,0
V004150,Infra Associates,C,23.333333333333332,0.7777777777777778,392345.22000000003,45,114206.29000000001,15,2,1,0.1471,0
V004151,Pharma BV,B,21.94871794871795,0.8205128205128205,610256.52,39,357520.29,26,1,1,0.0609,0
V004152,Pharma Enterprises,A,21.627450980392158,0.8627450980392157,1171422.43,51,319704.71,23,0,2,0.4202,0
V004153,Eco Enterprises,A,22.170731707317074,0.7804878048780488,716675.02,41,418129.23,26,0,2,0.1048,0
V004154,Net Solutions,A,21.58974358974359,0.7692307692307693,682327.4,39,217859.63,30,0,3,0.0658,0
V004155,Zeta Ltd,A,26.945945945945947,0.8648648648648649,507219.44,37,260594.02,25,0,1,0.1244,0
V004156,Tech GmbH,B,25.95,0.8,503527.16,40,204925.93,26,1,1,0.0769,0
V004157,Tech Solutions,A,21.606060606060606,0.7575757575757576,1165075.55,33,223378.63,16,0,2,0.308,0
V004158,Inter Enterprises,A,23.305555555555557,0.7777777777777778,306156.05,36,248786.34,22,0,1,0.1098,0
V004159,Beta Ltd,B,25.0,0.8409090909090909,863216.78,44,454466.10000000003,31,1,2,0.2253,0
V004160,Pharma Enterprises,C,24.477272727272727,0.7954545454545454,660960.95,44,284873.02999999997,20,2,1,0.0494,0
V004161,Net Partners,C,17.2,0.7111111111111111,859877.77,45,224235.41,21,2,3,0.3128,0
V004162,Sigma Industries,D,21.31578947368421,0.868421052631579,458603.43,38,197573.44,20,3,1,0.1598,0
V004163,Delta Solutions,A,24.627450980392158,0.8235294117647058,690392.14,51,225055.03,22,0,1,0.0682,0
V004164,Net Pvt Ltd,D,21.295454545454547,0.7727272727272727,981095.83,44,323318.13,27,3,2,0.184,0
V004165,Eco Enterprises,B,19.0,0.7058823529411765,532864.88,34,271175.8,25,1,3,0.1487,0
V004166,Gamma Pvt Ltd,A,26.023255813953487,0.8604651162790697,337417.28,43,100553.73,14,0,1,0.306,0
V004167,Delta BV,A,19.484848484848484,0.7878787878787878,403492.98000000004,33,305222.93,19,0,3,0.1099,0
V004168,Alpha Inc,C,25.071428571428573,0.8571428571428571,407683.85,42,425033.06,24,2,1,0.1485,0
V004169,Tech Inc,D,20.27906976744186,0.7441860465116279,398579.82,43,512611.24,25,3,0,0.1879,0
V004170,Beta Partners,D,19.846153846153847,0.7692307692307693,597100.08,39,274471.11,26,3,3,0.0664,0
V004171,Pharma BV,A,27.05128205128205,0.7948717948717948,468697.75,39,342105.19,25,0,1,0.1505,0
V004172,Energy Corp,B,18.627906976744185,0.7209302325581395,347052.48,43,218349.56,20,1,3,0.18,0
V004173,Global AG,A,22.25531914893617,0.7872340425531915,1038174.08,47,278631.08,22,0,2,0.2043,0
V004174,Beta BV,C,27.3953488372093,0.8604651162790697,503174.9,43,212268.47,19,2,1,0.1486,0
V004175,Uni Industries,A,21.307692307692307,0.8205128205128205,707662.4400000001,39,341471.11,15,0,2,0.1039,0
V004176,Prime AG,D,24.083333333333332,0.8055555555555556,331246.11,36,150243.21,21,3,1,0.1265,0
V004177,Inter AG,A,22.21818181818182,0.7272727272727273,825967.56,55,644815.97,19,0,0,0.4236,0
V004178,Smart Solutions,B,29.348837209302324,0.9302325581395349,631959.86,43,296797.44,29,1,1,0.4996,0
V004179,Tech Industries,A,18.9672131147541,0.6885245901639344,977553.15,61,168130.93,26,0,3,0.3886,0
V004180,Logis Partners,C,22.681818181818183,0.8181818181818182,674015.61,44,770847.55,24,2,0,0.3461,0
V004181,Zeta Corp,B,17.06382978723404,0.6808510638297872,1037374.65,47,192344.57,19,1,3,0.4954,0
V004182,Smart Associates,C,21.605263157894736,0.8157894736842105,545690.3099999999,38,195916.06,20,2,1,0.0289,0
V004183,Agro Group,B,20.547619047619047,0.7857142857142857,256150.96,42,226426.72,24,1,3,0.1866,0
V004184,Trans Partners,A,18.0,0.7454545454545455,585330.9,55,243260.9,15,0,3,0.116,0
V004185,Alpha Ltd,A,20.242424242424242,0.8181818181818182,600950.93,33,234836.52,28,0,1,0.075,0
V004186,Gamma Ltd,A,19.666666666666668,0.6944444444444444,329598.14,36,619661.98,31,0,0,0.4271,0
V004187,Smart Solutions,B,27.023809523809526,0.8333333333333334,629345.45,42,203807.90000000002,20,1,1,0.1236,0
V004188,Delta GmbH,C,22.56756756756757,0.8378378378378378,375782.89,37,139030.69,23,2,1,0.1406,0
V004189,Delta Enterprises,A,26.944444444444443,0.8055555555555556,266719.93,36,109144.58,15,0,1,0.3524,0
V004190,Digital BV,A,21.065217391304348,0.7391304347826086,687224.17,46,420320.81,29,0,3,0.1472,0
V004191,Pro Ltd,A,17.944444444444443,0.6944444444444444,391322.51,36,339840.69,21,0,3,0.2589,0
V004192,Pro BV,A,21.630434782608695,0.8260869565217391,429123.25,46,191754.5,18,0,1,0.0616,0
V004193,Sigma Inc,B,22.58823529411765,0.7254901960784313,650742.81,51,344549.26,26,1,3,0.1392,0
V004194,Sigma Pvt Ltd,A,26.84090909090909,0.8636363636363636,562375.46,44,286939.66000000003,24,0,1,0.1132,0
V004195,Pharma Ltd,A,25.08,0.88,535665.16,50,233960.47,20,0,1,0.1228,0
V004196,Trans Ltd,A,23.804347826086957,0.8695652173913043,886900.33,46,271789.79,21,0,2,0.1921,0
V004197,Pharma Industries,C,25.134615384615383,0.7884615384615384,803407.0900000001,52,97275.73,19,2,2,0.2797,0
V004198,Zeta Corp,A,16.02173913043478,0.7391304347826086,648949.22,46,117870.66,21,0,3,0.3431,0
V004199,Inter Partners,A,18.789473684210527,0.7631578947368421,748514.61,38,188080.88999999998,22,0,3,0.172,0
V004200,Agro AG,A,23.024390243902438,0.6829268292682927,535244.0499999999,41,434528.47,32,0,3,0.2954,0
V004201,Beta BV,D,26.13888888888889,0.8333333333333334,402405.2,36,158061.22,24,3,1,0.1376,0
V004202,Inter Partners,B,18.6,0.6333333333333333,807101.6299999999,30,190907.91,23,1,3,0.4973,0
V004203,Pharma Services,A,21.075,0.825,470715.68,40,163637.89,16,0,1,0.0856,0
V004204,Gamma Ltd,A,17.20408163265306,0.7142857142857143,481135.23,49,484547.88,32,0,3,0.2638,0
V004205,Global Associates,B,24.866666666666667,0.8,818215.35,45,181094.0,19,1,2,0.1342,0
V004206,Beta Group,B,20.235294117647058,0.7843137254901961,1119633.74,51,359430.44,23,1,2,0.305,0
V004207,Prime Inc,A,19.951219512195124,0.6829268292682927,239160.32,41,281689.59,20,0,3,0.3658,0
V004208,Eco Enterprises,B,24.902439024390244,0.7560975609756098,282149.65,41,208588.55,21,1,1,0.2375,0
V004209,Global AG,B,16.321428571428573,0.8214285714285714,342335.68,28,405202.38,23,1,3,0.3542,0
V004210,Metal Inc,B,23.57777777777778,0.8444444444444444,597583.13,45,217634.56,25,1,1,0.0607,0
V004211,Tech Industries,C,23.71875,0.84375,874175.27,32,185268.66,28,2,2,0.1628,0
V004212,Inter Associates,A,21.875,0.8,536818.93,40,931814.19,30,0,0,0.4614,0
V004213,Infra GmbH,B,17.302325581395348,0.7674418604651163,495734.33,43,261013.91999999998,24,1,3,0.1552,0
V004214,Delta Pvt Ltd,B,25.026315789473685,0.8947368421052632,745599.03,38,336022.64,27,1,1,0.23,0
V004215,Inter BV,B,18.90909090909091,0.7272727272727273,295534.6,33,304932.23000000004,23,1,3,0.2274,0
V004216,Epsilon Associates,C,18.166666666666668,0.7,391931.84,30,271061.7,27,2,3,0.2142,0
V004217,Epsilon Inc,A,21.106382978723403,0.7659574468085106,623204.42,47,411355.32,28,0,3,0.1016,0
V004218,Delta BV,A,21.536585365853657,0.7317073170731707,497837.89,41,187925.06999999998,20,0,3,0.0959,0
V004219,Beta Ltd,A,25.15625,0.84375,398637.47000000003,32,162178.24,24,0,1,0.1152,0
V004220,Agro Ltd,C,27.541666666666668,0.9166666666666666,1105340.83,48,411881.27,26,2,2,0.5679,1
V004221,Beta Solutions,D,22.697674418604652,0.9302325581395349,394395.06,43,244143.44,23,3,1,0.3686,0
V004222,Energy Ltd,C,22.1,0.75,804389.59,40,730655.47,29,2,0,0.4389,0
V004223,Net GmbH,D,19.804347826086957,0.7391304347826086,800518.19,46,314286.07,21,3,3,0.154,0
V004224,Logis Solutions,A,22.23076923076923,0.8205128205128205,543702.21,39,288535.69,20,0,1,0.0184,0
V004225,Epsilon Ltd,C,19.0,0.675,869577.14,40,515506.7,25,2,3,0.4729,0
V004226,Global Partners,A,26.41509433962264,0.8490566037735849,403578.48,53,124328.06,22,0,1,0.2022,0
V004227,Metal Group,C,20.804878048780488,0.7804878048780488,1092357.02,41,342134.43,17,2,2,0.2602,0
V004228,Smart Ltd,C,24.333333333333332,0.8444444444444444,838052.48,45,238771.72999999998,19,2,2,0.1149,0
V004229,Digital Ltd,A,24.630434782608695,0.8478260869565217,433100.25,46,212046.3,18,0,1,0.0637,0
V004230,Uni Solutions,D,18.863636363636363,0.7272727272727273,601925.58,44,246292.69,16,3,3,0.1255,0
V004231,Logis AG,D,21.45,0.825,286270.21,40,245234.25,17,3,1,0.1671,0
V004232,Infra Group,D,24.903225806451612,0.8064516129032258,354411.37,31,135297.81,20,3,1,0.1357,0
V004233,Digital Group,A,19.0,0.7450980392156863,845765.51,51,340194.54,19,0,3,0.1951,0
V004234,Agro Inc,A,19.885714285714286,0.7714285714285715,213141.63999999998,35,125917.13,14,0,3,0.3431,0
V004235,Gamma Pvt Ltd,D,25.794871794871796,0.8205128205128205,583916.84,39,550721.88,28,3,0,0.1779,0
V004236,Beta GmbH,B,15.789473684210526,0.7105263157894737,282981.6,38,310696.09,21,1,3,0.3721,0
V004237,Zeta Solutions,C,23.75,0.8125,654309.71,48,223801.83000000002,27,2,1,0.0249,0
V004238,Smart Ltd,D,15.971428571428572,0.7142857142857143,399160.48,35,221539.05,27,3,3,0.269,0
V004239,Energy Corp,C,16.06,0.68,720896.85,50,245498.16,20,2,3,0.3467,0
V004240,Inter Services,B,19.0,0.6944444444444444,597213.95,36,188173.41,12,1,3,0.195,0
V004241,Infra Associates,C,25.1875,0.8125,517385.44,48,198607.74,28,2,1,0.0507,0
V004242,Metal Services,B,21.055555555555557,0.7222222222222222,1144343.67,36,298622.09,25,1,2,0.3607,0
V004243,Alpha Associates,A,22.0,0.8048780487804879,466631.45,41,274093.4,27,0,1,0.0182,0
V004244,Tech AG,A,18.3265306122449,0.7346938775510204,456568.29000000004,49,171766.64,16,0,3,0.1564,0
V004245,Metal Corp,C,22.5,0.825,461427.54000000004,40,754833.06,19,2,0,0.3282,0
V004246,Eco Pvt Ltd,B,29.67391304347826,0.8913043478260869,455213.26999999996,46,750945.0900000001,25,1,0,0.6519,1
V004247,Net GmbH,B,27.735294117647058,0.7941176470588235,324661.83999999997,34,107567.4,16,1,1,0.3485,0
V004248,Infra Partners,B,25.027027027027028,0.8378378378378378,497447.79000000004,37,201172.0,24,1,1,0.0612,0
V004249,Digital Group,B,24.54054054054054,0.8108108108108109,343879.44,37,321582.45,15,1,1,0.1111,0
V004250,Delta AG,D,23.73913043478261,0.8043478260869565,799356.21,46,268338.1,25,3,2,0.0927,0
V004251,Prime Group,A,16.49056603773585,0.7358490566037735,598530.27,53,409060.67000000004,30,0,3,0.241,0
V004252,Zeta Ltd,C,19.069767441860463,0.7209302325581395,577331.41,43,699305.12,17,2,0,0.3909,0
V004253,Alpha Inc,B,23.435897435897434,0.7948717948717948,557266.11,39,183355.25,23,1,1,0.0248,0
V004254,Energy Inc,A,22.837209302325583,0.7674418604651163,939571.5399999999,43,158303.14,20,0,2,0.1982,0
V004255,Pharma BV,A,23.458333333333332,0.7708333333333334,786128.81,48,300166.22000000003,19,0,2,0.0934,0
V004256,Pharma Partners,A,23.979166666666668,0.7916666666666666,1068389.5,48,298858.98,22,0,2,0.2219,0
V004257,Epsilon Corp,D,20.384615384615383,0.8653846153846154,831405.64,52,775826.5299999999,25,3,0,0.576,1
V004258,Smart Associates,B,26.6,0.85,405791.52,40,387437.24,20,1,1,0.1714,0
V004259,Sigma GmbH,B,20.305555555555557,0.75,355704.96,36,209952.13,23,1,3,0.1261,0
V004260,Eco Ltd,B,24.244897959183675,0.7551020408163265,1019479.43,49,634281.05,23,1,2,0.4528,0
V004261,Infra GmbH,B,20.122448979591837,0.7959183673469388,730154.8,49,184855.49,21,1,2,0.1098,0
V004262,Net Inc,A,17.38235294117647,0.6764705882352942,250343.86,34,341064.11,18,0,3,0.4278,0
V004263,Infra Corp,A,18.228571428571428,0.8,323729.4,35,324520.9,25,0,3,0.2325,0
V004264,Energy Group,C,20.75,0.725,723770.04,40,298463.73000000004,27,2,3,0.1354,0
V004265,Uni Group,A,23.488888888888887,0.8666666666666667,688545.59,45,147140.78,23,0,1,0.1444,0
V004266,Net Services,A,18.783783783783782,0.7297297297297297,618448.46,37,334283.17,23,0,3,0.1483,0
V004267,Prime Pvt Ltd,C,24.658536585365855,0.8536585365853658,370381.92,41,168910.63,24,2,1,0.1262,0
V004268,Agro Industries,A,26.125,0.8541666666666666,565690.76,48,109057.52,16,0,1,0.1882,0
V004269,Metal AG,B,22.70212765957447,0.7446808510638298,942599.47,47,404515.14,26,1,2,0.21,0
V004270,Metal Inc,A,26.77358490566038,0.8867924528301887,770528.89,53,378237.25,26,0,1,0.2309,0
V004271,Smart Enterprises,A,21.186046511627907,0.7674418604651163,587958.43,43,270455.38,27,0,3,0.0473,0
V004272,Sigma Industries,D,17.42222222222222,0.8222222222222222,448001.84,45,159084.53,18,3,3,0.2635,0
V004273,Delta Corp,C,24.454545454545453,0.8409090909090909,455328.06,44,309295.42,21,2,1,0.0563,0
V004274,Tech Ltd,A,24.91176470588235,0.7647058823529411,628312.22,34,509268.89,18,0,0,0.196,0
V004275,Eco Industries,C,23.97872340425532,0.851063829787234,804486.1,47,257968.88,26,2,2,0.1172,0
V004276,Energy Partners,B,22.083333333333332,0.8055555555555556,327264.14,36,143172.92,20,1,1,0.1179,0
V004277,Digital Enterprises,D,16.44736842105263,0.6052631578947368,324413.73,38,215517.12999999998,21,3,3,0.5677,1
V004278,Pharma Pvt Ltd,C,18.852941176470587,0.7647058823529411,314670.47,34,639603.6,31,2,0,0.3583,0
V004279,Sigma Pvt Ltd,B,20.194444444444443,0.6944444444444444,337628.34,36,451800.13,26,1,3,0.3,0
V004280,Pharma Industries,B,25.162790697674417,0.8372093023255814,577664.33,43,183697.02000000002,22,1,1,0.0809,0
V004281,Infra Enterprises,C,28.35,0.95,319877.71,40,264942.47,27,2,1,0.5662,1
V004282,Delta Enterprises,A,22.0,0.75,602570.97,48,133014.82,21,0,3,0.1362,0
V004283,Uni Associates,C,24.0,0.7619047619047619,486431.0,42,293893.42,24,2,1,0.063,0
V004284,Digital Group,C,23.555555555555557,0.8055555555555556,789404.99,36,270215.02,17,2,2,0.0862,0
V004285,Digital AG,A,24.04255319148936,0.8297872340425532,499931.89,47,430300.31,27,0,1,0.087,0
V004286,Tech Services,A,22.07894736842105,0.8157894736842105,672422.13,38,219324.99,22,0,1,0.0412,0
V004287,Zeta BV,C,17.045454545454547,0.6363636363636364,581263.5599999999,44,188820.95,20,2,3,0.4297,0
V004288,Pharma Associates,A,23.675,0.8,309946.7,40,349484.63,20,0,1,0.1282,0
V004289,Pharma Industries,A,19.270833333333332,0.7708333333333334,724443.17,48,597014.4500000001,29,0,0,0.3097,0
V004290,Infra Services,A,24.64864864864865,0.7837837837837838,890959.72,37,235759.88,15,0,2,0.1556,0
V004291,Trans Enterprises,D,19.048780487804876,0.7804878048780488,784402.5100000001,41,277773.47,18,3,2,0.1566,0
V004292,Uni Solutions,C,21.296296296296298,0.7407407407407407,391979.24,27,276846.71,26,2,3,0.0997,0
V004293,Prime Enterprises,D,22.363636363636363,0.8409090909090909,901662.03,44,142491.41,20,3,2,0.2244,0
V004294,Smart Services,B,30.358974358974358,0.9230769230769231,340587.51,39,410980.68,24,1,1,0.6502,1
V004295,Sigma GmbH,A,27.894736842105264,0.8421052631578947,395275.07,38,124280.25,13,0,1,0.2698,0
V004296,Delta GmbH,A,15.829268292682928,0.7073170731707317,787269.49,41,184465.56,23,0,3,0.3712,0
V004297,Alpha Pvt Ltd,A,27.354166666666668,0.8958333333333334,434203.94,48,183554.72999999998,25,0,1,0.2639,0
V004298,Sigma Ltd,D,17.555555555555557,0.6666666666666666,515780.11,45,364757.52,37,3,3,0.3002,0
V004299,Logis AG,C,21.878048780487806,0.7317073170731707,499147.96,41,114442.73999999999,13,2,3,0.1747,0
V004300,Pharma Pvt Ltd,C,18.68888888888889,0.8,489998.82,45,140599.0,17,2,3,0.1675,0
V004301,Prime GmbH,C,22.5,0.7631578947368421,389611.14999999997,38,173081.16,22,2,3,0.0832,0
V004302,Metal Inc,A,23.25,0.8055555555555556,636106.12,36,172352.15,22,0,1,0.0388,0
V004303,Gamma Solutions,A,24.488372093023255,0.813953488372093,517627.07,43,340755.76,20,0,1,0.0565,0
V004304,Inter Services,C,20.51219512195122,0.7804878048780488,304700.32,41,250451.74,25,2,3,0.1295,0
V004305,Metal Industries,A,17.43243243243243,0.6756756756756757,909867.15,37,439869.86,28,0,3,0.4508,0
V004306,Gamma Inc,A,20.863636363636363,0.7272727272727273,911911.1900000001,44,245822.72,30,0,2,0.2057,0
V004307,Digital Industries,B,22.102564102564102,0.8461538461538461,1056957.58,39,306897.57,26,1,2,0.2644,0
V004308,Energy Solutions,B,16.355555555555554,0.6666666666666666,399680.72000000003,45,473443.26,29,1,3,0.433,0
V004309,Metal Corp,C,23.488888888888887,0.7777777777777778,360322.51,45,202522.66,15,2,1,0.0745,0
V004310,Prime Partners,B,24.46551724137931,0.7586206896551724,759114.58,58,232592.91,26,1,2,0.1261,0
V004311,Energy Inc,C,22.416666666666668,0.7777777777777778,303270.69,36,397541.01,24,2,1,0.1575,0
V004312,Prime Pvt Ltd,B,23.428571428571427,0.7755102040816326,754699.39,49,126240.06999999999,24,1,2,0.1586,0
V004313,Metal Industries,C,25.583333333333332,0.8333333333333334,633729.36,48,226480.15,24,2,1,0.0794,0
V004314,Delta Solutions,B,21.88095238095238,0.7857142857142857,671387.5700000001,42,277421.18,16,1,2,0.0388,0
V004315,Smart Enterprises,A,23.979166666666668,0.7708333333333334,678637.39,48,373100.8,26,0,2,0.0943,0
V004316,Prime Inc,A,21.0,0.8,768525.03,50,166257.86,15,0,2,0.1171,0
V004317,Trans Enterprises,A,27.511111111111113,0.8444444444444444,628185.84,45,283182.16,22,0,1,0.1433,0
V004318,Beta Industries,A,24.606060606060606,0.8484848484848485,470598.5,33,121535.81999999999,21,0,1,0.1114,0
V004319,Global GmbH,A,21.6,0.8444444444444444,419457.67,45,529479.81,18,0,0,0.1976,0
V004320,Digital Services,B,23.75,0.7708333333333334,871239.78,48,423144.33,30,1,2,0.1692,0
V004321,Alpha GmbH,B,22.692307692307693,0.7884615384615384,1207891.3800000001,52,221996.75,22,1,2,0.3428,0
V004322,Alpha Services,A,14.606060606060606,0.6363636363636364,544015.4400000001,33,255256.97999999998,16,0,3,0.5268,0
V004323,Zeta GmbH,B,23.23913043478261,0.8043478260869565,503179.89,46,248135.96,29,1,1,0.0102,0
V004324,Alpha Industries,D,16.209302325581394,0.6511627906976745,410845.18,43,403813.46,20,3,3,0.4453,0
V004325,Prime Solutions,B,17.818181818181817,0.7272727272727273,921489.9099999999,44,475931.1,20,1,3,0.356,0
V004326,Inter Pvt Ltd,C,23.404255319148938,0.7446808510638298,751192.4199999999,47,197856.82,27,2,2,0.1207,0
V004327,Sigma Corp,C,16.93548387096774,0.6129032258064516,320014.71,31,209780.49,22,2,3,0.5491,0
V004328,Gamma Enterprises,A,20.75,0.6666666666666666,408471.41000000003,36,153752.86,23,0,3,0.2979,0
V004329,Tech Group,D,17.511111111111113,0.7333333333333333,937539.94,45,234554.98,19,3,3,0.3033,0
V004330,Digital Inc,A,23.6875,0.8125,409089.53,48,150232.99,16,0,1,0.0536,0
V004331,Energy GmbH,A,23.382978723404257,0.723404255319149,414995.21,47,325178.1,24,0,3,0.141,0
V004332,Prime Group,A,25.914893617021278,0.8723404255319149,549278.02,47,220824.52,19,0,1,0.1157,0
V004333,Digital Services,A,20.795454545454547,0.7727272727272727,735218.32,44,516813.02,24,0,0,0.2063,0
V004334,Zeta Services,B,24.576923076923077,0.7884615384615384,969125.7799999999,52,135458.04,22,1,2,0.2605,0
V004335,Inter Partners,B,20.366666666666667,0.7333333333333333,399097.1,30,295591.86,24,1,3,0.1146,0
V004336,Delta Industries,B,21.056603773584907,0.8113207547169812,917420.8,53,494188.11000000004,32,1,2,0.2832,0
V004337,Energy BV,C,24.395833333333332,0.875,516185.89999999997,48,274943.23,21,2,1,0.1099,0
V004338,Eco Partners,B,22.261904761904763,0.7619047619047619,651957.51,42,303493.33999999997,24,1,3,0.0581,0
V004339,Uni Inc,B,19.333333333333332,0.75,423772.37,36,119081.84,20,1,3,0.1724,0
V004340,Logis Industries,A,26.58974358974359,0.7948717948717948,570346.16,39,171404.34,20,0,1,0.1307,0
V004341,Digital Corp,B,15.566666666666666,0.7666666666666667,667668.16,30,437559.44,24,1,3,0.3239,0
V004342,Tech Pvt Ltd,C,30.727272727272727,0.8181818181818182,505626.94,33,438748.44,30,2,1,0.4641,0
V004343,Zeta AG,B,20.17391304347826,0.7391304347826086,599322.37,46,352024.64,14,1,3,0.112,0
V004344,Tech Partners,A,17.82051282051282,0.7435897435897436,592722.4,39,199685.48,23,0,3,0.1457,0
V004345,Metal Solutions,C,11.972972972972974,0.6216216216216216,484965.62,37,499935.94,20,2,3,0.7234,1
V004346,Trans Partners,A,24.675,0.85,787301.37,40,286352.74,26,0,2,0.1061,0
V004347,Sigma Enterprises,B,15.642857142857142,0.6904761904761905,518374.25,42,165657.12,18,1,3,0.3344,0
V004348,Infra Industries,B,11.911764705882353,0.6470588235294118,220869.83000000002,34,259467.63999999998,22,1,3,0.749,1
V004349,Pro Partners,A,19.666666666666668,0.8333333333333334,507296.74,36,166916.19999999998,19,0,1,0.1496,0
V004350,Epsilon Enterprises,D,20.15686274509804,0.803921568627451,716483.34,51,523538.17,23,3,0,0.2286,0
V004351,Trans Enterprises,B,25.35135135135135,0.8648648648648649,312388.7,37,143853.67,20,1,1,0.2306,0
V004352,Infra AG,A,20.264705882352942,0.6764705882352942,267436.84,34,432935.06,21,0,3,0.3931,0
V004353,Logis Associates,A,25.13888888888889,0.75,378597.98,36,218801.9,21,0,1,0.1596,0
V004354,Trans Services,A,24.555555555555557,0.8222222222222222,859980.09,45,147757.78,24,0,2,0.1541,0
V004355,Net Industries,C,23.76086956521739,0.782608695652174,759465.35,46,227037.27,24,2,2,0.0776,0
V004356,Metal Corp,A,23.74468085106383,0.7872340425531915,657293.25,47,125864.59,13,0,1,0.1156,0
V004357,Uni Partners,B,25.56,0.86,487153.63,50,184128.94,22,1,1,0.099,0
V004358,Pro Enterprises,B,22.86046511627907,0.9069767441860465,380470.18,43,379209.06,17,1,1,0.3034,0
V004359,Digital Group,A,25.285714285714285,0.7380952380952381,297590.71,42,551065.59,23,0,0,0.376,0
V004360,Smart GmbH,A,29.38888888888889,0.9722222222222222,495151.3,36,358006.09,27,0,1,0.5746,1
V004361,Pharma Inc,B,17.395833333333332,0.7083333333333334,786312.4,48,217942.59,23,1,3,0.2598,0
V004362,Logis GmbH,B,23.736842105263158,0.8157894736842105,562215.18,38,146445.94999999998,20,1,1,0.0497,0
V004363,Digital Ltd,C,19.818181818181817,0.6818181818181818,340635.02,44,202767.1,12,2,3,0.2615,0
V004364,Tech Inc,B,26.904761904761905,0.7380952380952381,380224.92,42,277872.45,18,1,1,0.2706,0
V004365,Pharma GmbH,A,25.23076923076923,0.7435897435897436,917797.14,39,323630.67,17,0,2,0.2429,0
V004366,Digital Partners,C,24.818181818181817,0.8863636363636364,688660.62,44,142381.3,26,2,1,0.2163,0
V004367,Global Ltd,B,27.8,0.8444444444444444,570161.79,45,289906.39,23,1,1,0.1594,0
V004368,Sigma Associates,B,24.0,0.8918918918918919,293449.23,37,459875.98,20,1,1,0.3423,0
V004369,Pro Associates,B,21.5,0.7045454545454546,585612.09,44,379543.39,27,1,3,0.1984,0
V004370,Pro Industries,A,26.244897959183675,0.8367346938775511,577607.45,49,351100.01,21,0,1,0.1178,0
V004371,Pro GmbH,A,27.295454545454547,0.7954545454545454,622350.31,44,317789.95,20,0,1,0.1548,0
V004372,Agro Associates,B,22.214285714285715,0.8333333333333334,653065.11,42,790097.57,29,1,0,0.3881,0
V004373,Epsilon Enterprises,B,20.0,0.725,471377.73000000004,40,195251.17,22,1,3,0.1013,0
V004374,Pharma Inc,A,23.046511627906977,0.813953488372093,329196.11,43,278911.92,24,0,1,0.0878,0
V004375,Delta Enterprises,A,19.444444444444443,0.8333333333333334,227700.33,36,542256.54,26,0,0,0.4411,0
V004376,Global BV,A,25.41860465116279,0.7906976744186046,810598.25,43,169044.66,22,0,2,0.1761,0
V004377,Metal Partners,A,21.19047619047619,0.7380952380952381,751474.75,42,189472.56,22,0,3,0.1326,0
V004378,Metal Inc,B,21.19047619047619,0.7142857142857143,704371.82,42,253792.03000000003,27,1,3,0.1682,0
V004379,Agro AG,A,25.666666666666668,0.875,667338.27,48,386151.29000000004,31,0,1,0.1605,0
V004380,Energy Group,A,20.05263157894737,0.7105263157894737,329093.88,38,280647.8,20,0,3,0.1876,0
V004381,Pharma Enterprises,D,21.67391304347826,0.8043478260869565,765013.34,46,450588.33999999997,31,3,2,0.1536,0
V004382,Logis GmbH,B,19.511627906976745,0.7674418604651163,817186.9299999999,43,374045.63,31,1,2,0.1844,0
V004383,Sigma Inc,A,22.04255319148936,0.7872340425531915,704981.86,47,716085.82,17,0,0,0.3412,0
V004384,Logis Pvt Ltd,C,22.847826086956523,0.8478260869565217,330653.42,46,129920.01999999999,23,2,1,0.1899,0
V004385,Gamma Enterprises,C,23.910714285714285,0.8214285714285714,520891.8,56,294262.29000000004,24,2,1,0.0238,0
V004386,Infra Enterprises,A,25.526315789473685,0.8421052631578947,432634.68,38,208914.73,28,0,1,0.083,0
V004387,Uni Inc,A,20.804878048780488,0.7560975609756098,335226.31,41,201392.32,21,0,3,0.1222,0
V004388,Trans GmbH,A,23.193548387096776,0.8064516129032258,184636.69,31,219596.72,23,0,1,0.2719,0
V004389,Sigma GmbH,B,21.608695652173914,0.7391304347826086,744085.36,46,477413.77999999997,24,1,0,0.1894,0
V004390,Beta Solutions,D,19.307692307692307,0.7115384615384616,790007.87,52,152224.15,18,3,3,0.2515,0
V004391,Uni Associates,A,27.121951219512194,0.9024390243902439,550126.44,41,95247.97,15,0,1,0.3818,0
V004392,Alpha AG,A,21.942857142857143,0.7714285714285715,578604.71,35,318121.57,23,0,3,0.0396,0
V004393,Logis Corp,C,20.620689655172413,0.8275862068965517,315705.13,29,289531.17,16,2,1,0.1677,0
V004394,Tech Services,B,24.97872340425532,0.8085106382978723,664590.2,47,824266.1,32,1,0,0.4073,0
V004395,Logis Corp,A,22.18,0.82,689541.5,50,336918.46,24,0,2,0.0705,0
V004396,Energy Inc,D,24.152173913043477,0.8260869565217391,1182104.37,46,503122.48,25,3,2,0.4242,0
V004397,Epsilon Solutions,A,21.318181818181817,0.7272727272727273,794630.3,44,273249.17,19,0,3,0.1577,0
V004398,Zeta BV,B,21.78787878787879,0.8484848484848485,426544.93,33,596256.63,19,1,0,0.2365,0
V004399,Gamma BV,D,19.285714285714285,0.75,486777.18,28,313741.43,14,3,3,0.0933,0
V004400,Energy AG,A,23.55,0.75,462855.71,40,226019.36,23,0,3,0.0758,0
V004401,Pharma Enterprises,C,17.375,0.75,417305.57,32,151264.46,23,2,3,0.2088,0
V004402,Alpha Solutions,A,22.476190476190474,0.8571428571428571,918117.52,42,219720.39,23,0,2,0.2197,0
V004403,Alpha AG,A,20.155555555555555,0.7111111111111111,487564.58,45,134786.69,13,0,3,0.1813,0
V004404,Pharma Pvt Ltd,C,27.37837837837838,0.9459459459459459,246955.72,37,385470.27,25,2,1,0.5855,1
V004405,Prime Associates,A,22.142857142857142,0.8285714285714286,1484675.75,35,242074.45,25,0,2,0.5207,0
V004406,Net Industries,C,23.804878048780488,0.7560975609756098,782020.3,41,322587.52,29,2,2,0.1157,0
V004407,Eco Inc,B,21.85,0.8,759218.82,40,358351.49,17,1,2,0.0833,0
V004408,Global Ltd,B,30.310344827586206,0.896551724137931,512203.72000000003,29,557189.43,29,1,1,0.579,1
V004409,Net Corp,C,20.285714285714285,0.6571428571428571,253763.59,35,313715.72000000003,20,2,3,0.3863,0
V004410,Agro Partners,B,26.846153846153847,0.8974358974358975,969647.28,39,547453.68,22,1,2,0.5045,0
V004411,Sigma Inc,C,22.0,0.7804878048780488,587208.73,41,312289.22000000003,19,2,3,0.0359,0
V004412,Agro Pvt Ltd,A,22.07547169811321,0.8113207547169812,701577.45,53,331427.76,32,0,2,0.0658,0
V004413,Eco Services,B,21.65909090909091,0.7727272727272727,321584.61,44,166513.26,18,1,3,0.1107,0
V004414,Beta Enterprises,B,20.75,0.6944444444444444,319889.37,36,229652.97,21,1,3,0.2486,0
V004415,Zeta AG,C,26.170731707317074,0.8048780487804879,397883.79,41,809024.99,24,2,0,0.4323,0
V004416,Net Pvt Ltd,A,27.571428571428573,0.9047619047619048,426938.89999999997,42,511757.1,26,0,1,0.3919,0
V004417,Pharma Industries,A,19.205882352941178,0.6470588235294118,359796.19,34,433953.24,30,0,3,0.41,0
V004418,Trans Associates,C,23.307692307692307,0.8461538461538461,454413.05,39,649106.73,23,2,0,0.2612,0
V004419,Gamma Associates,C,31.161290322580644,0.9032258064516129,187213.28,31,124676.2,15,2,1,0.7208,1
V004420,Metal Industries,A,19.75,0.7272727272727273,638084.42,44,228732.74,21,0,3,0.1131,0
V004421,Trans Services,C,22.342105263157894,0.7631578947368421,440084.5,38,301127.01,26,2,3,0.0494,0
V004422,Infra Services,A,21.205128205128204,0.8461538461538461,617409.01,39,295493.58,19,0,1,0.0974,0
V004423,Alpha Enterprises,C,24.153846153846153,0.7948717948717948,459470.06,39,428737.33999999997,27,2,1,0.0744,0
V004424,Zeta Services,C,20.58139534883721,0.8372093023255814,528035.01,43,347906.14,20,2,1,0.1406,0
V004425,Energy Corp,B,22.18918918918919,0.8108108108108109,510845.32,37,301089.54000000004,18,1,1,0.0202,0
V004426,Net Services,A,28.066666666666666,0.8222222222222222,334364.83,45,201344.87,14,0,1,0.2492,0
V004427,Alpha Industries,A,20.90909090909091,0.7045454545454546,779395.94,44,165330.2,12,0,3,0.266,0
V004428,Eco Inc,A,23.375,0.8125,611536.44,48,439885.62,26,0,0,0.0759,0
V004429,Epsilon Pvt Ltd,A,18.863636363636363,0.7272727272727273,526890.02,44,604106.85,19,0,0,0.2855,0
V004430,Energy Pvt Ltd,A,17.8125,0.6875,1208232.68,48,432075.73,28,0,2,0.5973,1
V004431,Energy Ltd,B,25.333333333333332,0.8333333333333334,626250.1,36,254554.46,18,1,1,0.0697,0
V004432,Uni Enterprises,B,19.384615384615383,0.7692307692307693,501024.79000000004,39,94769.66,17,1,3,0.2011,0
V004433,Sigma Enterprises,C,30.536585365853657,0.926829268292683,283143.66,41,265395.82,29,2,1,0.6733,1
V004434,Beta AG,A,19.097560975609756,0.7560975609756098,337948.74,41,268626.23,19,0,3,0.1444,0
V004435,Net Enterprises,A,25.694444444444443,0.8333333333333334,271513.81,36,189331.64,18,0,1,0.216,0
V004436,Metal AG,B,20.022727272727273,0.75,578544.85,44,57918.350000000006,10,1,3,0.2596,0
V004437,Sigma AG,C,24.64,0.78,1314206.22,50,440169.27,31,2,2,0.4896,0
V004438,Global Group,C,28.1,0.9,634181.0299999999,40,348635.62,25,2,1,0.3023,0
V004439,Inter Enterprises,C,23.51851851851852,0.8703703703703703,677264.9,54,352421.75,35,2,1,0.1302,0
V004440,Pharma Industries,B,20.973684210526315,0.8421052631578947,268039.64,38,511201.04,25,1,0,0.3213,0
V004441,Pro GmbH,B,19.38888888888889,0.7777777777777778,441681.92,36,483193.22000000003,18,1,0,0.177,0
V004442,Delta Industries,B,21.40909090909091,0.7727272727272727,649634.89,44,300667.34,22,1,3,0.0533,0
V004443,Inter Solutions,B,26.333333333333332,0.8958333333333334,600990.87,48,199460.21,24,1,1,0.2095,0
V004444,Agro Enterprises,C,23.34090909090909,0.7954545454545454,637960.88,44,687462.8099999999,25,2,0,0.2684,0
V004445,Agro Services,A,17.895833333333332,0.7708333333333334,1399005.87,48,283686.93,30,0,2,0.577,1
V004446,Smart Pvt Ltd,B,23.78048780487805,0.8292682926829268,442231.05,41,330713.5,25,1,1,0.049,0
V004447,Eco Services,C,19.818181818181817,0.7272727272727273,692912.09,33,252165.41,20,2,3,0.1222,0
V004448,Eco Ltd,C,22.864864864864863,0.6486486486486487,328495.75,37,324925.77999999997,24,2,3,0.3967,0
V004449,Digital BV,A,19.51063829787234,0.7446808510638298,946598.91,47,435817.37,25,0,2,0.2719,0
V004450,Infra Services,A,18.05,0.7,1120559.0,40,200350.06,28,0,2,0.4587,0
V004451,Net Pvt Ltd,A,19.23913043478261,0.8043478260869565,1233966.18,46,232704.07,20,0,2,0.4646,0
V004452,Inter Inc,A,24.11111111111111,0.8222222222222222,671115.7,45,380757.55,31,0,1,0.0725,0
V004453,Gamma Partners,A,27.2,0.9,372224.25,40,403998.45999999996,31,0,1,0.3373,0
V004454,Pro Inc,C,25.275,0.825,405824.57,40,205422.6,17,2,1,0.0707,0
V004455,Logis Ltd,A,23.866666666666667,0.8,534683.12,45,262848.25,25,0,1,0.0028,0
V004456,Energy Solutions,A,24.225,0.725,601634.49,40,348842.1,20,0,3,0.1784,0
V004457,Prime Associates,A,24.305555555555557,0.8333333333333334,562490.92,36,199542.07,24,0,1,0.0497,0
V004458,Alpha Inc,A,22.526315789473685,0.6842105263157895,763046.66,38,564495.95,36,0,0,0.4502,0
V004459,Global Services,B,25.476190476190474,0.8333333333333334,547614.84,42,524199.53,17,1,0,0.154,0
V004460,Smart Enterprises,A,28.51219512195122,0.926829268292683,458716.35,41,302440.08,25,0,1,0.435,0
V004461,Prime AG,C,15.42,0.72,994255.35,50,436776.68,25,2,3,0.4692,0
V004462,Delta Corp,A,21.547619047619047,0.7380952380952381,284581.16,42,225275.38,15,0,3,0.1781,0
V004463,Beta Enterprises,B,21.029411764705884,0.7647058823529411,713366.27,34,197813.73,20,1,3,0.0801,0
V004464,Agro AG,B,18.90909090909091,0.6818181818181818,586204.2,44,285794.4,32,1,3,0.2025,0
V004465,Trans Inc,A,26.8,0.8666666666666667,533839.77,45,131420.89,21,0,1,0.179,0
V004466,Metal Services,A,29.91176470588235,0.8823529411764706,323348.91,34,200605.59,14,0,1,0.4372,0
V004467,Pharma Solutions,A,26.26829268292683,0.8780487804878049,1016043.7000000001,41,239455.12,22,0,2,0.2945,0
V004468,Net Enterprises,B,24.951219512195124,0.8536585365853658,636766.1,41,364694.86,25,1,1,0.1161,0
V004469,Energy Industries,D,27.244897959183675,0.8163265306122449,364808.52,49,102399.35,15,3,1,0.2869,0
V004470,Global Enterprises,B,22.441860465116278,0.8372093023255814,467765.77,43,437097.65,22,1,1,0.1194,0
V004471,Metal AG,A,23.22222222222222,0.7555555555555555,570278.85,45,223086.69,21,0,3,0.0581,0
V004472,Digital Partners,D,22.161290322580644,0.8064516129032258,515263.4,31,159521.39,16,3,1,0.0388,0
V004473,Logis BV,A,25.545454545454547,0.7954545454545454,678383.7999999999,44,342342.0,13,0,1,0.1,0
V004474,Agro BV,A,23.41860465116279,0.7674418604651163,554927.74,43,473642.13,22,0,0,0.1173,0
V004475,Delta Enterprises,B,16.85,0.75,602926.11,40,458837.67,24,1,3,0.254,0
V004476,Net Associates,A,22.822222222222223,0.8222222222222222,545342.1,45,160699.41,13,0,1,0.043,0
V004477,Uni Inc,A,17.235294117647058,0.6764705882352942,356573.8,34,235685.16999999998,12,0,3,0.2921,0
V004478,Tech Solutions,A,15.069767441860465,0.6744186046511628,1211921.3399999999,43,326059.09,26,0,2,0.6844,1
V004479,Eco Corp,A,23.735294117647058,0.8235294117647058,728632.2,34,198222.36000000002,25,0,1,0.0591,0
V004480,Trans Solutions,D,23.02857142857143,0.8285714285714286,306497.46,35,184508.98,24,3,1,0.1382,0
V004481,Trans Inc,C,18.6734693877551,0.7755102040816326,385214.63,49,542198.08,18,2,0,0.2508,0
V004482,Tech Group,B,19.525,0.725,763583.79,40,209050.85,26,1,3,0.162,0
V004483,Prime Enterprises,B,21.170731707317074,0.7317073170731707,666292.59,41,472561.03,19,1,3,0.1779,0
V004484,Trans Enterprises,C,24.653846153846153,0.9230769230769231,957603.2000000001,52,139084.56,21,2,2,0.496,0
V004485,Uni Solutions,A,29.56756756756757,0.9459459459459459,1081395.6800000002,37,527854.03,31,0,2,0.8222,1
V004486,Delta AG,A,23.511627906976745,0.7906976744186046,455262.66,43,123130.93000000001,16,0,1,0.084,0
V004487,Smart Inc,A,19.209302325581394,0.6976744186046512,537422.52,43,306656.27999999997,18,0,3,0.1626,0
V004488,Pharma Ltd,D,22.975609756097562,0.7804878048780488,724560.5499999999,41,394563.7,24,3,2,0.0927,0
V004489,Epsilon AG,B,20.205128205128204,0.6923076923076923,448844.6,39,491416.63999999996,24,1,3,0.2687,0
V004490,Beta Services,B,24.095238095238095,0.8571428571428571,966369.75,42,221802.59,17,1,2,0.2102,0
V004491,Uni Enterprises,B,20.130434782608695,0.6739130434782609,516668.63,46,225562.83,28,1,3,0.2268,0
V004492,Trans BV,B,27.022727272727273,0.8409090909090909,446798.35,44,468677.68,23,1,1,0.205,0
V004493,Beta Pvt Ltd,B,20.630434782608695,0.7391304347826086,552936.95,46,158749.88,13,1,3,0.1068,0
V004494,Trans Solutions,A,19.897435897435898,0.7435897435897436,782527.44,39,129750.07,19,0,3,0.2109,0
V004495,Epsilon AG,A,24.37837837837838,0.8108108108108109,383604.39999999997,37,330296.61,29,0,1,0.0738,0
V004496,Eco Enterprises,A,24.863636363636363,0.8409090909090909,1015705.24,44,238976.27,22,0,2,0.2263,0
V004497,Trans Ltd,B,22.057692307692307,0.8076923076923077,559243.27,52,539548.26,22,1,0,0.1376,0
V004498,Sigma BV,C,19.264705882352942,0.7352941176470589,466158.09,34,702426.04,25,2,0,0.3727,0
V004499,Uni BV,A,20.0,0.7647058823529411,877442.81,34,217513.66999999998,23,0,2,0.1744,0
V004500,Energy Associates,C,28.8125,0.875,505003.01,32,76411.64,15,2,1,0.4313,0
V004501,Gamma Partners,A,25.303030303030305,0.8181818181818182,485191.29,33,341464.35,29,0,1,0.0729,0
V004502,Prime Inc,C,24.25,0.875,588109.84,48,506560.88,21,2,0,0.2021,0
V004503,Metal Pvt Ltd,A,22.28125,0.75,579098.75,32,267893.89999999997,24,0,3,0.0675,0
V004504,Pro Industries,B,22.48,0.8,732135.68,50,479274.19,20,1,0,0.1381,0
V004505,Trans BV,A,28.386363636363637,0.8636363636363636,856119.75,44,546032.2799999999,28,0,2,0.4489,0
V004506,Infra Corp,A,20.58974358974359,0.8205128205128205,538281.19,39,315052.02,29,0,1,0.0744,0
V004507,Net Ltd,A,23.615384615384617,0.8461538461538461,809816.97,39,299267.75,27,0,2,0.109,0
V004508,Trans Solutions,A,23.5,0.7857142857142857,712586.01,42,299781.70999999996,25,0,2,0.0575,0
V004509,Sigma Enterprises,A,23.67391304347826,0.8043478260869565,375321.26,46,246787.76,22,0,1,0.0432,0
V004510,Delta Enterprises,C,24.442622950819672,0.7704918032786885,1182952.46,61,196919.47,15,2,2,0.3589,0
V004511,Alpha Services,A,17.0,0.7333333333333333,402748.74,30,396616.6,26,0,3,0.2496,0
V004512,Epsilon GmbH,B,26.105263157894736,0.8947368421052632,967693.06,38,425996.9,24,1,2,0.3691,0
V004513,Inter Ltd,B,22.625,0.8125,657793.4400000001,48,205584.26,20,1,1,0.0303,0
V004514,Gamma Associates,B,27.642857142857142,0.8333333333333334,290947.77999999997,42,289946.64,23,1,1,0.2734,0
V004515,Net Enterprises,A,27.475,0.925,1571661.36,40,385332.66,21,0,2,0.7847,1
V004516,Eco BV,A,12.159090909090908,0.75,362175.27,44,334123.12,21,0,3,0.5118,0
V004517,Sigma GmbH,B,23.725,0.85,329834.96,40,178018.41,21,1,1,0.145,0
V004518,Beta Services,A,23.5,0.8333333333333334,277481.1,42,391464.43,16,0,1,0.2144,0
V004519,Prime Services,B,22.06122448979592,0.8367346938775511,446988.98,49,222429.08000000002,14,1,1,0.0583,0
V004520,Smart AG,B,23.071428571428573,0.8095238095238095,588377.6900000001,42,281085.1,29,1,1,0.0162,0
V004521,Tech Corp,C,14.854166666666666,0.6041666666666666,729474.82,48,296831.93,23,2,3,0.6423,1
V004522,Global BV,A,25.58695652173913,0.8695652173913043,495089.22,46,146784.81,26,0,1,0.1386,0
V004523,Zeta Associates,A,16.224489795918366,0.7142857142857143,438239.89,49,250286.65,29,0,3,0.2327,0
V004524,Inter Ltd,A,18.638297872340427,0.7021276595744681,1040573.78,47,607222.11,20,0,2,0.5761,1
V004525,Sigma Partners,B,26.52,0.88,993232.74,50,218874.45,18,1,2,0.3097,0
V004526,Beta Associates,A,21.685714285714287,0.7428571428571429,803656.8500000001,35,190609.61000000002,25,0,2,0.1592,0
V004527,Delta GmbH,C,23.636363636363637,0.7272727272727273,1111559.85,55,213746.39,24,2,2,0.3301,0
V004528,Beta Partners,A,21.375,0.8,366066.81,40,323830.72000000003,33,0,1,0.0784,0
V004529,Infra BV,A,23.21276595744681,0.8085106382978723,642566.44,47,426751.17,25,0,0,0.073,0
V004530,Trans Group,A,24.225806451612904,0.7741935483870968,910015.66,62,387536.3,21,0,2,0.1675,0
V004531,Metal BV,B,27.542857142857144,0.8857142857142857,422355.69,35,337905.9,26,1,1,0.2547,0
V004532,Inter Corp,D,23.07894736842105,0.8157894736842105,419238.21,38,269932.01,23,3,1,0.0297,0
V004533,Pro Pvt Ltd,B,21.4,0.78,782327.39,50,329496.64,36,1,2,0.1019,0
V004534,Beta Inc,A,26.205128205128204,0.8717948717948718,627964.59,39,269823.83,25,0,1,0.1265,0
V004535,Digital Associates,A,23.967741935483872,0.7419354838709677,418065.14,31,215349.05,22,0,3,0.1042,0
V004536,Smart Enterprises,C,25.92156862745098,0.8431372549019608,605887.94,51,97936.5,15,2,1,0.2089,0
V004537,Prime Enterprises,C,22.86111111111111,0.7777777777777778,425912.02,36,453746.66,24,2,0,0.1062,0
V004538,Sigma Industries,D,26.4,0.8333333333333334,615028.61,30,254361.58000000002,16,3,1,0.0893,0
V004539,Beta AG,C,19.06382978723404,0.7659574468085106,568369.9400000001,47,146422.4,21,2,3,0.1193,0
V004540,Zeta Pvt Ltd,A,26.121951219512194,0.8536585365853658,479613.91,41,117797.9,15,0,1,0.18,0
V004541,Agro Services,A,20.1875,0.78125,429470.16,32,342638.52,27,0,3,0.0919,0
V004542,Infra GmbH,A,16.594594594594593,0.7837837837837838,314374.12,37,237347.1,26,0,3,0.2835,0
V004543,Inter Enterprises,C,21.48936170212766,0.8297872340425532,704789.18,47,149540.12,20,2,2,0.1281,0
V004544,Energy Associates,C,15.024390243902438,0.7560975609756098,333491.62,41,803952.14,25,2,0,0.6637,1
V004545,Digital Group,D,19.068181818181817,0.7272727272727273,392041.95,44,241281.26,27,3,3,0.1294,0
V004546,Net Solutions,A,23.205128205128204,0.7948717948717948,413758.97,39,214182.17,17,0,1,0.0255,0
V004547,Tech Pvt Ltd,B,13.787878787878787,0.7272727272727273,629413.14,33,280396.23,25,1,3,0.4084,0
V004548,Infra Enterprises,A,28.954545454545453,0.8863636363636364,443633.9,44,312714.69,23,0,1,0.3334,0
V004549,Smart BV,B,26.06382978723404,0.8085106382978723,927950.48,47,310797.58,20,1,2,0.1941,0
V004550,Epsilon Associates,A,20.25,0.75,410831.52999999997,44,522291.11,23,0,0,0.1869,0
V004551,Metal Corp,C,23.44,0.74,712631.08,50,382325.59,30,2,2,0.1362,0
V004552,Prime Ltd,B,19.195652173913043,0.717391304347826,433688.58,46,715029.96,22,1,0,0.4101,0
V004553,Alpha Pvt Ltd,D,26.375,0.7708333333333334,394765.67,48,322297.26,27,3,1,0.169,0
V004554,Pro Services,D,20.405405405405407,0.7837837837837838,459599.08,37,254822.01,21,3,3,0.0491,0
V004555,Global Associates,B,20.813953488372093,0.7906976744186046,857405.33,43,502717.93,23,1,2,0.2624,0
V004556,Eco Industries,C,22.38095238095238,0.7857142857142857,465788.76,42,566176.5800000001,26,2,0,0.1413,0
V004557,Digital Corp,D,22.18,0.78,1113908.2,50,217043.58000000002,20,3,2,0.2476,0
V004558,Tech GmbH,A,21.705882352941178,0.8235294117647058,936359.49,51,299479.8,20,0,2,0.1606,0
V004559,Digital Associates,C,20.48780487804878,0.7317073170731707,1222025.04,41,208297.76,18,2,2,0.421,0
V004560,Alpha GmbH,C,22.31111111111111,0.7111111111111111,364512.61,45,243793.29,20,2,3,0.1896,0
V004561,Pharma Associates,C,23.6,0.8333333333333334,378225.91,30,278830.71,25,2,1,0.0674,0
V004562,Agro Corp,B,25.162790697674417,0.813953488372093,621599.59,43,124035.18000000001,18,1,1,0.1262,0
V004563,Delta Enterprises,D,19.11764705882353,0.6764705882352942,346603.09,34,320554.55,20,3,3,0.2662,0
V004564,Metal Corp,A,23.15,0.875,347768.09,40,178570.99,21,0,1,0.21,0
V004565,Epsilon Ltd,A,19.872340425531913,0.7872340425531915,422244.10000000003,47,355149.38999999996,17,0,3,0.1119,0
V004566,Uni GmbH,A,15.416666666666666,0.6458333333333334,511242.35,48,517546.85000000003,25,0,3,0.5128,0
V004567,Logis Corp,C,18.314285714285713,0.7142857142857143,661777.48,35,254804.96,22,2,3,0.1622,0
V004568,Trans Industries,A,21.34090909090909,0.8181818181818182,307184.59,44,143950.94,13,0,1,0.174,0
V004569,Agro GmbH,A,24.127659574468087,0.7659574468085106,1003194.42,47,629901.4400000001,30,0,0,0.4368,0
V004570,Net Enterprises,C,22.55263157894737,0.7631578947368421,382860.25,38,171346.29,21,2,3,0.0864,0
V004571,Inter Inc,A,23.238095238095237,0.8333333333333334,603731.01,42,390708.8,24,0,1,0.0719,0
V004572,Eco GmbH,B,29.42105263157895,0.8421052631578947,225756.18,38,374751.64,21,1,1,0.4918,0
V004573,Uni Ltd,A,22.52777777777778,0.8333333333333334,618004.89,36,400461.07999999996,23,0,1,0.0857,0
V004574,Trans Enterprises,D,26.725,0.9,773751.28,40,639500.75,22,3,0,0.4505,0
V004575,Global Associates,B,25.642857142857142,0.8333333333333334,300174.33,42,328465.04,23,1,1,0.1949,0
V004576,Metal Pvt Ltd,A,14.926829268292684,0.7073170731707317,757547.15,41,450600.07,24,0,3,0.4461,0
V004577,Beta Inc,A,22.79591836734694,0.7959183673469388,770030.43,49,374673.98,19,0,2,0.0917,0
V004578,Smart Services,B,18.630434782608695,0.7391304347826086,683874.16,46,506851.95,20,1,3,0.2482,0
V004579,Infra Associates,C,24.6875,0.96875,952594.34,32,251593.91,24,2,2,0.5216,0
V004580,Uni Services,D,19.897435897435898,0.6666666666666666,757161.53,39,243317.72,25,3,3,0.2867,0
V004581,Global Solutions,A,20.78125,0.84375,646135.47,32,107352.20999999999,17,0,1,0.2121,0
V004582,Logis Solutions,A,19.354166666666668,0.7916666666666666,570824.25,48,238750.96000000002,26,0,3,0.0946,0
V004583,Energy Solutions,B,21.675675675675677,0.7297297297297297,321822.73,37,355460.88,21,1,3,0.1878,0
V004584,Tech GmbH,B,25.48780487804878,0.8536585365853658,266506.97,41,129222.69,18,1,1,0.2817,0
V004585,Net Enterprises,B,25.944444444444443,0.8888888888888888,747938.27,36,160987.49,20,1,1,0.2401,0
V004586,Digital Group,B,25.941176470588236,0.9117647058823529,425061.31,34,181546.46,19,1,1,0.3041,0
V004587,Logis Corp,B,23.76595744680851,0.8297872340425532,688225.65,47,579910.77,33,1,0,0.2115,0
V004588,Tech Industries,A,18.80851063829787,0.7446808510638298,1717049.8099999998,47,121098.9,22,0,2,0.6661,1
V004589,Delta Ltd,B,17.233333333333334,0.7333333333333333,539310.16,30,280607.18,22,1,3,0.1535,0
V004590,Energy Partners,A,21.08888888888889,0.7333333333333333,459128.89999999997,45,218710.99000000002,22,0,3,0.0727,0
V004591,Pro GmbH,D,27.121951219512194,0.8292682926829268,419247.83,41,212307.42,21,3,1,0.1346,0
V004592,Global Partners,A,32.42424242424242,0.9696969696969697,480023.49,33,435731.88,29,0,1,0.7245,1
V004593,Inter AG,B,23.394736842105264,0.7631578947368421,421045.05000000005,38,176743.32,22,1,1,0.0678,0
V004594,Alpha AG,C,21.244444444444444,0.8444444444444444,487507.26,45,279604.02,30,2,1,0.0942,0
V004595,Inter Enterprises,C,17.323529411764707,0.7352941176470589,1027768.56,34,250073.21,21,2,2,0.3561,0
V004596,Metal Associates,B,22.58139534883721,0.7674418604651163,430462.77999999997,43,406722.43,30,1,3,0.0852,0
V004597,Prime Services,C,24.166666666666668,0.9166666666666666,1187404.11,48,574708.03,29,2,2,0.65,1
V004598,Sigma Industries,A,19.711111111111112,0.8444444444444444,611300.35,45,150192.88,14,0,1,0.1894,0
V004599,Beta Solutions,C,24.526315789473685,0.7894736842105263,395252.26,38,573082.21,27,2,0,0.1897,0
V004600,Uni Enterprises,C,30.3953488372093,0.8604651162790697,479903.39,43,228277.38999999998,17,2,1,0.4132,0
V004601,Metal Corp,C,16.63157894736842,0.7105263157894737,569615.24,38,238700.19999999998,29,2,3,0.2194,0
V004602,Alpha Group,C,18.448979591836736,0.7346938775510204,697154.85,49,373215.24,27,2,3,0.171,0
V004603,Infra Solutions,D,27.902439024390244,0.9024390243902439,306576.77999999997,41,170147.31,23,3,1,0.3802,0
V004604,Epsilon Industries,A,28.307692307692307,0.8974358974358975,525286.56,39,93836.94,15,0,1,0.4246,0
V004605,Zeta Enterprises,A,25.484848484848484,0.8181818181818182,1081098.6800000002,33,420814.89,25,0,2,0.3265,0
V004606,Smart Partners,A,23.75,0.775,538072.37,40,467899.02,21,0,0,0.0941,0
V004607,Uni Enterprises,A,23.071428571428573,0.8095238095238095,365817.28,42,423343.05,24,0,1,0.1145,0
V004608,Infra Ltd,C,24.647058823529413,0.8529411764705882,621814.3,34,469886.42,15,2,1,0.1393,0
V004609,Prime GmbH,A,16.03448275862069,0.6896551724137931,672957.8099999999,29,152939.63999999998,19,0,3,0.374,0
V004610,Delta Pvt Ltd,C,21.75,0.725,554037.86,40,258711.43,28,2,3,0.0907,0
V004611,Smart Group,A,23.0,0.78,520373.71,50,218415.24,32,0,1,0.0309,0
V004612,Alpha Ltd,A,16.96,0.76,329426.8,25,203707.95,23,0,3,0.2634,0
V004613,Digital Enterprises,A,30.085714285714285,0.8285714285714286,453923.70999999996,35,310719.41000000003,17,0,1,0.3788,0
V004614,Agro Enterprises,C,25.435897435897434,0.8974358974358975,576932.31,39,281146.07,28,2,1,0.1871,0
V004615,Agro Solutions,A,21.444444444444443,0.8222222222222222,344787.48,45,256022.99999999997,24,0,1,0.1075,0
V004616,Tech Enterprises,B,26.97222222222222,0.8888888888888888,495571.15,36,159326.19,21,1,1,0.2372,0
V004617,Delta Inc,A,20.357142857142858,0.7142857142857143,593628.9400000001,42,330496.19,16,0,3,0.1448,0
V004618,Inter AG,C,18.1,0.725,1132581.94,40,929657.88,24,2,0,0.8035,1
V004619,Global Enterprises,D,22.666666666666668,0.7619047619047619,479750.38,42,298148.49,20,3,3,0.0458,0
V004620,Energy Inc,B,25.790697674418606,0.8604651162790697,581824.88,43,270206.75,22,1,1,0.087,0
V004621,Smart AG,C,17.846153846153847,0.6666666666666666,416196.36,39,336310.07,18,2,3,0.2905,0
V004622,Energy Enterprises,B,23.435897435897434,0.7692307692307693,953840.04,39,244844.34,21,1,2,0.17,0
V004623,Uni Industries,A,24.88235294117647,0.8627450980392157,1024072.6799999999,51,307355.68,25,0,2,0.2525,0
V004624,Zeta Inc,A,16.6,0.6888888888888889,424387.88,45,195472.66,23,0,3,0.2962,0
V004625,Digital Ltd,A,19.75,0.725,697868.75,40,142440.94,22,0,3,0.1694,0
V004626,Tech Solutions,B,20.09375,0.84375,529348.32,32,344458.99,29,1,1,0.1658,0
V004627,Infra BV,A,23.647058823529413,0.7647058823529411,266892.77999999997,34,156436.29,23,0,1,0.2227,0
V004628,Inter Partners,C,17.78723404255319,0.7021276595744681,987625.0700000001,47,226808.27,27,2,3,0.3727,0
V004629,Pharma Pvt Ltd,B,22.155555555555555,0.7777777777777778,573017.49,45,163713.98,25,1,3,0.0547,0
V004630,Energy Enterprises,A,23.07843137254902,0.7647058823529411,516186.14,51,82168.49,11,0,1,0.1614,0
V004631,Trans Inc,B,18.08695652173913,0.7608695652173914,448577.3,46,182223.77,27,1,3,0.1556,0
V004632,Net Services,B,27.67391304347826,0.782608695652174,749656.1900000001,46,529908.27,34,1,0,0.3357,0
V004633,Beta Partners,B,20.82051282051282,0.7435897435897436,600924.94,39,487709.73000000004,24,1,0,0.1585,0
V004634,Agro Enterprises,B,16.789473684210527,0.7631578947368421,656330.39,38,269251.73,18,1,3,0.2088,0
V004635,Pro Enterprises,C,26.464285714285715,0.8392857142857143,712915.85,56,342065.47,20,2,1,0.1476,0
V004636,Beta BV,D,25.62162162162162,0.7297297297297297,556045.14,37,68285.94,13,3,1,0.367,0
V004637,Prime Services,B,18.862745098039216,0.7450980392156863,991483.67,51,331269.41,17,1,2,0.2665,0
V004638,Tech Inc,B,25.727272727272727,0.8409090909090909,639667.9,44,418539.73,43,1,1,0.1277,0
V004639,Logis Ltd,D,21.26,0.74,779376.97,50,152471.49000000002,19,3,3,0.1639,0
V004640,Net AG,A,29.102564102564102,0.8974358974358975,297828.15,39,217682.72,27,0,1,0.4492,0
V004641,Tech Associates,A,17.57777777777778,0.6888888888888889,599288.73,45,443826.98000000004,25,0,3,0.3057,0
V004642,Infra GmbH,C,21.666666666666668,0.7948717948717948,510340.35000000003,39,419350.14999999997,30,2,0,0.0786,0
V004643,Logis GmbH,A,24.91304347826087,0.8260869565217391,701255.12,46,157117.28,19,0,1,0.1081,0
V004644,Sigma Partners,C,22.121951219512194,0.7804878048780488,679031.26,41,379936.4,29,2,2,0.0863,0
V004645,Alpha Solutions,C,23.783783783783782,0.7837837837837838,346485.86,37,447855.2,32,2,0,0.1556,0
V004646,Tech Partners,B,18.03921568627451,0.6862745098039216,722006.43,51,148975.76,24,1,3,0.3003,0
V004647,Infra Services,A,24.871794871794872,0.8717948717948718,849546.63,39,528580.01,22,0,2,0.3127,0
V004648,Pharma Solutions,D,28.651162790697676,0.8604651162790697,430962.8,43,180349.96,21,3,1,0.2671,0
V004649,Pharma Enterprises,A,16.26086956521739,0.8043478260869565,752513.12,46,249151.62,23,0,3,0.2868,0
V004650,Pharma AG,B,21.857142857142858,0.8095238095238095,706454.66,42,185651.55,20,1,2,0.0626,0
V004651,Beta Group,C,15.206896551724139,0.6896551724137931,437999.21,29,532371.15,20,2,3,0.4873,0
V004652,Eco BV,A,20.6,0.775,493785.0,40,395448.97000000003,23,0,3,0.0857,0
V004653,Tech Industries,B,23.122448979591837,0.7755102040816326,689810.11,49,211514.66,17,1,2,0.0628,0
V004654,Metal Ltd,A,16.84313725490196,0.7647058823529411,636147.77,51,509055.28,26,0,3,0.3044,0
V004655,Inter Partners,A,25.568181818181817,0.75,647050.87,44,191105.72999999998,24,0,1,0.2041,0
V004656,Inter GmbH,A,27.24390243902439,0.9024390243902439,712700.3400000001,41,163916.92,19,0,1,0.3233,0
V004657,Epsilon Inc,B,23.38095238095238,0.8095238095238095,496885.98,42,155178.06,21,1,1,0.0406,0
V004658,Global GmbH,B,27.742857142857144,0.8285714285714286,571061.83,35,241397.90000000002,10,1,1,0.1564,0
V004659,Alpha Corp,A,14.333333333333334,0.5833333333333334,470824.52,36,232795.21,28,0,3,0.6688,1
V004660,Digital Group,C,16.967741935483872,0.6774193548387096,359930.54,31,139495.05,24,2,3,0.3873,0
V004661,Infra Ltd,C,22.644444444444446,0.7777777777777778,551322.45,45,338586.3,20,2,1,0.041,0
V004662,Energy Inc,A,28.457142857142856,0.8857142857142857,288403.77,35,416588.97000000003,23,0,1,0.4363,0
V004663,Smart GmbH,C,16.97142857142857,0.7714285714285715,415642.04,35,445634.44,19,2,3,0.2497,0
V004664,Logis Industries,A,19.24390243902439,0.7073170731707317,608457.04,41,337456.6,29,0,3,0.1624,0
V004665,Infra Partners,A,19.289473684210527,0.6842105263157895,563263.4,38,599661.51,22,0,0,0.3946,0
V004666,Epsilon AG,C,19.551020408163264,0.7142857142857143,489134.61,49,240748.38,19,2,3,0.126,0
V004667,Delta Associates,A,23.2972972972973,0.918918918918919,259549.21,37,776037.3,25,0,0,0.6496,1
V004668,Uni Pvt Ltd,A,18.742857142857144,0.8571428571428571,302067.54,35,219280.83000000002,16,0,1,0.3106,0
V004669,Tech Ltd,B,26.0,0.8809523809523809,998240.29,42,424719.60000000003,19,1,2,0.3496,0
V004670,Logis Pvt Ltd,A,21.34285714285714,0.7714285714285715,246680.35,35,213093.99,25,0,3,0.1967,0
V004671,Uni Services,B,17.11764705882353,0.6764705882352942,495035.89999999997,34,378336.4,21,1,3,0.287,0
V004672,Net Partners,B,17.5609756097561,0.6341463414634146,932415.5599999999,41,162527.1,20,1,3,0.6021,1
V004673,Delta Associates,B,30.0,0.9215686274509803,1042207.37,51,244720.0,26,1,2,0.6677,1
V004674,Net Associates,B,23.82051282051282,0.8205128205128205,474967.13,39,331936.22000000003,33,1,1,0.0414,0
V004675,Epsilon Solutions,B,25.05,0.8,358727.96,40,397310.87,21,1,1,0.1443,0
V004676,Sigma Enterprises,C,20.27777777777778,0.7962962962962963,529278.91,54,151572.63,24,2,3,0.0847,0
V004677,Epsilon AG,C,18.523809523809526,0.7619047619047619,899750.38,42,161399.94,20,2,2,0.2673,0
V004678,Agro AG,C,23.479166666666668,0.7708333333333334,1332423.74,48,562950.87,24,2,2,0.5588,1
V004679,Beta Ltd,B,23.372093023255815,0.7674418604651163,412769.82,43,210534.57,27,1,1,0.049,0
V004680,Infra Solutions,C,25.606060606060606,0.7878787878787878,409835.38,33,295735.53,20,2,1,0.0983,0
V004681,Eco Enterprises,C,24.228571428571428,0.7714285714285715,663595.15,35,495976.41000000003,23,2,0,0.1527,0
V004682,Alpha Inc,C,19.58974358974359,0.7692307692307693,389754.01,39,191534.44999999998,23,2,3,0.1096,0
V004683,Inter Group,B,23.62857142857143,0.8285714285714286,356776.93,35,445554.04000000004,28,1,1,0.1511,0
V004684,Uni Enterprises,A,26.666666666666668,0.7777777777777778,344670.11,36,1086344.76,19,0,0,0.7148,1
V004685,Energy Ltd,B,20.435897435897434,0.7948717948717948,413879.92,39,320889.48,26,1,3,0.0831,0
V004686,Tech Pvt Ltd,D,21.795454545454547,0.8409090909090909,812131.26,44,330053.2,28,3,2,0.156,0
V004687,Eco GmbH,D,20.48780487804878,0.7317073170731707,760796.55,41,172111.3,19,3,3,0.1518,0
V004688,Epsilon Corp,C,17.844444444444445,0.7777777777777778,1112425.82,45,162939.49,30,2,2,0.4256,0
V004689,Eco Solutions,B,28.02777777777778,0.8611111111111112,693977.87,36,234908.17,27,1,1,0.215,0
V004690,Energy Pvt Ltd,B,26.73469387755102,0.8775510204081632,407809.09,49,225432.71,23,1,1,0.1669,0
V004691,Prime Pvt Ltd,A,19.742857142857144,0.7428571428571429,360849.98,35,278458.75,25,0,3,0.115,0
V004692,Prime Industries,B,23.076923076923077,0.7948717948717948,530703.71,39,202694.41,22,1,1,0.0064,0
V004693,Net Corp,B,20.70731707317073,0.7073170731707317,718874.98,41,333460.06,31,1,3,0.2064,0
V004694,Uni Partners,A,22.568181818181817,0.8181818181818182,521906.3,44,227271.53,25,0,1,0.0224,0
V004695,Sigma BV,A,24.27027027027027,0.7837837837837838,1104212.36,37,42290.25,11,0,2,0.4649,0
V004696,Net Associates,B,25.87878787878788,0.8787878787878788,924269.67,33,248969.22999999998,28,1,2,0.2402,0
V004697,Trans Associates,A,22.285714285714285,0.8333333333333334,365987.52,42,389423.57,27,0,1,0.1394,0
V004698,Zeta Pvt Ltd,B,19.24390243902439,0.7317073170731707,1090272.78,41,372407.15,24,1,2,0.3557,0
V004699,Uni Group,B,13.820512820512821,0.5641025641025641,779397.65,39,183870.55000000002,21,1,3,0.7719,1
V004700,Beta Industries,C,22.51219512195122,0.8292682926829268,606859.58,41,313062.28,24,2,1,0.0471,0
V004701,Beta Industries,B,23.975,0.85,561788.17,40,237578.04,20,1,1,0.0565,0
V004702,Digital Partners,A,25.694444444444443,0.8888888888888888,894340.76,36,114631.97,17,0,2,0.3632,0
V004703,Smart BV,B,18.88,0.76,844438.15,50,284598.54,31,1,2,0.1987,0
V004704,Prime Inc,C,25.408163265306122,0.8571428571428571,526347.7,49,861275.37,22,2,0,0.4433,0
V004705,Pharma AG,A,22.375,0.8,530712.94,40,157899.68,20,0,1,0.0372,0
V004706,Tech Partners,B,18.25,0.7,445351.91000000003,40,197398.75,21,1,3,0.2019,0
V004707,Agro Associates,B,16.93877551020408,0.7142857142857143,504676.02,49,258489.66999999998,23,1,3,0.1731,0
V004708,Infra Partners,C,20.86842105263158,0.6842105263157895,484893.2,38,286989.43,26,2,3,0.2126,0
V004709,Beta Associates,A,20.717391304347824,0.7391304347826086,438909.08,46,265030.47,17,0,3,0.0772,0
V004710,Epsilon Ltd,C,15.875,0.675,441127.42,40,180399.28,24,2,3,0.3721,0
V004711,Alpha Industries,D,22.47222222222222,0.7777777777777778,367539.99,36,130087.84,16,3,1,0.1233,0
V004712,Infra Pvt Ltd,B,24.85185185185185,0.8888888888888888,228415.41999999998,27,155759.07,18,1,1,0.3813,0
V004713,Prime Pvt Ltd,A,25.289473684210527,0.7894736842105263,348302.96,38,220537.95,16,0,1,0.1339,0
V004714,Sigma Solutions,A,20.83783783783784,0.8378378378378378,489065.91,37,209934.67,28,0,1,0.0996,0
V004715,Zeta Industries,C,25.714285714285715,0.8285714285714286,476002.44,35,225552.55,23,2,1,0.0705,0
V004716,Tech Enterprises,A,23.38095238095238,0.8333333333333334,501245.96,42,210470.99,14,0,1,0.0338,0
V004717,Eco BV,C,22.06,0.86,598624.75,50,177749.18,27,2,1,0.1249,0
V004718,Agro GmbH,A,22.36842105263158,0.868421052631579,349359.25,38,459926.07,26,0,1,0.2621,0
V004719,Metal BV,D,21.77777777777778,0.7962962962962963,920729.85,54,607291.71,27,3,0,0.3363,0
V004720,Tech BV,A,22.48936170212766,0.8085106382978723,433549.22000000003,47,314199.31,25,0,1,0.02,0
V004721,Logis Enterprises,D,19.09259259259259,0.7777777777777778,1008499.47,54,803296.0299999999,25,3,0,0.6067,1
V004722,Digital Ltd,B,23.120689655172413,0.8103448275862069,1329214.65,58,121064.65,15,1,2,0.4972,0
V004723,Eco Ltd,C,25.625,0.8125,588898.21,32,213503.62,23,2,1,0.0632,0
V004724,Pharma Industries,B,18.477272727272727,0.75,763700.2,44,153135.56,19,1,3,0.1983,0
V004725,Metal GmbH,B,21.0,0.7659574468085106,549923.24,47,231100.93,24,1,3,0.0335,0
V004726,Energy Ltd,A,19.2972972972973,0.7837837837837838,275389.51,37,568567.59,28,0,0,0.3355,0
V004727,Logis BV,C,20.225,0.825,354952.57,40,712740.84,22,2,0,0.4258,0
V004728,Pharma Services,A,20.25581395348837,0.8372093023255814,447934.24,43,280610.09,27,0,1,0.1199,0
V004729,Trans Group,A,23.46511627906977,0.813953488372093,406169.46,43,418340.54,25,0,1,0.0832,0
V004730,Alpha Associates,A,18.047619047619047,0.7619047619047619,770171.75,42,221124.17,22,0,3,0.1808,0
V004731,Pro Partners,A,21.15,0.825,488797.52,40,554923.58,22,0,0,0.1999,0
V004732,Smart GmbH,B,25.169811320754718,0.8679245283018868,795446.07,53,209353.74,16,1,1,0.1616,0
V004733,Pharma Industries,C,23.975,0.825,493863.36,40,336540.73,20,2,1,0.0441,0
V004734,Metal Pvt Ltd,A,22.13157894736842,0.7894736842105263,655487.92,38,384894.49,24,0,2,0.0604,0
V004735,Zeta Associates,A,19.74468085106383,0.7021276595744681,427623.85000000003,47,228262.76,20,0,3,0.1656,0
V004736,Alpha Solutions,A,26.805555555555557,0.9166666666666666,515325.73,36,132923.18,18,0,1,0.3714,0
V004737,Sigma GmbH,A,30.44736842105263,0.868421052631579,608308.37,38,205079.18,22,0,1,0.4265,0
V004738,Alpha Industries,D,23.142857142857142,0.7755102040816326,875524.68,49,167183.06,27,3,2,0.1529,0
V004739,Smart Industries,B,22.381818181818183,0.7636363636363637,574538.13,55,314330.62,22,1,3,0.0481,0
V004740,Pro Solutions,A,29.612244897959183,0.8979591836734694,677754.95,49,273859.86,31,0,1,0.4098,0
V004741,Pharma Industries,A,27.0,0.813953488372093,646280.38,43,228489.98,22,0,1,0.1121,0
V004742,Uni Associates,B,22.36842105263158,0.7894736842105263,411753.82,38,624117.56,28,1,0,0.2158,0
V004743,Tech Services,A,24.659574468085108,0.8085106382978723,710200.35,47,645214.0499999999,24,0,0,0.2847,0
V004744,Infra Corp,C,21.93548387096774,0.8387096774193549,956202.47,31,542407.56,22,2,2,0.3398,0
V004745,Energy Enterprises,B,22.837209302325583,0.8604651162790697,318574.22,43,144746.22999999998,21,1,1,0.2102,0
V004746,Smart Ltd,C,22.583333333333332,0.9166666666666666,343448.01,36,428752.74,27,2,1,0.3765,0
V004747,Alpha Services,B,26.833333333333332,0.9523809523809523,391698.27,42,330136.55000000005,23,1,1,0.465,0
V004748,Delta BV,A,16.11904761904762,0.7142857142857143,339348.73,42,327224.13,24,0,3,0.3021,0
V004749,Smart GmbH,B,22.36842105263158,0.7631578947368421,445440.38,38,178579.95,24,1,3,0.0615,0
V004750,Epsilon Enterprises,C,22.613636363636363,0.8181818181818182,850454.14,44,779230.29,31,2,0,0.4315,0
V004751,Energy Industries,B,20.962962962962962,0.7407407407407407,346669.15,27,108662.94,24,1,3,0.2316,0
V004752,Inter Solutions,B,23.595238095238095,0.7619047619047619,456874.51,42,869101.87,23,1,0,0.432,0
V004753,Logis Pvt Ltd,A,15.285714285714286,0.6428571428571429,616675.21,42,384230.31,24,0,3,0.4791,0
V004754,Agro Corp,A,28.923076923076923,0.8205128205128205,693098.9,39,359110.54,21,0,1,0.3053,0
V004755,Alpha Ltd,B,27.615384615384617,0.8717948717948718,423782.73,39,247221.38,20,1,1,0.1924,0
V004756,Sigma Enterprises,A,17.19148936170213,0.7021276595744681,432929.8,47,165387.23,20,0,3,0.2563,0
V004757,Pro Group,B,19.70967741935484,0.6774193548387096,305978.13,31,239036.38999999998,21,1,3,0.2987,0
V004758,Agro Solutions,A,26.0,0.8372093023255814,530032.83,43,627660.53,29,0,0,0.2376,0
V004759,Beta GmbH,C,24.444444444444443,0.8333333333333334,475917.61,36,379272.95,28,2,1,0.0907,0
V004760,Net Solutions,B,19.272727272727273,0.7636363636363637,811980.72,55,597049.76,27,1,0,0.3612,0
V004761,Beta AG,A,25.638297872340427,0.8297872340425532,343198.81,47,165234.43,30,0,1,0.1547,0
V004762,Energy Ltd,C,24.18918918918919,0.7297297297297297,427748.96,37,133040.95,16,2,3,0.2008,0
V004763,Alpha Corp,A,25.302325581395348,0.8837209302325582,852499.4,43,386488.56,30,0,2,0.2514,0
V004764,Zeta Corp,C,31.5,0.8888888888888888,314457.42,36,153098.25,22,2,1,0.5835,1
V004765,Alpha Corp,A,22.680851063829788,0.7446808510638298,1320608.18,47,499108.82,16,0,2,0.5258,0
V004766,Pharma AG,D,21.76923076923077,0.7435897435897436,1089608.1,39,228482.59,23,3,2,0.2627,0
V004767,Net Corp,A,23.98,0.84,793130.87,50,129290.28,21,0,2,0.1638,0
V004768,Logis Group,B,17.9375,0.71875,339943.49,32,146313.83,22,1,3,0.2517,0
V004769,Energy Partners,D,27.487179487179485,0.9230769230769231,507812.36,39,460127.84,26,3,1,0.4099,0
V004770,Prime Group,B,21.771428571428572,0.7714285714285715,273403.47,35,312773.89999999997,32,1,3,0.1642,0
V004771,Agro Partners,B,20.794871794871796,0.7692307692307693,257521.82,39,207312.93000000002,29,1,3,0.1982,0
V004772,Agro Ltd,A,18.854166666666668,0.7291666666666666,454130.45999999996,48,249173.25,30,0,3,0.1164,0
V004773,Delta Pvt Ltd,A,22.952380952380953,0.7857142857142857,485421.46,42,614578.92,23,0,0,0.1848,0
V004774,Epsilon Enterprises,A,21.693877551020407,0.8367346938775511,635848.8099999999,49,282882.07,24,0,1,0.0795,0
V004775,Digital Services,C,16.08,0.76,324039.71,25,347391.08,29,2,3,0.3431,0
V004776,Beta Industries,D,20.545454545454547,0.7045454545454546,625570.35,44,234163.0,23,3,3,0.1673,0
V004777,Eco Group,A,22.04,0.82,620209.17,50,269362.05,23,0,1,0.0323,0
V004778,Zeta Industries,A,17.476190476190474,0.7619047619047619,511999.43,42,175786.88,21,0,3,0.1834,0
V004779,Zeta Partners,A,21.566666666666666,0.8,375942.31,30,574635.9400000001,29,0,0,0.2075,0
V004780,Sigma Partners,A,24.34285714285714,0.8285714285714286,781993.3,35,121055.63,14,0,2,0.1769,0
V004781,Global Ltd,A,14.585365853658537,0.6829268292682927,1036014.28,41,308287.63,25,0,3,0.575,1
V004782,Inter AG,A,31.023255813953487,0.8604651162790697,518623.8,43,143692.11000000002,19,0,1,0.4922,0
V004783,Zeta Associates,B,25.403846153846153,0.7692307692307693,604115.01,52,101014.42,13,1,1,0.2371,0
V004784,Alpha BV,A,22.956521739130434,0.717391304347826,360913.98,46,270951.97000000003,20,0,3,0.1821,0
V004785,Beta Corp,B,23.386363636363637,0.7954545454545454,410702.97,44,154803.71,17,1,1,0.055,0
V004786,Global Partners,B,18.38888888888889,0.7777777777777778,519546.94,36,268272.66000000003,12,1,3,0.1256,0
V004787,Logis Ltd,A,20.03448275862069,0.7241379310344828,186605.16999999998,29,271681.67,21,0,3,0.3487,0
V004788,Infra AG,A,26.289473684210527,0.8157894736842105,935583.74,38,407499.46,29,0,2,0.2328,0
V004789,Gamma Corp,B,20.071428571428573,0.8095238095238095,385633.77,42,173878.05,22,1,3,0.1115,0
V004790,Metal Enterprises,B,20.727272727272727,0.8409090909090909,630028.57,44,565586.36,32,1,0,0.2624,0
V004791,Uni Associates,A,25.58974358974359,0.8461538461538461,314932.1,39,440232.0,24,0,1,0.2173,0
V004792,Delta Corp,B,20.387096774193548,0.7419354838709677,619266.19,31,293737.02999999997,25,1,3,0.0871,0
V004793,Global Enterprises,C,27.3125,0.84375,318192.99,32,328547.85,26,2,1,0.2335,0
V004794,Energy Partners,B,28.7,0.85,369169.13,40,217634.09999999998,25,1,1,0.2783,0
V004795,Delta AG,C,22.941176470588236,0.803921568627451,1145095.87,51,468278.98000000004,21,2,2,0.3359,0
V004796,Infra Enterprises,B,19.894736842105264,0.7894736842105263,322352.01,38,353218.92,26,1,3,0.1709,0
V004797,Beta AG,B,24.390243902439025,0.8536585365853658,583284.76,41,316621.97,17,1,1,0.0768,0
V004798,Gamma Solutions,A,15.4,0.7,333227.33999999997,30,580060.3,28,0,3,0.4772,0
V004799,Smart Enterprises,B,27.170212765957448,0.8936170212765957,455602.07,47,229182.67,21,1,1,0.2176,0
V004800,Global Enterprises,C,21.594594594594593,0.7837837837837838,341369.43,37,206237.96,26,2,3,0.0861,0
V004801,Pharma Associates,A,22.830188679245282,0.7924528301886793,1141843.94,53,208273.96,16,0,2,0.2758,0
V004802,Epsilon Associates,D,22.318181818181817,0.7727272727272727,677325.3,44,180282.08000000002,20,3,3,0.075,0
V004803,Logis Corp,A,26.232558139534884,0.813953488372093,722977.74,43,289988.96,21,0,1,0.1154,0
V004804,Delta Ltd,A,23.395833333333332,0.7916666666666666,966302.8099999999,48,398219.81,22,0,2,0.1792,0
V004805,Beta Ltd,B,22.463414634146343,0.8048780487804879,918087.01,41,324555.45999999996,22,1,2,0.1346,0
V004806,Uni Ltd,B,21.871794871794872,0.7692307692307693,1120556.79,39,334761.63,25,1,2,0.2649,0
V004807,Smart Inc,C,27.735294117647058,0.8235294117647058,325835.51,34,215644.84,16,2,1,0.2418,0
V004808,Pro Services,C,18.644444444444446,0.7333333333333333,574844.9,45,426830.44,21,2,3,0.1806,0
V004809,Uni Corp,D,25.714285714285715,0.7857142857142857,390199.02999999997,42,265382.39,27,3,1,0.118,0
V004810,Prime Services,A,27.236842105263158,0.8421052631578947,772229.35,38,258871.38,18,0,1,0.176,0
V004811,Infra Ltd,B,18.75,0.7291666666666666,859543.71,48,195773.61,20,1,3,0.25,0
V004812,Trans BV,B,18.956521739130434,0.6739130434782609,765707.04,46,256462.78,26,1,3,0.2842,0
V004813,Alpha AG,A,20.254901960784313,0.7450980392156863,616348.05,51,158240.42,22,0,3,0.1171,0
V004814,Energy BV,C,19.02857142857143,0.6571428571428571,709052.63,35,169136.79,17,2,3,0.3203,0
V004815,Pro Inc,C,18.75,0.7083333333333334,1036822.9500000001,48,570331.21,23,2,2,0.5331,0
V004816,Eco Solutions,D,23.29787234042553,0.7872340425531915,883063.75,47,195237.9,26,3,2,0.1384,0
V004817,Smart Enterprises,C,18.61764705882353,0.7352941176470589,324234.4,34,369202.66,22,2,3,0.2308,0
V004818,Sigma AG,C,28.416666666666668,0.8888888888888888,412816.77999999997,36,598594.15,25,2,0,0.4442,0
V004819,Gamma Solutions,B,23.355555555555554,0.8,539539.82,45,236186.52000000002,23,1,1,0.0,0
V004820,Tech Services,A,26.075,0.8,991520.5700000001,40,403116.22,23,0,2,0.2659,0
V004821,Infra Industries,A,19.67924528301887,0.7924528301886793,462446.44,53,260322.58,25,0,3,0.0922,0
V004822,Prime AG,A,23.813953488372093,0.813953488372093,357590.74,43,183209.03,16,0,1,0.0812,0
V004823,Agro Solutions,B,23.84375,0.84375,362102.16,32,194311.1,19,1,1,0.0995,0
V004824,Prime Pvt Ltd,A,23.545454545454547,0.8484848484848485,348906.2,33,382268.67,20,0,1,0.1572,0
V004825,Agro Corp,B,20.0,0.7037037037037037,725467.14,54,852807.78,24,1,0,0.5984,1
V004826,Uni Solutions,B,21.714285714285715,0.8095238095238095,703883.96,42,221560.75,19,1,2,0.0636,0
V004827,Eco Associates,D,24.404255319148938,0.8085106382978723,497483.57,47,239743.21,16,3,1,0.0281,0
V004828,Pro BV,A,23.813953488372093,0.813953488372093,1265995.5,43,383825.29,27,0,2,0.4086,0
V004829,Inter Group,A,25.08695652173913,0.8695652173913043,487528.3,46,611623.63,16,0,0,0.2534,0
V004830,Agro Industries,D,25.3,0.88,708670.78,50,197037.16,20,3,1,0.1673,0
V004831,Metal AG,B,23.775,0.775,438375.81,40,138446.53,14,1,1,0.0809,0
V004832,Metal BV,C,25.225806451612904,0.8387096774193549,649184.61,31,246577.56,23,2,1,0.0836,0
V004833,Epsilon Partners,C,22.652173913043477,0.782608695652174,516765.68,46,167849.16999999998,22,2,1,0.0447,0
V004834,Alpha BV,B,29.894736842105264,0.9210526315789473,376930.71,38,365434.79000000004,15,1,1,0.551,1
V004835,Metal Group,B,26.558139534883722,0.8372093023255814,537327.18,43,173900.31,21,1,1,0.1138,0
V004836,Pro Services,A,18.97826086956522,0.782608695652174,451823.86,46,205129.9,25,0,3,0.1064,0
V004837,Gamma Pvt Ltd,C,25.953488372093023,0.7906976744186046,696039.75,43,334072.37,24,2,1,0.1394,0
V004838,Beta Group,A,22.53846153846154,0.8205128205128205,570000.29,39,347129.94,18,0,1,0.0556,0
V004839,Logis Enterprises,B,23.25,0.85,384260.75,40,449313.03,28,1,1,0.17,0
V004840,Sigma Corp,B,27.324324324324323,0.8918918918918919,454469.1,37,272596.39,25,1,1,0.2321,0
V004841,Beta Industries,A,20.91891891891892,0.8108108108108109,379499.13,37,169213.27000000002,23,0,1,0.0908,0
V004842,Energy GmbH,B,22.756756756756758,0.8648648648648649,402103.99,37,182552.91,19,1,1,0.1311,0
V004843,Agro Industries,A,26.342105263157894,0.8157894736842105,465648.55,38,173103.13,20,0,1,0.1094,0
V004844,Sigma AG,D,21.170212765957448,0.8085106382978723,625548.0599999999,47,178772.04,20,3,1,0.0531,0
V004845,Sigma Industries,C,23.18918918918919,0.8108108108108109,455063.43,37,101012.70000000001,14,2,1,0.126,0
V004846,Sigma Enterprises,A,19.94736842105263,0.8157894736842105,401123.5,38,249943.55,19,0,3,0.0996,0
V004847,Agro AG,C,25.973684210526315,0.7894736842105263,506310.78,38,238477.91,24,2,1,0.0885,0
V004848,Logis Ltd,C,18.64814814814815,0.7777777777777778,576475.49,54,242655.91,26,2,3,0.1156,0
V004849,Agro Enterprises,B,27.135135135135137,0.918918918918919,285675.49,37,252322.99,27,1,1,0.4317,0
V004850,Delta BV,D,25.575757575757574,0.7575757575757576,424765.67,33,332659.14999999997,21,3,1,0.1632,0
V004851,Trans Services,A,18.612244897959183,0.7755102040816326,922927.2100000001,49,175245.21,19,0,2,0.2616,0
V004852,Logis Industries,A,27.17241379310345,0.8275862068965517,826066.29,58,149443.22,16,0,2,0.2341,0
V004853,Prime Partners,A,27.959183673469386,0.8571428571428571,478942.29,49,237368.98,22,0,1,0.1765,0
V004854,Zeta AG,C,21.3125,0.7708333333333334,508223.22,48,196536.02,17,2,3,0.0501,0
V004855,Tech Services,A,19.05263157894737,0.7368421052631579,465489.16,38,479074.69,32,0,3,0.1789,0
V004856,Net Partners,A,22.5,0.75,318190.61,40,307380.88,29,0,3,0.1571,0
V004857,Agro Ltd,B,23.86,0.8,920101.85,50,404100.88,30,1,2,0.1618,0
V004858,Tech Services,B,26.025641025641026,0.8717948717948718,725790.4,39,322208.56,20,1,1,0.1504,0
V004859,Global Pvt Ltd,B,22.5609756097561,0.8048780487804879,845671.38,41,273845.71,20,1,2,0.1084,0
V004860,Inter AG,A,23.216216216216218,0.7027027027027027,343440.87,37,567864.46,22,0,0,0.37,0
V004861,Inter Associates,C,17.32608695652174,0.8043478260869565,427003.88,46,998699.07,29,2,0,0.6577,1
V004862,Digital Partners,B,20.91176470588235,0.7058823529411765,587691.08,34,332882.29,23,1,3,0.1754,0
V004863,Uni Pvt Ltd,A,24.75609756097561,0.8048780487804879,449527.01,41,419199.9,27,0,1,0.0884,0
V004864,Prime Enterprises,A,24.3265306122449,0.8367346938775511,795039.3,49,410720.62,22,0,2,0.141,0
V004865,Pharma Inc,A,22.80952380952381,0.7857142857142857,449386.75,42,159056.79,26,0,1,0.0547,0
V004866,Trans Group,A,21.36842105263158,0.7017543859649122,747048.95,57,211769.43,22,0,3,0.2228,0
V004867,Agro Corp,A,18.925,0.725,721966.73,40,265116.74,17,0,3,0.1484,0
V004868,Infra AG,C,24.03921568627451,0.8627450980392157,858635.13,51,970005.01,23,2,0,0.6095,1
V004869,Logis BV,B,24.23404255319149,0.7659574468085106,702248.77,47,78432.02,18,1,1,0.2469,0
V004870,Pharma Inc,A,20.7,0.78,499056.0,50,442895.83999999997,28,0,0,0.108,0
V004871,Delta Services,C,21.463414634146343,0.8292682926829268,583421.94,41,217369.53999999998,15,2,1,0.0615,0
V004872,Epsilon Inc,A,19.829268292682926,0.7560975609756098,545129.74,41,70089.64,17,0,3,0.2211,0
V004873,Pharma Corp,C,21.275,0.875,647871.0800000001,40,283669.08,17,2,1,0.2016,0
V004874,Smart Services,B,22.878048780487806,0.7560975609756098,393179.56,41,271150.25,26,1,3,0.0793,0
V004875,Metal Industries,A,17.972972972972972,0.7567567567567568,481271.86000000004,37,311507.67,32,0,3,0.1321,0
V004876,Eco BV,A,20.470588235294116,0.7450980392156863,494267.38,51,593874.9,36,0,0,0.2224,0
V004877,Trans GmbH,C,18.020408163265305,0.6530612244897959,708717.16,49,197896.27,27,2,3,0.3417,0
V004878,Logis Inc,B,26.675675675675677,0.8918918918918919,345876.73,37,107821.35,24,1,1,0.3744,0
V004879,Trans Associates,B,27.127659574468087,0.8723404255319149,628792.54,47,124286.26999999999,18,1,1,0.241,0
V004880,Eco Services,A,22.767441860465116,0.7906976744186046,318132.94,43,300721.4,22,0,1,0.1014,0
V004881,Inter AG,B,27.12,0.84,785705.25,50,244365.02,24,1,1,0.1671,0
V004882,Logis GmbH,C,21.0,0.6744186046511628,534465.13,43,438985.94,20,2,3,0.3,0
V004883,Pharma Industries,B,27.425531914893618,0.8297872340425532,805849.34,47,236351.83,25,1,1,0.2052,0
V004884,Tech Solutions,C,25.944444444444443,0.75,754495.06,36,225642.34,20,2,2,0.2352,0
V004885,Sigma Associates,B,23.19047619047619,0.7619047619047619,1037320.64,42,200347.59000000003,20,1,2,0.2326,0
V004886,Sigma Partners,A,29.043478260869566,0.8695652173913043,727238.88,46,286670.44,26,0,1,0.3357,0
V004887,Gamma Corp,A,25.023809523809526,0.7857142857142857,821942.9800000001,42,716647.69,26,0,0,0.4233,0
V004888,Inter Services,C,24.61111111111111,0.8333333333333334,673639.5599999999,36,245866.2,24,2,1,0.0721,0
V004889,Epsilon Enterprises,C,26.12,0.8,603475.26,50,173373.55000000002,23,2,1,0.1186,0
V004890,Uni Ltd,D,23.31578947368421,0.7894736842105263,545935.91,38,271949.87,18,3,1,0.0062,0
V004891,Logis BV,A,23.51063829787234,0.7872340425531915,775351.42,47,296552.37,25,0,2,0.0842,0
V004892,Gamma Enterprises,B,22.836734693877553,0.7959183673469388,402976.02,49,958472.9299999999,25,1,0,0.4842,0
V004893,Sigma GmbH,B,19.846153846153847,0.7307692307692307,894233.03,52,161530.81,22,1,2,0.2423,0
V004894,Global Solutions,A,22.451612903225808,0.7741935483870968,380349.87,31,573021.99,26,0,0,0.1849,0
V004895,Inter Partners,D,16.945945945945947,0.7297297297297297,446369.3,37,170994.46,21,3,3,0.2127,0
V004896,Trans Pvt Ltd,C,25.321428571428573,0.75,325207.11,28,453994.29,24,2,0,0.2744,0
V004897,Beta Services,D,22.86,0.9,1262507.88,50,176036.24,17,3,2,0.5506,1
V004898,Smart Solutions,C,15.604651162790697,0.6511627906976745,575050.55,43,364323.83,26,2,3,0.4225,0
V004899,Pro Inc,A,20.38888888888889,0.7777777777777778,493809.37,36,262205.94,20,0,3,0.0422,0
V004900,Digital GmbH,A,20.666666666666668,0.7142857142857143,406256.34,42,236644.84,23,0,3,0.1465,0
V004901,Eco Pvt Ltd,C,25.5,0.8,1136127.67,50,279473.02,27,2,2,0.3376,0
V004902,Logis Services,B,24.565217391304348,0.8478260869565217,357029.61,46,554155.5,13,1,0,0.2193,0
V004903,Delta Services,C,22.944444444444443,0.8333333333333334,780636.91,36,66116.31999999999,10,2,2,0.2688,0
V004904,Tech Group,B,24.595238095238095,0.8095238095238095,364046.74,42,183157.33000000002,18,1,1,0.0953,0
V004905,Metal Services,A,20.489795918367346,0.7755102040816326,680856.1799999999,49,755837.5,25,0,0,0.3947,0
V004906,Agro Enterprises,A,17.97222222222222,0.7222222222222222,496751.59,36,480218.74,19,0,3,0.2154,0
V004907,Infra Partners,A,17.914893617021278,0.6808510638297872,1162672.15,47,268752.69,30,0,2,0.5408,0
V004908,Eco Associates,B,21.641025641025642,0.7692307692307693,473393.46,39,241746.92,24,1,3,0.0369,0
V004909,Alpha BV,A,21.047619047619047,0.6904761904761905,276577.54,42,300232.47,19,0,3,0.3131,0
V004910,Metal Group,C,17.72972972972973,0.6756756756756757,378910.98,37,626473.42,26,2,3,0.4863,0
V004911,Prime Enterprises,B,26.314285714285713,0.8857142857142857,573445.74,35,585636.9,25,1,0,0.3158,0
V004912,Pro BV,C,17.68888888888889,0.7111111111111111,976082.23,45,988593.5099999999,29,2,0,0.7894,1
V004913,Uni Pvt Ltd,A,18.224137931034484,0.7068965517241379,1021084.23,58,352683.37,26,0,2,0.3828,0
V004914,Metal Solutions,C,26.82456140350877,0.8245614035087719,691968.42,57,179331.92,26,2,1,0.1469,0
V004915,Metal Associates,D,22.29090909090909,0.8,791627.73,55,237427.91,23,3,2,0.0816,0
V004916,Agro Inc,A,25.866666666666667,0.8222222222222222,885136.67,45,271402.32,24,0,2,0.1744,0
V004917,Net Industries,B,20.975609756097562,0.8048780487804879,474002.77,41,420953.94,20,1,0,0.1048,0
V004918,Metal Partners,A,22.870967741935484,0.7741935483870968,442469.4,31,319367.86,28,0,1,0.0443,0
V004919,Smart Corp,A,26.38888888888889,0.8611111111111112,586254.65,36,110038.02,20,0,1,0.2069,0
V004920,Logis Services,A,19.78125,0.8125,483437.66,32,139167.24,16,0,3,0.1396,0
V004921,Inter Solutions,B,22.30952380952381,0.7619047619047619,846984.01,42,190129.25,19,1,2,0.1474,0
V004922,Pharma Corp,A,14.720930232558139,0.6976744186046512,698708.96,43,235968.99,20,0,3,0.4044,0
V004923,Eco Enterprises,B,19.61904761904762,0.7380952380952381,475548.76,42,380429.38,28,1,3,0.1188,0
V004924,Global BV,A,25.710526315789473,0.868421052631579,287965.52,38,158337.24,12,0,1,0.2583,0
V004925,Prime Services,D,25.666666666666668,0.8717948717948718,502026.37,39,188791.2,16,3,1,0.1145,0
V004926,Delta GmbH,A,16.02777777777778,0.5555555555555556,294638.33,36,141506.31,18,0,3,0.6937,1
V004927,Prime Ltd,B,22.65909090909091,0.7727272727272727,920520.21,44,383083.70999999996,31,1,2,0.1534,0
V004928,Uni Inc,A,17.473684210526315,0.8421052631578947,263700.02999999997,38,245433.87000000002,21,0,3,0.3455,0
V004929,Uni Solutions,D,20.878048780487806,0.7804878048780488,864304.62,41,285873.36,20,3,2,0.1332,0
V004930,Inter Industries,C,15.606060606060606,0.8181818181818182,680336.69,33,310726.95,25,2,3,0.3173,0
V004931,Beta Partners,C,21.27659574468085,0.7659574468085106,872859.25,47,147934.79,19,2,2,0.1869,0
V004932,Pharma Services,A,24.485714285714284,0.8285714285714286,690181.71,35,248611.27,22,0,1,0.0712,0
V004933,Sigma Associates,C,19.38235294117647,0.7352941176470589,731008.75,34,139650.52,16,2,3,0.1941,0
V004934,Smart GmbH,A,13.310344827586206,0.7241379310344828,231163.76,29,682174.6,28,0,3,0.7001,1
V004935,Digital GmbH,B,24.4375,0.84375,370709.47,32,168355.88,20,1,1,0.1073,0
V004936,Trans Solutions,A,18.522727272727273,0.7045454545454546,605931.78,44,407570.25,29,0,3,0.2219,0
V004937,Delta AG,A,26.594594594594593,0.8378378378378378,347591.58,37,168874.01,20,0,1,0.1895,0
V004938,Delta Corp,D,23.5625,0.8125,382127.84,32,431128.67,25,3,1,0.1068,0
V004939,Energy Pvt Ltd,A,23.4390243902439,0.7804878048780488,551584.13,41,348300.31,18,0,1,0.0499,0
V004940,Beta Ltd,D,26.733333333333334,0.8833333333333333,756535.64,60,115369.81999999999,18,3,1,0.3005,0
V004941,Pro Associates,B,20.1875,0.84375,248983.9,32,971083.18,25,1,0,0.7003,1
V004942,Energy Pvt Ltd,A,30.613636363636363,0.9090909090909091,773399.72,44,373248.0,28,0,1,0.5627,1
V004943,Inter Ltd,B,19.516129032258064,0.7741935483870968,299249.42,31,199582.48,23,1,3,0.177,0
V004944,Logis Pvt Ltd,B,18.523809523809526,0.7619047619047619,492242.74,42,631365.95,34,1,0,0.2943,0
V004945,Infra Associates,B,26.5,0.8333333333333334,388059.21,36,342514.22,19,1,1,0.158,0
V004946,Epsilon Partners,C,14.53125,0.65625,419647.9,32,382933.38,26,2,3,0.5051,0
V004947,Infra Corp,B,25.13888888888889,0.8055555555555556,531471.94,36,169187.49,21,1,1,0.0618,0
V004948,Smart Services,D,22.46938775510204,0.8367346938775511,510478.96,49,227771.92,26,3,1,0.0531,0
V004949,Beta Enterprises,C,22.057142857142857,0.7428571428571429,442582.27,35,140896.75,19,2,3,0.1162,0
V004950,Sigma Group,A,28.071428571428573,0.9285714285714286,352382.15,42,170098.33,13,0,1,0.4831,0
V004951,Zeta Associates,B,23.851063829787233,0.8297872340425532,521649.43,47,251073.15,26,1,1,0.0291,0
V004952,Pharma GmbH,B,21.9375,0.71875,505818.26,32,426396.22,20,1,3,0.1774,0
V004953,Infra Ltd,B,19.0,0.7446808510638298,683522.68,47,167882.7,21,1,3,0.1377,0
V004954,Net Pvt Ltd,B,23.06896551724138,0.7586206896551724,616643.8,58,347515.07,26,1,3,0.0807,0
V004955,Alpha Services,A,18.466666666666665,0.7,506362.04,30,159484.19,23,0,3,0.2056,0
V004956,Delta Enterprises,A,26.333333333333332,0.7916666666666666,581810.08,48,217070.27,26,0,1,0.1052,0
V004957,Uni BV,D,18.604166666666668,0.75,620983.54,48,173204.62,22,3,3,0.1463,0
V004958,Uni Pvt Ltd,A,18.675675675675677,0.7567567567567568,607943.21,37,306914.36,23,0,3,0.1249,0
V004959,Trans Ltd,A,15.254901960784315,0.7058823529411765,722536.5800000001,51,252022.15,25,0,3,0.3263,0
V004960,Zeta Partners,C,26.67391304347826,0.8913043478260869,550043.29,46,529829.7899999999,19,2,1,0.2981,0
V004961,Digital Associates,B,21.38,0.74,771157.72,50,294806.55,17,1,3,0.12,0
V004962,Global Services,A,20.127659574468087,0.7872340425531915,887962.76,47,190934.39,23,0,2,0.1822,0
V004963,Gamma Services,C,22.282608695652176,0.8260869565217391,915399.35,46,207134.96,19,2,2,0.1436,0
V004964,Alpha Solutions,B,23.666666666666668,0.7435897435897436,544607.64,39,183423.33,23,1,3,0.1052,0
V004965,Epsilon BV,B,20.41176470588235,0.7058823529411765,347944.18,51,466199.59,31,1,3,0.2857,0
V004966,Smart BV,B,29.07843137254902,0.803921568627451,451292.2,51,443736.02999999997,27,1,1,0.3541,0
V004967,Sigma Ltd,C,27.74418604651163,0.9302325581395349,834737.53,43,137998.12,12,2,1,0.529,0
V004968,Logis Group,C,13.615384615384615,0.6666666666666666,290077.46,39,320675.02,25,2,3,0.5836,1
V004969,Inter Enterprises,B,21.458333333333332,0.7708333333333334,704441.02,48,412600.8,26,1,2,0.1159,0
V004970,Infra Group,B,20.302325581395348,0.8372093023255814,476881.23,43,237926.62,25,1,1,0.1163,0
V004971,Pharma GmbH,A,19.096774193548388,0.6774193548387096,527437.9299999999,31,582526.35,26,0,3,0.3888,0
V004972,Metal Ltd,B,24.18,0.78,527018.77,50,237465.58,23,1,1,0.0362,0
V004973,Tech Industries,B,23.322580645161292,0.7741935483870968,447080.6,31,246843.71,23,1,1,0.0308,0
V004974,Uni Corp,C,25.536585365853657,0.8292682926829268,539551.15,41,361136.01,29,2,1,0.0823,0
V004975,Delta Solutions,A,25.473684210526315,0.8421052631578947,508369.82,38,417724.47,25,0,1,0.1121,0
V004976,Zeta Associates,C,16.904761904761905,0.6428571428571429,589268.16,42,430735.03,23,2,3,0.4383,0
V004977,Alpha Group,A,22.70731707317073,0.7317073170731707,513531.41,41,97496.14,15,0,3,0.2108,0
V004978,Gamma Associates,B,26.475,0.8,426478.16,40,188747.51,23,1,1,0.1261,0
V004979,Beta BV,A,25.44736842105263,0.7105263157894737,553790.44,38,352308.22000000003,21,0,3,0.2892,0
V004980,Zeta Services,B,17.214285714285715,0.6428571428571429,455958.97,42,433022.64,24,1,3,0.4332,0
V004981,Global Industries,A,25.085106382978722,0.8085106382978723,779946.13,47,145189.35,20,0,2,0.1452,0
V004982,Epsilon Inc,B,24.833333333333332,0.8809523809523809,487885.5,42,487282.07,27,1,1,0.2077,0
V004983,Smart Inc,B,22.705882352941178,0.8529411764705882,727079.04,34,165841.85,27,1,1,0.1272,0
V004984,Zeta Enterprises,A,16.533333333333335,0.6888888888888889,578090.18,45,368912.45,23,0,3,0.2959,0
V004985,Alpha Pvt Ltd,C,26.215686274509803,0.803921568627451,689473.68,51,462386.64,26,2,0,0.1801,0
V004986,Digital AG,B,15.166666666666666,0.7142857142857143,927341.0,42,264862.63,23,1,3,0.4524,0
V004987,Logis BV,B,25.225,0.85,269975.89,40,117348.52,18,1,1,0.3004,0
V004988,Delta Pvt Ltd,A,17.818181818181817,0.75,909140.99,44,347220.31,27,0,2,0.2608,0
V004989,Zeta Industries,B,24.21875,0.6875,804489.4099999999,32,324704.8,16,1,2,0.3372,0
V004990,Zeta Solutions,A,28.675,0.825,1042996.4299999999,40,202336.41,26,0,2,0.4311,0
V004991,Beta Group,C,25.695652173913043,0.8478260869565217,751025.1599999999,46,445636.06,27,2,1,0.1679,0
V004992,Smart Solutions,C,21.428571428571427,0.7857142857142857,1001366.21,56,162279.03,23,2,2,0.2362,0
V004993,Agro Associates,A,29.054054054054053,0.8648648648648649,439995.76,37,427012.41,24,0,1,0.3638,0
V004994,Gamma GmbH,A,18.595238095238095,0.7380952380952381,639167.08,42,231081.92,23,0,3,0.1328,0
V004995,Infra Solutions,B,22.547619047619047,0.7619047619047619,570969.43,42,267181.1,22,1,3,0.0463,0
V004996,Smart GmbH,C,23.416666666666668,0.8333333333333334,1118168.22,48,176866.84,18,2,2,0.2849,0
V004997,Infra Inc,A,20.76,0.72,564222.59,50,125119.47,18,0,3,0.1788,0
V004998,Infra Partners,A,20.636363636363637,0.7727272727272727,639399.02,44,480681.27,29,0,0,0.1506,0
V004999,Delta Inc,B,23.428571428571427,0.8571428571428571,685579.3,49,301505.96,29,1,1,0.0925,0
V005000,Agro Solutions,A,23.515151515151516,0.8787878787878788,291999.82,33,494160.7,24,0,1,0.3189,0
V005001,Eco Solutions,B,16.38888888888889,0.75,660347.46,36,242806.73,23,1,3,0.2163,0
V005002,Delta Solutions,C,29.236842105263158,0.8421052631578947,505654.71,38,122313.86,13,2,1,0.375,0
V005003,Eco Corp,A,26.47826086956522,0.8478260869565217,455042.24,46,402912.9,26,0,1,0.1529,0
V005004,Alpha GmbH,D,20.137931034482758,0.8275862068965517,481958.36,29,269740.63,33,3,1,0.1013,0
V005005,Pharma AG,B,27.02173913043478,0.8478260869565217,1491333.96,46,249632.35,20,1,2,0.592,1
V005006,Pharma BV,A,26.966666666666665,0.8666666666666667,931998.05,30,878777.25,25,0,0,0.6392,1
V005007,Tech Services,B,25.244897959183675,0.7551020408163265,534979.24,49,259868.97,34,1,1,0.1203,0
V005008,Smart Solutions,B,16.36842105263158,0.6578947368421053,630912.1100000001,38,349464.99,19,1,3,0.3519,0
V005009,Epsilon Associates,B,24.58,0.88,998733.01,50,327228.39,27,1,2,0.2824,0
V005010,Eco GmbH,C,24.05128205128205,0.7948717948717948,577481.28,39,242179.24000000002,18,2,1,0.0174,0
V005011,Metal Pvt Ltd,A,26.69090909090909,0.8363636363636363,897988.43,55,453737.3,26,0,2,0.2767,0
V005012,Inter Partners,B,20.682926829268293,0.7560975609756098,561512.67,41,398811.56,29,1,3,0.1049,0
V005013,Epsilon Inc,C,18.627906976744185,0.7674418604651163,896053.4500000001,43,417461.05,22,2,2,0.2813,0
V005014,Global Ltd,B,18.59375,0.59375,202821.76,32,272806.71,23,1,3,0.6341,1
V005015,Infra GmbH,A,26.477272727272727,0.75,816879.34,44,122672.37,13,0,2,0.3733,0
V005016,Sigma Ltd,B,18.2,0.76,586396.13,50,200494.19,20,1,3,0.1412,0
V005017,Gamma Inc,B,30.1875,0.875,287837.36,32,169057.1,17,1,1,0.4983,0
V005018,Net Pvt Ltd,A,24.741935483870968,0.8387096774193549,282476.61,31,940901.0700000001,26,0,0,0.5935,1
V005019,Pro Solutions,A,25.956521739130434,0.8913043478260869,656243.91,46,367530.87,20,0,1,0.2209,0
V005020,Pharma Services,B,27.027027027027028,0.8648648648648649,638752.32,37,415544.52,26,1,1,0.181,0
V005021,Inter Inc,C,19.714285714285715,0.7551020408163265,339529.92,49,665882.37,17,2,0,0.3377,0
V005022,Tech Associates,A,25.106382978723403,0.8936170212765957,409817.56,47,450531.56,26,0,1,0.2675,0
V005023,Sigma Solutions,A,20.54054054054054,0.7027027027027027,609974.36,37,566185.31,24,0,0,0.3044,0
V005024,Inter Pvt Ltd,B,21.930232558139537,0.7441860465116279,786768.1799999999,43,136835.73,23,1,2,0.1882,0
V005025,Energy Ltd,B,23.523809523809526,0.7619047619047619,295781.44,42,589576.32,23,1,0,0.2885,0
V005026,Smart Services,A,16.258064516129032,0.5483870967741935,488558.89,31,401757.43,23,0,3,0.5933,1
V005027,Metal Partners,B,26.102040816326532,0.8367346938775511,468372.86,49,633281.13,23,1,0,0.2721,0
V005028,Zeta Services,D,26.75,0.7777777777777778,541939.31,36,373836.49,27,3,1,0.1654,0
V005029,Global Industries,C,19.878048780487806,0.7560975609756098,895294.44,41,213390.87,21,2,2,0.1822,0
V005030,Tech Corp,B,21.25,0.75,249490.86,36,283485.25,26,1,3,0.2281,0
V005031,Trans GmbH,A,22.102564102564102,0.7435897435897436,558093.45,39,197074.99,24,0,3,0.0691,0
V005032,Digital AG,A,18.17391304347826,0.7391304347826086,464083.42,46,232161.01,23,0,3,0.1276,0
V005033,Pro Services,A,22.959183673469386,0.7755102040816326,487287.48,49,471653.59,30,0,0,0.0925,0
V005034,Net Partners,A,26.53061224489796,0.7959183673469388,932220.57,49,477782.58,29,0,2,0.3119,0
V005035,Delta Solutions,C,23.64,0.84,710316.71,50,424721.89,21,2,1,0.1224,0
V005036,Digital Partners,B,14.204545454545455,0.6818181818181818,457902.0,44,656982.18,24,1,3,0.601,1
V005037,Energy GmbH,A,21.229166666666668,0.7708333333333334,1033595.12,48,492098.47,21,0,2,0.3085,0
V005038,Epsilon Services,A,22.612244897959183,0.7142857142857143,674479.34,49,268545.16,30,0,3,0.1661,0
V005039,Logis Enterprises,A,21.321428571428573,0.8214285714285714,470129.49,56,368298.79,24,0,1,0.1028,0
V005040,Trans Enterprises,B,23.595744680851062,0.851063829787234,796833.65,47,345757.22000000003,15,1,2,0.1382,0
V005041,Sigma Industries,A,26.48780487804878,0.8292682926829268,420239.47000000003,41,192355.72999999998,21,0,1,0.1153,0
V005042,Energy Corp,B,29.575757575757574,0.8484848484848485,727460.82,33,288051.37,22,1,1,0.3594,0
V005043,Trans Solutions,A,23.307692307692307,0.7692307692307693,343329.68,26,335409.5,31,0,1,0.104,0
V005044,Tech Corp,C,27.897435897435898,0.8717948717948718,627488.72,39,280340.49,25,2,1,0.1923,0
V005045,Infra Ltd,B,21.609756097560975,0.7317073170731707,750589.4400000001,41,128453.37,15,1,3,0.1977,0
V005046,Delta Pvt Ltd,A,19.428571428571427,0.8095238095238095,649363.14,42,709531.4500000001,20,0,0,0.3962,0
V005047,Trans Pvt Ltd,B,25.82051282051282,0.8461538461538461,944085.3099999999,39,216621.12,18,1,2,0.2164,0
V005048,Uni Corp,A,19.391304347826086,0.782608695652174,725007.16,46,140528.07,18,0,3,0.1692,0
V005049,Beta Ltd,B,22.902439024390244,0.8292682926829268,518984.34,41,175515.99,24,1,1,0.0477,0
V005050,Gamma AG,A,20.11627906976744,0.6744186046511628,715902.39,43,137522.33,17,0,3,0.3309,0
V005051,Tech BV,C,24.8,0.8333333333333334,425822.61,30,328680.13,19,2,1,0.0719,0
V005052,Pro Solutions,B,24.068181818181817,0.7727272727272727,528755.96,44,272712.27,26,1,1,0.0346,0
V005053,Pharma Corp,C,26.13953488372093,0.813953488372093,476261.31,43,523112.32999999996,24,2,0,0.1718,0
V005054,Inter Solutions,B,21.5609756097561,0.7317073170731707,567263.26,41,600895.21,27,1,0,0.2487,0
V005055,Tech Enterprises,D,30.176470588235293,0.8431372549019608,1481636.83,51,195136.33000000002,26,3,2,0.7676,1
V005056,Trans Services,A,24.954545454545453,0.9318181818181818,680637.78,44,278393.61,23,0,1,0.3579,0
V005057,Digital Partners,C,19.78125,0.78125,515184.2,32,241123.13999999998,24,2,3,0.0732,0
V005058,Prime Group,C,20.272727272727273,0.8484848484848485,603297.24,33,397521.21,35,2,1,0.193,0
V005059,Energy Services,B,24.585365853658537,0.7804878048780488,686247.47,41,111209.5,19,1,1,0.1948,0
V005060,Infra Ltd,B,19.61111111111111,0.8055555555555556,641917.27,36,193911.86,16,1,3,0.0982,0
V005061,Inter AG,B,19.01818181818182,0.7454545454545455,1182907.43,55,241540.88,22,1,2,0.3966,0
V005062,Smart Pvt Ltd,B,21.591836734693878,0.7959183673469388,717854.3099999999,49,210773.38,20,1,2,0.061,0
V005063,Inter Industries,A,25.23076923076923,0.8974358974358975,883604.8,39,368893.98,22,0,2,0.3091,0
V005064,Smart BV,C,22.181818181818183,0.8484848484848485,486091.55,33,516215.63,24,2,0,0.1634,0
V005065,Pharma Enterprises,D,15.450980392156863,0.7058823529411765,804244.4500000001,51,389970.5,28,3,3,0.383,0
V005066,Energy Partners,A,25.466666666666665,0.7555555555555555,366655.9,45,185500.05,25,0,1,0.2094,0
V005067,Agro GmbH,C,22.557692307692307,0.7884615384615384,1245737.95,52,483929.99,15,2,2,0.4452,0
V005068,Digital Enterprises,C,18.166666666666668,0.7777777777777778,422861.08999999997,36,197937.06,17,2,3,0.1547,0
V005069,Sigma Inc,A,23.162790697674417,0.8604651162790697,631252.97,43,276425.87,14,0,1,0.0784,0
V005070,Trans Associates,B,23.151515151515152,0.8484848484848485,623109.55,33,132089.16,20,1,1,0.1181,0
V005071,Inter Associates,B,21.91176470588235,0.7352941176470589,492116.98,34,275839.33,29,1,3,0.0752,0
V005072,Global Group,B,24.70731707317073,0.8048780487804879,517480.24,41,174802.47,22,1,1,0.0468,0
V005073,Smart Inc,A,21.923076923076923,0.7948717948717948,361940.98,39,223606.56,26,0,1,0.0566,0
V005074,Smart Enterprises,A,20.431372549019606,0.7647058823529411,495930.84,51,340066.89,21,0,3,0.0747,0
V005075,Digital Corp,A,24.46153846153846,0.9230769230769231,992899.0800000001,39,484416.86,24,0,2,0.5256,0
V005076,Alpha AG,A,25.066666666666666,0.8,464360.68,45,625146.45,14,0,0,0.2303,0
V005077,Beta Group,A,25.488372093023255,0.8604651162790697,448010.69,43,161472.24,18,0,1,0.1209,0
V005078,Beta Group,B,21.8,0.7142857142857143,253455.34,35,203621.88999999998,24,1,3,0.2624,0
V005079,Uni Group,A,19.488372093023255,0.7209302325581395,631360.78,43,149638.33,21,0,3,0.1741,0
V005080,Prime Corp,A,20.543478260869566,0.7608695652173914,1085738.21,46,277821.65,16,0,2,0.2684,0
V005081,Uni Corp,A,19.225,0.85,1164607.62,40,175867.95,17,0,2,0.4701,0
V005082,Epsilon Group,C,22.307692307692307,0.8269230769230769,1095440.3399999999,52,200644.05,26,2,2,0.249,0
V005083,Pharma Associates,A,19.057142857142857,0.7142857142857143,416967.22,35,313158.89999999997,18,0,3,0.1556,0
V005084,Eco Partners,A,27.205882352941178,0.7941176470588235,453197.26,34,319038.18,23,0,1,0.1569,0
V005085,Alpha GmbH,A,21.594594594594593,0.7567567567567568,741305.26,37,600168.72,27,0,0,0.2605,0
V005086,Metal Partners,B,20.425531914893618,0.7021276595744681,385070.84,47,292932.46,28,1,3,0.2043,0
V005087,Sigma Solutions,D,27.65625,0.875,273204.19,32,304461.75,22,3,1,0.3275,0
V005088,Eco Enterprises,D,24.31111111111111,0.8222222222222222,662510.79,45,117355.59999999999,15,3,1,0.1388,0
V005089,Digital BV,B,26.71794871794872,0.8461538461538461,717722.03,39,208686.26,22,1,1,0.1297,0
V005090,Prime Solutions,B,26.13888888888889,0.8611111111111112,503402.96,36,148231.06,21,1,1,0.1422,0
V005091,Zeta BV,C,24.095238095238095,0.7857142857142857,812168.93,42,303746.85,21,2,2,0.1105,0
V005092,Global AG,A,20.511627906976745,0.7674418604651163,583081.59,43,532279.27,31,0,0,0.1706,0
V005093,Sigma Industries,D,17.210526315789473,0.7368421052631579,1050949.26,38,153494.98,23,3,2,0.4165,0
V005094,Epsilon Enterprises,B,19.955555555555556,0.7111111111111111,463177.13,45,216824.27,21,1,3,0.1337,0
V005095,Alpha BV,C,26.86842105263158,0.8421052631578947,494616.24,38,151459.08,19,2,1,0.1559,0
V005096,Logis Associates,B,22.9375,0.8541666666666666,492013.14,48,340063.92,20,1,1,0.0929,0
V005097,Smart GmbH,A,19.705882352941178,0.7647058823529411,605886.97,51,132709.07,20,0,3,0.1356,0
V005098,Sigma Industries,A,26.9,0.8666666666666667,268833.71,30,222799.98,26,0,1,0.2724,0
V005099,Zeta Associates,B,18.979591836734695,0.8367346938775511,694235.56,49,146580.98,12,1,2,0.2386,0
V005100,Gamma Enterprises,B,18.17391304347826,0.782608695652174,504447.34,46,140898.69999999998,23,1,3,0.1776,0
V005101,Net BV,B,28.655172413793103,0.8275862068965517,592976.2400000001,29,240135.65000000002,11,1,1,0.2353,0
V005102,Global Corp,C,22.73170731707317,0.7804878048780488,561271.57,41,220870.26,24,2,1,0.0229,0
V005103,Net GmbH,B,26.217391304347824,0.8913043478260869,599079.56,46,215009.49,19,1,1,0.1991,0
V005104,Energy Services,B,19.742857142857144,0.8,269399.57,35,459725.57,22,1,0,0.2748,0
V005105,Metal Enterprises,B,24.676470588235293,0.8823529411764706,682813.6599999999,34,147257.68,16,1,1,0.1803,0
V005106,Tech Solutions,B,21.545454545454547,0.7272727272727273,461835.88999999996,44,248708.61,18,1,3,0.0906,0
V005107,Pharma Solutions,B,29.586206896551722,0.8275862068965517,829086.12,29,164045.9,29,1,1,0.4202,0
V005108,Infra Enterprises,A,24.441860465116278,0.7906976744186046,367009.1,43,405874.71,27,0,1,0.1315,0
V005109,Prime Industries,B,28.55263157894737,0.7894736842105263,612271.73,38,218442.74,19,1,1,0.2503,0
V005110,Energy Pvt Ltd,C,16.032258064516128,0.6774193548387096,471379.02,31,311083.02,22,2,3,0.3027,0
V005111,Digital AG,C,22.282608695652176,0.8260869565217391,665609.25,46,129733.47,18,2,1,0.1238,0
V005112,Trans BV,A,20.08108108108108,0.8378378378378378,516049.12,37,163893.30000000002,12,0,1,0.142,0
V005113,Tech Ltd,B,18.142857142857142,0.6857142857142857,510122.57,35,210436.39,19,1,3,0.2143,0
V005114,Smart GmbH,B,23.22,0.82,600059.11,50,712298.34,29,1,0,0.2895,0
V005115,Pharma Industries,B,22.767441860465116,0.8837209302325582,1174670.58,43,338694.62,21,1,2,0.4476,0
V005116,Epsilon Enterprises,A,26.681818181818183,0.7954545454545454,499960.16,44,198411.33,25,0,1,0.1099,0
V005117,Eco Inc,B,31.692307692307693,0.8461538461538461,611763.24,26,375204.83,29,1,1,0.4898,0
V005118,Eco Group,C,23.647058823529413,0.7352941176470589,328188.27999999997,34,350354.67,18,2,3,0.2029,0
V005119,Pro Partners,B,14.6,0.6,499178.64,25,1357790.43,25,1,0,1.0,1
V005120,Trans Group,A,14.67741935483871,0.6451612903225806,290130.72,31,164593.42,23,0,3,0.6258,1
V005121,Pro Inc,B,23.0,0.75,499955.27,56,431969.61,28,1,0,0.1187,0
V005122,Digital Associates,C,20.78723404255319,0.8085106382978723,415239.58,47,231334.14,22,2,1,0.0516,0
V005123,Gamma Partners,D,19.80952380952381,0.6428571428571429,532174.08,42,162257.32,20,3,3,0.3472,0
V005124,Trans Enterprises,C,20.0,0.875,1322403.25,48,191805.07,22,2,2,0.5908,1
V005125,Inter BV,B,26.830188679245282,0.8490566037735849,970957.67,53,289605.31,17,1,2,0.2614,0
V005126,Eco AG,C,19.78048780487805,0.7804878048780488,369395.91000000003,41,167193.71,18,2,3,0.1182,0
V005127,Energy Corp,B,28.416666666666668,0.8888888888888888,432165.01999999996,36,235066.93,22,1,1,0.2761,0
V005128,Uni AG,A,26.11627906976744,0.813953488372093,425284.04,43,198413.69,25,0,1,0.0931,0
V005129,Inter Enterprises,C,19.043478260869566,0.7608695652173914,356317.39,46,145003.74,19,2,3,0.1721,0
V005130,Pro Inc,A,18.923076923076923,0.7692307692307693,427620.46,39,557468.46,19,0,0,0.2271,0
V005131,Energy Ltd,B,17.512820512820515,0.717948717948718,484504.45,39,315851.37,22,1,3,0.1612,0
V005132,Agro GmbH,A,22.71875,0.78125,983103.24,32,120468.48,18,0,2,0.2803,0
V005133,Energy GmbH,A,23.2,0.775,658483.47,40,622730.23,31,0,0,0.2297,0
V005134,Beta GmbH,A,18.74468085106383,0.6808510638297872,606766.25,47,72973.3,15,0,3,0.4244,0
V005135,Alpha Pvt Ltd,C,23.944444444444443,0.8333333333333334,441166.54,36,275046.39,22,2,1,0.0396,0
V005136,Gamma Enterprises,B,17.5531914893617,0.7021276595744681,940524.8099999999,47,454152.1,20,1,3,0.4084,0
V005137,Pro Associates,A,26.6875,0.875,590188.85,48,382527.7,24,0,1,0.1656,0
V005138,Energy Corp,C,20.15,0.75,407164.54,40,162708.57,19,2,3,0.1141,0
V005139,Digital Enterprises,A,23.804347826086957,0.8260869565217391,643335.1000000001,46,1156734.18,20,0,0,0.6351,1
V005140,Eco AG,C,17.875,0.78125,425505.52999999997,32,603533.83,25,2,0,0.3239,0
V005141,Metal GmbH,A,21.181818181818183,0.75,386958.98,44,182161.33000000002,16,0,3,0.1077,0
V005142,Zeta Group,C,23.885714285714286,0.8,410720.09,35,168489.65,17,2,1,0.0428,0
V005143,Net BV,A,29.305555555555557,0.8888888888888888,656894.34,36,375517.0,26,0,1,0.3823,0
V005144,Trans Enterprises,D,20.74,0.84,456694.02,50,217189.4,19,3,1,0.118,0
V005145,Zeta Services,A,17.35483870967742,0.7419354838709677,448056.0,31,380085.26,21,0,3,0.1857,0
V005146,Beta Industries,B,24.227272727272727,0.8409090909090909,1096442.99,44,272302.72,17,1,2,0.265,0
V005147,Beta Enterprises,C,25.682926829268293,0.7560975609756098,1028206.48,41,196090.97,27,2,2,0.3367,0
V005148,Inter Corp,A,26.142857142857142,0.8333333333333334,394427.46,42,435975.8,28,0,1,0.1716,0
V005149,Tech Services,C,29.547619047619047,0.9047619047619048,379564.33999999997,42,239177.9,23,2,1,0.4378,0
V005150,Net Enterprises,C,26.020408163265305,0.8163265306122449,1204509.42,49,153837.61,21,2,2,0.4304,0
V005151,Uni Ltd,C,20.424242424242426,0.7878787878787878,553280.87,33,216083.78,21,2,3,0.0419,0
V005152,Trans Solutions,C,17.916666666666668,0.6875,656001.27,48,336144.93,23,2,3,0.2241,0
V005153,Trans Industries,B,24.692307692307693,0.8461538461538461,656065.41,39,301303.98,29,1,1,0.0648,0
V005154,Zeta Services,B,25.256410256410255,0.8461538461538461,640028.26,39,493101.71,20,1,0,0.1655,0
V005155,Trans Services,A,21.333333333333332,0.7619047619047619,1305883.03,42,299969.7,23,0,2,0.413,0
V005156,Alpha Ltd,B,25.607142857142858,0.8214285714285714,314268.52,28,575021.24,22,1,0,0.2623,0
V005157,Metal Corp,B,24.26086956521739,0.8043478260869565,593006.08,46,200551.72999999998,16,1,1,0.0328,0
V005158,Gamma Partners,D,28.2,0.8857142857142857,710892.2000000001,35,417624.86,20,3,1,0.326,0
V005159,Agro Group,B,13.81081081081081,0.7027027027027027,375477.12,37,278002.96,26,1,3,0.4711,0
V005160,Agro Group,B,28.63157894736842,0.8421052631578947,921550.96,38,497817.82,25,1,2,0.4503,0
V005161,Epsilon Group,D,16.512820512820515,0.6923076923076923,419978.66,39,845876.86,26,3,0,0.635,1
V005162,Epsilon Group,A,23.162790697674417,0.813953488372093,396089.57,43,395836.06,26,0,1,0.0861,0
V005163,Infra Associates,A,19.358974358974358,0.6666666666666666,353125.67,39,287926.33,18,0,3,0.2547,0
V005164,Inter Inc,B,28.78,0.86,795756.4199999999,50,459913.12,28,1,1,0.3962,0
V005165,Beta Pvt Ltd,A,26.966666666666665,0.9333333333333333,227897.12,30,335303.8,32,0,1,0.5558,1
V005166,Smart AG,B,23.6875,0.8333333333333334,552440.45,48,285982.61,25,1,1,0.0277,0
V005167,Pharma Partners,A,23.84313725490196,0.7647058823529411,440947.13,51,228939.77,29,0,1,0.0513,0
V005168,Smart Corp,A,17.058823529411764,0.6666666666666666,709641.73,51,699075.01,28,0,0,0.5793,1
V005169,Inter Services,A,20.323529411764707,0.9117647058823529,344550.69,34,372502.08999999997,27,0,1,0.4201,0
V005170,Eco GmbH,A,20.574468085106382,0.7021276595744681,806188.64,47,484807.48,27,0,3,0.3345,0
V005171,Pharma Associates,A,21.08108108108108,0.7567567567567568,535241.54,37,166548.11,19,0,3,0.0691,0
V005172,Global Partners,C,26.627906976744185,0.8604651162790697,637066.65,43,645941.4500000001,31,2,0,0.3039,0
V005173,Trans BV,A,23.15625,0.78125,345869.25,32,453633.4,26,0,0,0.162,0
V005174,Sigma Pvt Ltd,A,25.147058823529413,0.7941176470588235,653459.87,34,303620.54,26,0,1,0.0657,0
V005175,Agro Ltd,B,21.977272727272727,0.75,507517.16,44,103579.39,11,1,3,0.1693,0
V005176,Logis Solutions,A,23.023809523809526,0.7619047619047619,555635.72,42,297375.45,25,0,3,0.0488,0
V005177,Global AG,A,25.463414634146343,0.8048780487804879,721418.58,41,281934.9,26,0,1,0.0968,0
V005178,Smart Associates,B,20.82,0.84,590500.96,50,200391.29,22,1,1,0.1067,0
V005179,Net GmbH,B,15.371428571428572,0.8,400750.75,35,344265.05,30,1,3,0.3366,0
V005180,Infra Group,D,22.36111111111111,0.6666666666666666,360564.23,36,312197.32,34,3,3,0.2986,0
V005181,Delta GmbH,A,20.666666666666668,0.7142857142857143,500936.45,42,257279.72,26,0,3,0.1287,0
V005182,Pharma Corp,B,19.86842105263158,0.7368421052631579,597871.0700000001,38,108469.18,19,1,3,0.1945,0
V005183,Metal Pvt Ltd,A,23.975,0.875,973176.74,40,683039.42,23,0,0,0.4994,0
V005184,Digital Inc,B,21.526315789473685,0.7894736842105263,472176.25,38,64453.59,11,1,1,0.2037,0
V005185,Smart Associates,B,19.46875,0.6875,316732.85,32,546169.18,21,1,3,0.3975,0
V005186,Prime Ltd,A,23.093023255813954,0.8372093023255814,630237.27,43,421409.08999999997,31,0,1,0.1103,0
V005187,Alpha AG,A,20.23404255319149,0.7446808510638298,354981.2,47,611709.0,20,0,0,0.2917,0
V005188,Infra Inc,C,22.357142857142858,0.8095238095238095,302795.9,42,488499.19,26,2,0,0.1777,0
V005189,Tech BV,C,26.523809523809526,0.7857142857142857,561432.84,42,224844.54,25,2,1,0.1179,0
V005190,Prime Solutions,A,30.685714285714287,0.9142857142857143,496674.44,35,267797.44,28,0,1,0.5538,1
V005191,Trans AG,A,26.93617021276596,0.9361702127659575,1046101.18,47,429039.56,20,0,2,0.5825,1
V005192,Digital Ltd,A,26.263157894736842,0.868421052631579,650657.87,38,369804.2,23,0,1,0.1576,0
V005193,Metal Associates,B,20.333333333333332,0.8333333333333334,404965.93,36,633086.63,23,1,0,0.3096,0
V005194,Sigma Pvt Ltd,C,19.666666666666668,0.8125,660748.14,48,360490.28,17,2,3,0.1407,0
V005195,Uni Services,D,22.288888888888888,0.8222222222222222,707459.7000000001,45,195048.57,19,3,2,0.0723,0
V005196,Inter Industries,A,25.27906976744186,0.7906976744186046,465208.24,43,771752.58,20,0,0,0.3689,0
V005197,Global AG,A,27.692307692307693,0.8461538461538461,658809.59,39,261202.17,22,0,1,0.1668,0
V005198,Inter Corp,A,17.76,0.72,504330.33999999997,50,163623.97,20,0,3,0.1726,0
V005199,Infra Ltd,C,22.775,0.825,434791.09,40,577246.3099999999,30,2,0,0.1687,0
V005200,Pro Inc,C,19.11764705882353,0.6470588235294118,263681.51,34,250716.98,21,2,3,0.4109,0
V005201,Energy AG,C,29.022727272727273,0.9318181818181818,585371.92,44,288497.34,19,2,1,0.4854,0
V005202,Smart Corp,D,21.288888888888888,0.8222222222222222,417440.77999999997,45,413913.4,26,3,1,0.131,0
V005203,Tech Solutions,C,21.4,0.7,471281.3,40,342178.91,20,2,3,0.2094,0
V005204,Infra GmbH,D,25.0,0.8888888888888888,769902.58,45,264096.54,21,3,1,0.1904,0
V005205,Sigma Services,B,19.4390243902439,0.6829268292682927,853324.29,41,162428.38,19,1,3,0.3586,0
V005206,Infra Corp,B,25.705882352941178,0.7450980392156863,465732.7,51,630108.12,17,1,0,0.3241,0
V005207,Epsilon Group,A,28.27777777777778,0.9166666666666666,309487.24,36,359560.46,23,0,1,0.4602,0
V005208,Metal Services,B,18.5,0.7619047619047619,314144.08,42,165976.04,19,1,3,0.219,0
V005209,Delta Inc,C,27.82051282051282,0.8461538461538461,406556.81,39,168412.33,16,2,1,0.2,0
V005210,Delta Pvt Ltd,B,24.563636363636363,0.8181818181818182,926022.97,55,142832.86,18,1,2,0.2035,0
V005211,Infra Group,B,19.023809523809526,0.7857142857142857,589458.26,42,226797.88,20,1,3,0.0907,0
V005212,Delta BV,B,18.941176470588236,0.7058823529411765,327180.38,34,229845.14,24,1,3,0.2097,0
V005213,Beta BV,D,24.441860465116278,0.8372093023255814,641924.67,43,353225.79,29,3,1,0.0872,0
V005214,Tech Corp,A,23.708333333333332,0.7916666666666666,384495.54,48,137559.47999999998,19,0,1,0.0987,0
V005215,Infra Solutions,D,18.214285714285715,0.7619047619047619,707240.82,42,167511.08,21,3,3,0.1726,0
V005216,Smart Corp,B,24.959183673469386,0.8367346938775511,526944.13,49,399402.65,28,1,1,0.0962,0
V005217,Agro Pvt Ltd,A,23.666666666666668,0.8222222222222222,382413.3,45,238463.5,24,0,1,0.0472,0
V005218,Epsilon Inc,A,15.028571428571428,0.7428571428571429,627520.97,35,146589.23,23,0,3,0.3858,0
V005219,Eco GmbH,A,19.88095238095238,0.6666666666666666,365105.23,42,206308.58000000002,26,0,3,0.2679,0
V005220,Gamma AG,A,26.195652173913043,0.8043478260869565,674914.78,46,432653.66000000003,27,0,1,0.1519,0
V005221,Alpha Partners,B,29.046511627906977,0.8372093023255814,632734.69,43,298616.75,22,1,1,0.2919,0
V005222,Agro Group,B,24.314285714285713,0.9142857142857143,1174581.33,35,503312.74,21,1,2,0.5795,1
V005223,Alpha BV,C,22.645833333333332,0.7916666666666666,346316.73,48,515100.29,25,2,0,0.1728,0
V005224,Pro Associates,B,21.2,0.6333333333333333,488701.91,30,721967.2899999999,18,1,0,0.645,1
V005225,Beta Enterprises,A,24.023809523809526,0.7619047619047619,432161.64,42,376540.57,15,0,1,0.1024,0
V005226,Epsilon Services,C,26.3,0.9,447084.99,40,316239.1,22,2,1,0.2348,0
V005227,Beta Group,D,18.8125,0.78125,235137.13,32,165863.61,17,3,3,0.3009,0
V005228,Global Inc,C,19.523809523809526,0.6666666666666666,382174.1,42,132867.54,16,2,3,0.3391,0
V005229,Inter Industries,C,28.31578947368421,0.8421052631578947,1271510.35,38,425988.85000000003,28,2,2,0.6075,1
V005230,Alpha Inc,A,23.137254901960784,0.8627450980392157,569367.78,51,141278.91,25,0,1,0.1249,0
V005231,Agro Corp,B,16.48780487804878,0.6829268292682927,279425.29,41,275038.01999999996,14,1,3,0.3859,0
V005232,Eco Industries,C,15.046511627906977,0.6976744186046512,533890.1,43,142301.56,22,2,3,0.3943,0
V005233,Digital Corp,B,23.606060606060606,0.7878787878787878,420950.42000000004,33,253161.14,25,1,1,0.0302,0
V005234,Uni Group,C,23.272727272727273,0.7272727272727273,557932.1900000001,44,72333.1,13,2,3,0.2656,0
V005235,Beta Corp,B,17.76086956521739,0.717391304347826,609356.0,46,177329.13,21,1,3,0.1913,0
V005236,Prime Corp,C,20.703703703703702,0.7037037037037037,500363.03,27,233523.3,10,2,3,0.1583,0
V005237,Eco Group,C,21.27777777777778,0.75,517163.82,36,100091.34,15,2,3,0.1721,0
V005238,Tech Pvt Ltd,C,20.413793103448278,0.7586206896551724,204601.1,29,184161.56,19,2,3,0.3102,0
V005239,Energy GmbH,A,27.0,0.7941176470588235,459598.5,34,220240.99,26,0,1,0.1348,0
V005240,Zeta BV,C,20.128205128205128,0.7692307692307693,345267.61,39,169274.59,22,2,3,0.1391,0
V005241,Agro Solutions,A,27.565217391304348,0.8260869565217391,254078.74,23,287926.69,29,0,1,0.288,0
V005242,Infra Enterprises,A,19.244897959183675,0.7755102040816326,858890.58,49,585048.11,21,0,0,0.3592,0
V005243,Net AG,A,15.607142857142858,0.5714285714285714,478085.99,28,356974.31,19,0,3,0.5853,1
V005244,Smart Solutions,B,31.20408163265306,0.9183673469387755,450480.81,49,289906.75,16,1,1,0.578,1
V005245,Smart Associates,C,26.642857142857142,0.7857142857142857,573427.32,42,236471.26,25,2,1,0.1232,0
V005246,Zeta Services,A,25.307692307692307,0.8205128205128205,448011.43,39,280994.86,22,0,1,0.0653,0
V005247,Tech BV,A,20.926829268292682,0.7560975609756098,672760.76,41,125806.43,16,0,3,0.1418,0
V005248,Sigma AG,B,25.4375,0.8125,567083.7999999999,32,108432.79999999999,12,1,1,0.1554,0
V005249,Sigma Ltd,A,22.17241379310345,0.7758620689655172,736580.13,58,338358.05,19,0,2,0.0741,0
V005250,Trans AG,A,25.511627906976745,0.8372093023255814,512896.65,43,152461.24,22,0,1,0.0996,0
V005251,Epsilon Services,B,23.878048780487806,0.8536585365853658,600229.03,41,478197.21,26,1,0,0.152,0
V005252,Global Enterprises,B,21.27906976744186,0.8372093023255814,447248.05,43,384634.86,26,1,1,0.1427,0
V005253,Gamma Ltd,A,23.441860465116278,0.8604651162790697,1025508.23,43,207271.65,20,0,2,0.2554,0
V005254,Metal Group,A,23.157894736842106,0.7631578947368421,753716.38,38,321240.93,28,0,2,0.0899,0
V005255,Prime GmbH,B,27.658536585365855,0.8536585365853658,485691.96,41,281543.33,30,1,1,0.1684,0
V005256,Tech BV,D,20.9,0.7,711563.57,30,677759.7000000001,30,3,0,0.4494,0
V005257,Pharma Group,C,19.923076923076923,0.717948717948718,310591.93,39,584578.9299999999,22,2,0,0.3579,0
V005258,Eco Inc,A,27.40625,0.90625,232114.52,32,408737.23,29,0,1,0.4891,0
V005259,Uni Pvt Ltd,D,17.441176470588236,0.7058823529411765,322722.7,34,239363.75,19,3,3,0.2448,0
V005260,Alpha Enterprises,B,21.902439024390244,0.7317073170731707,404159.42,41,334832.66000000003,21,1,3,0.1219,0
V005261,Zeta Solutions,D,20.12121212121212,0.7878787878787878,423421.27,33,421346.62,28,3,3,0.1307,0
V005262,Pro Solutions,B,29.555555555555557,0.8703703703703703,642946.85,54,329255.8,23,1,1,0.349,0
V005263,Delta Enterprises,B,15.295454545454545,0.7272727272727273,456181.59,44,578211.93,25,1,3,0.3925,0
V005264,Pharma BV,C,18.4,0.7090909090909091,758620.28,55,222419.58000000002,20,2,3,0.2197,0
V005265,Beta Services,C,18.065217391304348,0.717391304347826,758435.94,46,237296.86000000002,21,2,3,0.1976,0
V005266,Uni Services,A,23.41025641025641,0.8205128205128205,361265.08,39,182167.94,32,0,1,0.0773,0
V005267,Eco Pvt Ltd,B,17.27906976744186,0.7209302325581395,467237.32,43,275265.89,26,1,3,0.1527,0
V005268,Eco Associates,A,19.886363636363637,0.8409090909090909,410708.64,44,512217.58,28,0,0,0.2539,0
V005269,Prime Partners,A,23.121951219512194,0.7317073170731707,616597.44,41,231179.76,25,0,3,0.1151,0
V005270,Epsilon Inc,A,22.785714285714285,0.7857142857142857,604013.79,42,469992.19,28,0,0,0.0933,0
V005271,Uni Associates,B,26.466666666666665,0.8222222222222222,783476.12,45,190956.89,22,1,1,0.1636,0
V005272,Beta BV,D,24.404761904761905,0.8095238095238095,383818.57,42,743893.73,17,3,0,0.3482,0
V005273,Pro Industries,C,17.52173913043478,0.717391304347826,389991.91000000003,46,332278.58999999997,21,2,3,0.2104,0
V005274,Gamma Solutions,C,26.955555555555556,0.8222222222222222,743433.22,45,601163.76,29,2,0,0.3043,0
V005275,Pharma BV,C,22.486486486486488,0.7837837837837838,533926.79,37,267528.49,18,2,1,0.0111,0
V005276,Smart Associates,A,23.78181818181818,0.7272727272727273,862682.2,55,299936.15,19,0,2,0.2055,0
V005277,Sigma Solutions,D,22.32608695652174,0.7608695652173914,547220.28,46,515738.84,13,3,0,0.142,0
V005278,Alpha GmbH,A,26.27659574468085,0.8297872340425532,595685.93,47,192168.76,18,0,1,0.1028,0
V005279,Zeta BV,A,25.583333333333332,0.8541666666666666,1103534.03,48,441971.01,30,0,2,0.3939,0
V005280,Tech Group,C,25.98148148148148,0.7777777777777778,652411.48,54,408608.04,29,2,1,0.1609,0
V005281,Pro Ltd,C,14.833333333333334,0.6666666666666666,827731.23,42,227901.3,25,2,3,0.4983,0
V005282,Epsilon Industries,A,26.4,0.9333333333333333,629358.95,30,145969.37,22,0,1,0.4328,0
V005283,Agro Inc,C,25.27659574468085,0.851063829787234,542187.88,47,482055.17,27,2,1,0.1436,0
V005284,Metal Associates,A,18.5,0.6,381534.97,40,138607.79,19,0,3,0.5629,1
V005285,Tech AG,A,25.148936170212767,0.8297872340425532,454615.4,47,312664.43,18,0,1,0.0618,0
V005286,Zeta Partners,D,26.121951219512194,0.8536585365853658,555012.98,41,145046.03,21,3,1,0.134,0
V005287,Prime Pvt Ltd,B,19.0625,0.75,377367.77,48,113639.34,17,1,3,0.2185,0
V005288,Agro Group,A,27.693877551020407,0.9591836734693877,585723.53,49,430040.67,26,0,1,0.5284,0
V005289,Beta Industries,A,22.57777777777778,0.7555555555555555,703408.31,45,149583.52,24,0,3,0.1242,0
V005290,Uni Corp,A,19.681818181818183,0.8181818181818182,600216.99,44,546302.39,25,0,0,0.2437,0
V005291,Sigma GmbH,B,24.64864864864865,0.8378378378378378,454477.46,37,567106.6399999999,22,1,0,0.1681,0
V005292,Alpha Corp,C,24.289473684210527,0.8157894736842105,343821.01,38,389080.63,24,2,1,0.1397,0
V005293,Sigma AG,B,17.541666666666668,0.7291666666666666,387912.10000000003,48,170483.46,18,1,3,0.2126,0
V005294,Inter Industries,A,21.24390243902439,0.8292682926829268,315908.79,41,321769.44,23,0,1,0.1633,0
V005295,Delta BV,A,25.071428571428573,0.8571428571428571,1160272.29,42,269053.62,24,0,2,0.3634,0
V005296,Metal Corp,B,17.551020408163264,0.673469387755102,700100.4299999999,49,509414.38,22,1,3,0.4075,0
V005297,Beta AG,B,34.41935483870968,0.9032258064516129,190228.53,31,771308.4500000001,25,1,0,0.8628,1
V005298,Pro Partners,B,24.441860465116278,0.7906976744186046,372627.51,43,179960.3,23,1,1,0.0964,0
V005299,Zeta Associates,B,19.318181818181817,0.7727272727272727,1115928.1199999999,44,406994.85000000003,24,1,2,0.3835,0
V005300,Prime AG,A,19.564102564102566,0.6923076923076923,969021.57,39,188431.72,18,0,3,0.3389,0
V005301,Digital Associates,C,22.48936170212766,0.7446808510638298,725819.01,47,233771.61,16,2,3,0.0974,0
V005302,Alpha Ltd,C,22.918367346938776,0.8367346938775511,384405.46,49,848760.2100000001,25,2,0,0.4571,0
V005303,Gamma Enterprises,A,22.347826086956523,0.7391304347826086,306884.41,46,606738.96,20,0,0,0.3319,0
V005304,Epsilon Ltd,C,24.435897435897434,0.8205128205128205,559126.4,39,980735.66,25,2,0,0.5129,0
V005305,Zeta BV,B,19.86111111111111,0.8055555555555556,709364.43,36,298361.04,27,1,2,0.1174,0
V005306,Pro Associates,A,27.70731707317073,0.9024390243902439,369202.18,41,284299.13,27,0,1,0.3231,0
V005307,Delta Corp,C,27.275,0.85,1107240.46,40,416166.26,22,2,2,0.4339,0
V005308,Tech AG,C,17.512820512820515,0.7692307692307693,331162.29,39,172137.66,24,2,3,0.2455,0
V005309,Energy Corp,B,18.90909090909091,0.7045454545454546,711265.87,44,218538.08,21,1,3,0.2024,0
V005310,Pro AG,C,22.264705882352942,0.8529411764705882,283597.32,34,133586.08000000002,16,2,1,0.256,0
V005311,Net Services,A,21.81578947368421,0.868421052631579,308054.29,38,119650.51,21,0,1,0.2842,0
V005312,Energy Solutions,A,27.29268292682927,0.8292682926829268,249552.31,41,162250.78,23,0,1,0.3207,0
V005313,Energy GmbH,A,28.2,0.8222222222222222,485450.56,45,209989.14,26,0,1,0.1896,0
V005314,Energy Ltd,A,24.048780487804876,0.8292682926829268,277617.63,41,423291.0,27,0,1,0.2219,0
V005315,Alpha Solutions,C,21.5625,0.6875,804887.83,48,683398.38,25,2,0,0.547,0
V005316,Net Solutions,C,24.186046511627907,0.813953488372093,816523.85,43,131471.33,22,2,2,0.1518,0
V005317,Delta BV,C,20.725490196078432,0.803921568627451,559474.89,51,266398.87,23,2,3,0.0451,0
V005318,Delta Inc,B,23.027027027027028,0.8648648648648649,598402.49,37,464370.07,16,1,1,0.1767,0
V005319,Digital Ltd,C,30.425925925925927,0.8888888888888888,390575.02999999997,54,548469.88,29,2,1,0.5819,1
V005320,Gamma BV,C,16.071428571428573,0.7380952380952381,583446.67,42,398806.34,26,2,3,0.2481,0
V005321,Delta Enterprises,B,15.023809523809524,0.5952380952380952,544794.72,42,227458.1,19,1,3,0.6138,1
V005322,Agro Ltd,A,20.458333333333332,0.6875,559531.34,48,534555.51,22,0,3,0.3436,0
V005323,Prime Corp,B,22.122448979591837,0.8367346938775511,907813.9600000001,49,470060.48,20,1,2,0.2641,0
V005324,Agro Enterprises,C,21.083333333333332,0.7916666666666666,413615.91,48,254956.83,25,2,3,0.0518,0
V005325,Prime Enterprises,B,17.88235294117647,0.7058823529411765,782601.94,51,415808.63,20,1,3,0.2725,0
V005326,Metal Group,A,22.327272727272728,0.7272727272727273,683925.64,55,375860.98,25,0,3,0.153,0
V005327,Inter Partners,B,26.204545454545453,0.8181818181818182,371071.29,44,190121.34,17,1,1,0.1308,0
V005328,Alpha Inc,B,22.1,0.775,365430.66,40,224637.92,20,1,3,0.0543,0
V005329,Tech Services,A,26.94871794871795,0.7948717948717948,307985.62,39,188169.95,23,0,1,0.231,0
V005330,Metal GmbH,D,25.916666666666668,0.7916666666666666,848578.89,48,415352.68,18,3,2,0.2185,0
V005331,Infra Ltd,A,21.89189189189189,0.7567567567567568,455427.94,37,202051.67,19,0,3,0.051,0
V005332,Global Solutions,C,23.767441860465116,0.813953488372093,518196.52999999997,43,73836.64,17,2,1,0.1725,0
V005333,Agro Industries,B,29.4375,0.875,451695.46,32,286474.12,27,1,1,0.3363,0
V005334,Zeta Industries,B,18.86111111111111,0.6944444444444444,407369.48,36,518494.87,23,1,3,0.3192,0
V005335,Eco Ltd,A,18.404761904761905,0.7142857142857143,692610.46,42,449125.02999999997,25,0,3,0.2419,0
V005336,Beta BV,A,18.904761904761905,0.7142857142857143,371928.4,42,398559.24,29,0,3,0.2197,0
V005337,Uni Corp,A,27.897435897435898,0.7948717948717948,733915.5299999999,39,514620.71,20,0,0,0.3352,0
V005338,Digital Enterprises,A,22.26829268292683,0.8048780487804879,603202.76,41,330985.94,25,0,1,0.0303,0
V005339,Pharma Group,A,24.95744680851064,0.851063829787234,483430.2,47,129061.14,19,0,1,0.1113,0
V005340,Pro Ltd,B,19.842105263157894,0.6578947368421053,559976.59,38,239121.37,33,1,3,0.2536,0
V005341,Pharma Pvt Ltd,B,20.67391304347826,0.8043478260869565,870334.8099999999,46,421531.55,17,1,2,0.211,0
V005342,Delta BV,B,26.195121951219512,0.8048780487804879,426049.65,41,208771.13,18,1,1,0.1008,0
V005343,Metal Enterprises,A,26.871794871794872,0.8205128205128205,416321.72000000003,39,282522.52999999997,22,0,1,0.1224,0
V005344,Trans Pvt Ltd,B,16.511627906976745,0.7906976744186046,401948.3,43,152645.11,23,1,3,0.2978,0
V005345,Pro Inc,A,20.294117647058822,0.6470588235294118,640898.03,51,283150.44,22,0,3,0.3421,0
V005346,Uni Group,A,26.358974358974358,0.8717948717948718,526924.84,39,296112.59,25,0,1,0.1221,0
V005347,Eco Ltd,B,19.85185185185185,0.7407407407407407,597203.5599999999,54,84649.32,18,1,3,0.2288,0
V005348,Infra Partners,A,26.486486486486488,0.8378378378378378,563717.63,37,662416.23,24,0,0,0.2789,0
V005349,Prime BV,C,22.08823529411765,0.8529411764705882,462219.70999999996,34,364730.85000000003,21,2,1,0.1379,0
V005350,Energy Ltd,C,19.923076923076923,0.7692307692307693,799217.86,39,314950.5,20,2,2,0.1367,0
V005351,Eco Ltd,B,24.77777777777778,0.8055555555555556,434153.35000000003,36,351284.62,23,1,1,0.0694,0
V005352,Beta Corp,C,22.75,0.825,606967.55,40,254407.5,14,2,1,0.0285,0
V005353,Eco Inc,C,20.17142857142857,0.7428571428571429,370560.87,35,204317.81,21,2,3,0.1076,0
V005354,Net Ltd,A,15.457142857142857,0.6285714285714286,919615.4800000001,35,126741.43,21,0,3,0.6942,1
V005355,Agro Partners,C,22.641025641025642,0.717948717948718,844412.91,39,524583.77,29,2,0,0.3462,0
V005356,Prime Pvt Ltd,A,24.886363636363637,0.9090909090909091,643569.51,44,155855.36000000002,24,0,1,0.2907,0
V005357,Pro Ltd,B,14.1875,0.71875,290488.24,32,215729.22,28,1,3,0.4647,0
V005358,Digital Solutions,B,24.303571428571427,0.8035714285714286,1012589.66,56,443057.66,23,1,2,0.2477,0
V005359,Pro GmbH,A,21.693877551020407,0.8367346938775511,627075.93,49,295837.15,20,0,1,0.077,0
V005360,Smart Associates,A,22.72340425531915,0.7872340425531915,786923.63,47,156495.71,23,0,2,0.1273,0
V005361,Uni Pvt Ltd,D,20.875,0.7708333333333334,802384.43,48,275324.99,30,3,2,0.1092,0
V005362,Energy Solutions,B,19.58695652173913,0.7608695652173914,388272.65,46,183735.16,17,1,3,0.1134,0
V005363,Tech Solutions,D,27.782608695652176,0.8043478260869565,506989.24,46,164430.61,15,3,1,0.1949,0
V005364,Uni Group,C,15.923076923076923,0.7435897435897436,569871.25,39,276860.57,18,2,3,0.222,0
V005365,Alpha Enterprises,A,24.88888888888889,0.8888888888888888,535095.84,36,791043.01,22,0,0,0.457,0
V005366,Epsilon Partners,A,20.595238095238095,0.6666666666666666,726834.6,42,411276.88,17,0,3,0.3384,0
V005367,Net AG,C,26.342105263157894,0.8157894736842105,234812.31,38,337916.76,19,2,1,0.2932,0
V005368,Sigma Partners,B,23.295454545454547,0.8181818181818182,1036320.3099999999,44,260377.39,15,1,2,0.191,0
V005369,Beta Enterprises,A,29.37142857142857,0.9142857142857143,772782.69,35,249538.77,24,0,1,0.4874,0
V005370,Gamma Partners,A,23.23076923076923,0.7948717948717948,345660.74,39,272763.68,18,0,1,0.0713,0
V005371,Alpha Industries,A,24.5,0.8,407582.86,40,224550.62,20,0,1,0.042,0
V005372,Metal Pvt Ltd,A,27.195652173913043,0.8478260869565217,665101.15,46,843952.8300000001,17,0,0,0.4837,0
V005373,Alpha BV,D,23.694444444444443,0.7777777777777778,350219.42,36,596591.23,23,3,0,0.2329,0
V005374,Digital Ltd,A,15.91304347826087,0.717391304347826,359328.65,46,515462.02,29,0,3,0.3901,0
V005375,Trans Inc,A,20.42105263157895,0.7368421052631579,362352.79000000004,38,455047.39,22,0,3,0.1899,0
V005376,Agro Solutions,D,19.70731707317073,0.7804878048780488,567399.54,41,260752.28999999998,15,3,3,0.0705,0
V005377,Pharma Associates,B,16.405405405405407,0.7297297297297297,479327.61,37,193895.14,16,1,3,0.2243,0
V005378,Zeta Partners,B,23.545454545454547,0.7954545454545454,341348.84,44,167706.54,20,1,1,0.1011,0
V005379,Trans Partners,A,27.242424242424242,0.8181818181818182,542630.31,33,558131.4,23,0,0,0.2434,0
V005380,Global AG,C,24.727272727272727,0.7727272727272727,1156967.24,44,369881.22,30,2,2,0.3624,0
V005381,Global Inc,B,22.72972972972973,0.7837837837837838,813944.1,37,443988.36,15,1,2,0.1488,0
V005382,Infra Partners,A,22.023255813953487,0.7441860465116279,349284.89,43,491485.82999999996,33,0,0,0.1775,0
V005383,Delta Partners,C,25.7027027027027,0.8378378378378378,1004471.85,37,599990.8,27,2,2,0.4253,0
V005384,Prime Inc,B,26.94736842105263,0.8421052631578947,314640.03,38,402171.12,17,1,1,0.2512,0
V005385,Beta BV,C,15.673913043478262,0.6521739130434783,476085.98,46,538721.39,23,2,3,0.5071,0
V005386,Infra Inc,A,22.89090909090909,0.7454545454545455,1383646.25,55,293481.79,19,0,2,0.4734,0
V005387,Tech Partners,A,25.70731707317073,0.8292682926829268,711908.4400000001,41,134687.32,23,0,1,0.1648,0
V005388,Tech Partners,B,31.53846153846154,0.8846153846153846,388992.93,26,442151.79,24,1,1,0.5692,1
V005389,Tech Group,A,23.513513513513512,0.8108108108108109,386089.13,37,312882.39999999997,14,0,1,0.0467,0
V005390,Logis Solutions,C,26.291666666666668,0.8333333333333334,504220.13,48,348905.61,26,2,1,0.1066,0
V005391,Gamma Group,C,22.157894736842106,0.7105263157894737,913422.3099999999,38,467177.04000000004,27,2,2,0.3383,0
V005392,Beta Group,A,23.931818181818183,0.8181818181818182,1355914.76,44,319531.04000000004,24,0,2,0.4255,0
V005393,Agro Solutions,C,17.08,0.64,1201502.74,50,195196.83000000002,21,2,2,0.6999,1
V005394,Inter Inc,D,17.93617021276596,0.6808510638297872,690291.47,47,115398.77,22,3,3,0.3735,0
V005395,Trans GmbH,A,20.0,0.7837837837837838,599915.04,37,381771.56,27,0,3,0.0932,0
V005396,Zeta AG,A,24.18918918918919,0.8108108108108109,853285.23,37,160964.34,18,0,2,0.1271,0
V005397,Pharma Industries,B,21.24,0.82,470369.81,50,317566.55,19,1,1,0.0662,0
V005398,Gamma Enterprises,C,25.12121212121212,0.9090909090909091,380530.36,33,228854.19,22,2,1,0.2826,0
V005399,Uni Ltd,C,17.488888888888887,0.7555555555555555,514965.54000000004,45,224579.46,18,2,3,0.143,0
V005400,Trans Ltd,A,23.666666666666668,0.7857142857142857,495630.29,42,1074593.01,26,0,0,0.595,1
V005401,Digital Industries,B,20.11764705882353,0.7647058823529411,304853.56,34,400139.85,23,1,3,0.1992,0
V005402,Global BV,A,22.954545454545453,0.8409090909090909,733356.48,44,292652.49,25,0,2,0.0724,0
V005403,Metal Group,B,26.285714285714285,0.8333333333333334,458542.64,42,281699.13,19,1,1,0.0988,0
V005404,Logis Associates,B,26.806451612903224,0.8709677419354839,257166.11,31,213101.07,25,1,1,0.2987,0
V005405,Prime Inc,B,22.26923076923077,0.75,882631.47,52,555421.7,30,1,0,0.3188,0
V005406,Delta BV,A,15.607843137254902,0.7254901960784313,474831.27,51,238019.05000000002,24,0,3,0.2482,0
V005407,Logis BV,C,16.686274509803923,0.7058823529411765,593936.34,51,337282.67,28,2,3,0.2372,0
V005408,Sigma AG,D,18.829268292682926,0.8292682926829268,343206.0,41,266407.94,24,3,3,0.2142,0
V005409,Sigma Corp,A,23.837209302325583,0.7441860465116279,439747.8,43,195734.82,28,0,3,0.0951,0
V005410,Energy AG,C,20.083333333333332,0.8055555555555556,407074.4,36,160840.54,19,2,3,0.0983,0
V005411,Uni Enterprises,A,24.595744680851062,0.8297872340425532,637951.3,47,781042.52,25,0,0,0.3543,0
V005412,Metal Pvt Ltd,C,22.68888888888889,0.8444444444444444,479203.49,45,221072.77000000002,29,2,1,0.0563,0
V005413,Beta Ltd,B,26.170731707317074,0.8292682926829268,287226.13,41,252815.29,26,1,1,0.2045,0
V005414,Global Industries,C,24.162790697674417,0.8372093023255814,1343550.99,43,228394.15,16,2,2,0.4509,0
V005415,Infra BV,D,24.025641025641026,0.7692307692307693,767497.75,39,216336.41,24,3,2,0.1098,0
V005416,Infra AG,A,22.02777777777778,0.8888888888888888,517356.9,36,122686.40000000001,19,0,1,0.2648,0
V005417,Sigma GmbH,A,23.405405405405407,0.7837837837837838,1336531.72,37,108482.25,18,0,2,0.5116,0
V005418,Eco AG,C,24.15686274509804,0.8431372549019608,744899.4400000001,51,260647.09,24,2,1,0.077,0
V005419,Epsilon Group,D,22.093023255813954,0.7441860465116279,530944.18,43,142562.14,15,3,3,0.0916,0
V005420,Smart Pvt Ltd,D,15.464285714285714,0.75,262692.69,28,483941.92,34,3,3,0.4485,0
V005421,Pharma Solutions,A,25.454545454545453,0.8409090909090909,568718.15,44,329096.95999999996,27,0,1,0.0794,0
V005422,Energy BV,A,21.0,0.8333333333333334,919974.56,42,246512.46,28,0,2,0.2022,0
V005423,Sigma Partners,B,17.70731707317073,0.6829268292682927,504882.15,41,191658.07,22,1,3,0.2398,0
V005424,Infra GmbH,A,20.53846153846154,0.6666666666666666,594116.2,39,417210.35,29,0,3,0.308,0
V005425,Metal Corp,A,23.558823529411764,0.8235294117647058,798826.4199999999,34,409399.52,18,0,2,0.1249,0
V005426,Eco AG,B,24.454545454545453,0.7575757575757576,384732.18,33,89464.79,17,1,1,0.2419,0
V005427,Infra Solutions,A,21.4390243902439,0.8048780487804879,805543.93,41,231564.06,24,0,2,0.1138,0
V005428,Beta Pvt Ltd,A,22.642857142857142,0.7142857142857143,700921.0,42,315300.06,29,0,3,0.185,0
V005429,Digital Corp,C,20.26829268292683,0.8048780487804879,276421.23,41,274731.83999999997,15,2,3,0.1807,0
V005430,Tech GmbH,C,25.6734693877551,0.8775510204081632,619954.6,49,595369.03,30,2,0,0.2689,0
V005431,Tech Corp,D,23.977272727272727,0.7954545454545454,1083124.8699999999,44,361999.61,20,3,2,0.2468,0
V005432,Delta Enterprises,B,26.225,0.775,846127.27,40,270849.29,23,1,2,0.2171,0
V005433,Delta Group,B,23.833333333333332,0.8333333333333334,374085.55,42,194599.18,25,1,1,0.0762,0
V005434,Infra Corp,B,17.46153846153846,0.8205128205128205,614482.35,39,243856.36000000002,18,1,3,0.2116,0
V005435,Net Solutions,A,26.9375,0.8333333333333334,757463.71,48,157212.66,15,0,1,0.1881,0
V005436,Epsilon GmbH,A,19.53125,0.8125,442034.7799999999,32,275003.14,19,0,3,0.1209,0
V005437,Inter Partners,A,20.46153846153846,0.7948717948717948,689986.58,39,299810.66000000003,25,0,3,0.0879,0
V005438,Metal Partners,C,20.583333333333332,0.7916666666666666,612491.61,48,230077.3,29,2,3,0.0575,0
V005439,Alpha Services,A,17.07843137254902,0.6470588235294118,858488.91,51,295593.05000000005,20,0,3,0.4659,0
V005440,Eco GmbH,A,20.75,0.725,498613.35,40,496940.41000000003,34,0,3,0.1757,0
V005441,Sigma Ltd,A,21.4468085106383,0.7872340425531915,522912.57,47,329610.51,24,0,3,0.0347,0
V005442,Inter Associates,B,22.675,0.75,582968.6799999999,40,344002.36,24,1,3,0.0923,0
V005443,Trans Pvt Ltd,D,21.695652173913043,0.7391304347826086,823676.88,46,347070.22,30,3,2,0.1615,0
V005444,Gamma Associates,D,24.103448275862068,0.8275862068965517,225789.66,29,218287.83000000002,24,3,1,0.2426,0
V005445,Global Pvt Ltd,A,17.86842105263158,0.6842105263157895,1650168.14,38,357580.95,40,0,2,0.7042,1
V005446,Pharma Partners,D,24.419354838709676,0.8709677419354839,201121.52,31,274807.33,29,3,1,0.3511,0
V005447,Zeta Services,C,22.18421052631579,0.7631578947368421,370109.45999999996,38,166872.03,25,2,3,0.0846,0
V005448,Beta Ltd,D,20.379310344827587,0.6896551724137931,787260.54,58,249850.02,19,3,3,0.2746,0
V005449,Gamma Ltd,C,21.71794871794872,0.7948717948717948,572293.23,39,124546.52,16,2,1,0.0943,0
V005450,Logis AG,D,22.295454545454547,0.7727272727272727,559419.21,44,89795.74,13,3,3,0.1465,0
V005451,Alpha Corp,B,19.7,0.66,624473.86,50,218805.15,20,1,3,0.2655,0
V005452,Digital Inc,A,24.029411764705884,0.8235294117647058,870049.78,34,228984.12,26,0,2,0.1135,0
V005453,Net Partners,A,24.692307692307693,0.8205128205128205,504188.50999999995,39,117137.40000000001,18,0,1,0.1143,0
V005454,Logis Solutions,A,18.456521739130434,0.6521739130434783,802073.6599999999,46,410812.35,31,0,3,0.4076,0
V005455,Sigma Pvt Ltd,B,22.695652173913043,0.7608695652173914,632264.99,46,136464.99,24,1,3,0.1137,0
V005456,Inter Inc,D,19.692307692307693,0.717948717948718,302540.14,39,219861.55000000002,19,3,3,0.1956,0
V005457,Alpha Solutions,A,20.57777777777778,0.7777777777777778,927818.8,45,150886.63,25,0,2,0.2108,0
V005458,Logis BV,B,20.05263157894737,0.7631578947368421,961594.1900000001,38,319537.13,26,1,2,0.2142,0
V005459,Smart Partners,D,19.92,0.74,451018.31,50,219943.71000000002,17,3,3,0.0826,0
V005460,Beta Inc,A,29.19047619047619,0.8809523809523809,464442.8,42,124321.22,20,0,1,0.4052,0
V005461,Eco AG,D,24.13953488372093,0.7906976744186046,305916.14999999997,43,63959.05,15,3,1,0.2923,0
V005462,Pharma Industries,C,27.41304347826087,0.8478260869565217,1252226.74,46,315303.63,28,2,2,0.4888,0
V005463,Logis Solutions,B,28.35483870967742,0.8709677419354839,310894.19,31,136697.87,17,1,1,0.3563,0
V005464,Infra Solutions,C,22.86842105263158,0.7894736842105263,818757.3200000001,38,1019486.46,28,2,0,0.6128,1
V005465,Eco Inc,A,19.0,0.6923076923076923,460202.14,26,256880.27,24,0,3,0.1702,0
V005466,Agro Services,C,22.387755102040817,0.7755102040816326,728273.36,49,599504.28,31,2,0,0.2372,0
V005467,Delta Inc,C,23.58695652173913,0.782608695652174,468607.12,46,594106.81,20,2,0,0.1805,0
V005468,Gamma Industries,B,24.86046511627907,0.8837209302325582,445291.88,43,601973.36,30,1,0,0.3045,0
V005469,Pharma Pvt Ltd,A,31.456521739130434,0.9782608695652174,617486.08,46,487250.17000000004,28,0,1,0.7572,1
V005470,Gamma Inc,A,18.46153846153846,0.7115384615384616,1072801.53,52,573845.37,21,0,2,0.5579,1
V005471,Metal Associates,C,24.857142857142858,0.8571428571428571,601621.11,42,469976.62,26,2,1,0.1468,0
V005472,Agro Services,C,24.61111111111111,0.8055555555555556,382542.6,36,311341.14,27,2,1,0.072,0
V005473,Digital Inc,A,28.476190476190474,0.8809523809523809,478739.37,42,418250.16,34,0,1,0.3329,0
V005474,Logis Partners,A,26.448979591836736,0.8775510204081632,810169.85,49,235350.38,15,0,1,0.2004,0
V005475,Inter Group,A,25.02,0.84,1093167.08,50,402367.09,26,0,2,0.3203,0
V005476,Prime BV,A,23.163265306122447,0.7551020408163265,671996.5,49,403913.94,22,0,2,0.1014,0
V005477,Pharma BV,C,16.959183673469386,0.7142857142857143,462639.11,49,200483.15,22,2,3,0.202,0
V005478,Agro Solutions,C,14.731707317073171,0.6829268292682927,409442.55,41,339730.54,23,2,3,0.4748,0
V005479,Delta Partners,A,23.096153846153847,0.7884615384615384,909366.64,52,358182.42,25,0,2,0.1441,0
V005480,Zeta Group,B,22.38095238095238,0.8333333333333334,792816.27,42,137736.55,17,1,2,0.166,0
V005481,Metal Pvt Ltd,B,16.5,0.7083333333333334,757308.24,48,419499.39999999997,26,1,3,0.3195,0
V005482,Net Ltd,A,19.404761904761905,0.8095238095238095,1070040.93,42,173297.83000000002,23,0,2,0.3247,0
V005483,Global GmbH,A,16.1,0.675,710206.64,40,223539.5,22,0,3,0.35,0
V005484,Zeta Partners,A,23.533333333333335,0.8666666666666667,852500.48,45,394937.6,24,0,2,0.1982,0
V005485,Trans Solutions,C,23.47222222222222,0.8333333333333334,327873.22,36,135595.38,20,2,1,0.1581,0
V005486,Eco Industries,B,22.771428571428572,0.7714285714285715,253660.47,35,157721.78,21,1,1,0.2235,0
V005487,Net Services,A,18.884615384615383,0.8076923076923077,536303.54,26,189787.92,22,0,3,0.1306,0
V005488,Agro Associates,B,17.162790697674417,0.6744186046511628,505639.52999999997,43,185356.29,15,1,3,0.2915,0
V005489,Smart Group,C,20.282608695652176,0.7608695652173914,680132.17,46,376974.45999999996,16,2,3,0.1228,0
V005490,Uni Ltd,A,20.146341463414632,0.7317073170731707,596249.2999999999,41,143538.87,23,0,3,0.1416,0
V005491,Infra AG,C,21.685714285714287,0.8285714285714286,304407.35,35,114617.57,15,2,1,0.245,0
V005492,Pharma Associates,D,25.170731707317074,0.7804878048780488,794586.16,41,186158.76,22,3,2,0.1641,0
V005493,Pharma Services,A,26.73170731707317,0.9024390243902439,674778.94,41,276360.93,24,0,1,0.2317,0
V005494,Metal GmbH,A,15.755555555555556,0.6888888888888889,676160.0399999999,45,150907.02000000002,30,0,3,0.389,0
V005495,Infra Solutions,C,31.27906976744186,0.8604651162790697,515662.82,43,199433.21,19,2,1,0.4713,0
V005496,Smart Associates,A,22.951219512195124,0.8292682926829268,713662.78,41,294892.32,26,0,2,0.0569,0
V005497,Uni Inc,A,27.46153846153846,0.8205128205128205,472967.38,39,156256.15,21,0,1,0.1701,0
V005498,Smart Inc,D,24.475,0.8,500701.99000000005,40,425795.77,34,3,1,0.0696,0
V005499,Logis Solutions,D,26.3265306122449,0.8979591836734694,557322.5700000001,49,185641.87,22,3,1,0.2362,0
V005500,Pro Partners,A,17.666666666666668,0.6923076923076923,265351.8,39,189923.88,25,0,3,0.3425,0
V005501,Metal AG,D,19.041666666666668,0.7708333333333334,1685271.96,48,230554.41,31,3,2,0.6074,1
V005502,Net Group,A,23.645833333333332,0.7291666666666666,529069.54,48,426427.66000000003,25,0,3,0.16,0
V005503,Eco Solutions,A,17.270833333333332,0.6875,475404.52,48,334456.59,27,0,3,0.2404,0
V005504,Inter Associates,A,23.636363636363637,0.75,611323.92,44,202795.72,25,0,3,0.0985,0
V005505,Metal AG,C,24.333333333333332,0.7666666666666667,370659.4,30,98115.13,15,2,1,0.2225,0
V005506,Metal Inc,B,26.613636363636363,0.8636363636363636,785368.49,44,161012.86,18,1,1,0.2053,0
V005507,Zeta AG,D,21.044444444444444,0.8,450448.98,45,218046.49,21,3,1,0.0423,0
V005508,Agro Services,D,24.75,0.75,976692.6499999999,40,1410128.96,34,3,0,0.833,1
V005509,Gamma Corp,A,19.214285714285715,0.7142857142857143,488421.13,42,150875.31,17,0,3,0.1545,0
V005510,Delta GmbH,A,22.833333333333332,0.8666666666666667,305268.27,30,592549.83,29,0,0,0.3197,0
V005511,Infra Partners,A,23.377777777777776,0.7777777777777778,1022606.92,45,216510.43,17,0,2,0.2006,0
V005512,Global Enterprises,A,22.347826086956523,0.8043478260869565,577929.98,46,173421.14,17,0,1,0.0244,0
V005513,Sigma GmbH,B,24.23076923076923,0.7435897435897436,567926.11,39,432714.87,21,1,0,0.1561,0
V005514,Eco Industries,A,21.596153846153847,0.7692307692307693,505393.45,52,532048.64,19,0,0,0.1423,0
V005515,Inter AG,A,23.906976744186046,0.813953488372093,464579.94,43,271915.55,22,0,1,0.0216,0
V005516,Sigma BV,B,24.82608695652174,0.8260869565217391,487146.06,46,343435.64,27,1,1,0.0749,0
V005517,Metal GmbH,B,25.25,0.84375,318902.9,32,259160.89,27,1,1,0.1676,0
V005518,Gamma Industries,A,20.49056603773585,0.7169811320754716,921485.6,53,252156.84,24,0,2,0.2552,0
V005519,Sigma BV,B,18.857142857142858,0.8,482045.09,35,148251.52,15,1,3,0.1575,0
V005520,Global AG,B,26.414634146341463,0.8292682926829268,432113.3,41,259978.6,25,1,1,0.0948,0
V005521,Agro Corp,B,23.083333333333332,0.75,513924.77999999997,36,445044.66,34,1,0,0.1247,0
V005522,Smart Industries,B,24.25,0.725,524695.49,40,466358.11000000004,22,1,0,0.2004,0
V005523,Global Ltd,B,22.029411764705884,0.7941176470588235,455199.33,34,117971.26,16,1,1,0.092,0
V005524,Delta Enterprises,D,18.615384615384617,0.7884615384615384,428862.05,52,349754.77999999997,25,3,3,0.1646,0
V005525,Metal Solutions,A,18.79591836734694,0.7346938775510204,621223.21,49,201389.36,17,0,3,0.143,0
V005526,Tech Pvt Ltd,B,29.541666666666668,0.8958333333333334,416020.55,48,567566.91,28,1,1,0.5322,0
V005527,Energy AG,B,22.5625,0.78125,509144.52999999997,32,173843.46,21,1,1,0.0469,0
V005528,Alpha AG,C,27.023255813953487,0.8372093023255814,920466.38,43,408110.45,24,2,2,0.2727,0
V005529,Epsilon GmbH,B,28.357142857142858,0.7619047619047619,410154.89999999997,42,645431.27,27,1,0,0.4712,0
V005530,Eco Group,A,21.15686274509804,0.7254901960784313,906575.99,51,158794.28,21,0,2,0.2376,0
V005531,Trans BV,C,20.08695652173913,0.8043478260869565,592133.2999999999,46,425690.19,20,2,0,0.1219,0
V005532,Energy Group,A,21.0,0.75,487682.96,48,180983.25,22,0,3,0.0768,0
V005533,Pharma Solutions,B,23.125,0.7857142857142857,786752.75,56,346347.27,25,1,2,0.0955,0
V005534,Eco Solutions,B,22.0,0.7368421052631579,434804.91000000003,38,168447.19,24,1,3,0.0946,0
V005535,Pharma AG,B,14.7,0.78,505709.77,50,136608.36,23,1,3,0.4047,0
V005536,Epsilon Ltd,A,17.044444444444444,0.6666666666666666,944778.3500000001,45,334676.95999999996,28,0,3,0.4459,0
V005537,Sigma Corp,B,23.475,0.85,471803.32,40,213762.91,28,1,1,0.0576,0
V005538,Pro Group,A,28.547619047619047,0.8571428571428571,425073.81,42,326641.53,21,0,1,0.2511,0
V005539,Beta Services,C,17.095238095238095,0.7380952380952381,451508.61,42,496052.89,24,2,3,0.264,0
V005540,Smart BV,A,19.574468085106382,0.8085106382978723,813233.94,47,227473.69999999998,21,0,2,0.1752,0
V005541,Sigma Corp,A,22.046511627906977,0.7441860465116279,399620.96,43,455663.74,24,0,0,0.1327,0
V005542,Tech Solutions,A,23.571428571428573,0.7959183673469388,489169.33,49,288154.65,29,0,1,0.0167,0
V005543,Prime Enterprises,A,24.959183673469386,0.8571428571428571,535607.5,49,140329.47,14,0,1,0.105,0
V005544,Uni Associates,A,21.583333333333332,0.7777777777777778,940988.73,36,514994.10000000003,21,0,2,0.2774,0
V005545,Digital Pvt Ltd,D,27.7,0.875,411035.74,40,238021.90999999997,19,3,1,0.1994,0
V005546,Prime Enterprises,A,24.72093023255814,0.8604651162790697,768984.95,43,908732.3799999999,27,0,0,0.5452,0
V005547,Pharma Ltd,B,23.0,0.8484848484848485,397200.71,33,828754.26,32,1,0,0.4243,0
V005548,Metal Group,B,23.457142857142856,0.8,413315.77,35,690932.6799999999,26,1,0,0.2727,0
V005549,Beta Group,C,20.076923076923077,0.75,638793.66,52,381664.29,20,2,3,0.1252,0
V005550,Alpha Associates,C,20.333333333333332,0.7083333333333334,1205565.1400000001,48,277437.39,23,2,2,0.4584,0
V005551,Pro Industries,A,24.09090909090909,0.8181818181818182,281521.12,33,115953.44,12,0,1,0.249,0
V005552,Agro AG,A,20.08108108108108,0.7027027027027027,426447.56,37,128242.64,21,0,3,0.2335,0
V005553,Energy Ltd,A,20.36111111111111,0.8333333333333334,255994.47999999998,36,161727.86000000002,22,0,1,0.2625,0
V005554,Metal Industries,A,27.512820512820515,0.8461538461538461,320013.55,39,312450.48,23,0,1,0.2367,0
V005555,Prime Group,C,26.5,0.8888888888888888,275705.24,36,397307.52999999997,19,2,1,0.3787,0
V005556,Sigma GmbH,C,19.68888888888889,0.6444444444444445,742107.08,45,245119.51,22,2,3,0.3687,0
V005557,Infra Enterprises,C,21.558139534883722,0.7441860465116279,580645.24,43,131710.88999999998,19,2,3,0.1191,0
V005558,Logis Corp,B,23.77777777777778,0.7777777777777778,771729.0599999999,45,327974.92,25,1,2,0.0911,0
V005559,Beta Group,A,22.305555555555557,0.8333333333333334,378078.96,36,397993.43,27,0,1,0.1356,0
V005560,Zeta BV,A,17.88,0.66,697184.9,50,499052.89,17,0,3,0.4048,0
V005561,Beta Partners,A,22.5,0.9,568466.58,40,145106.9,16,0,1,0.2787,0
V005562,Eco Associates,C,21.896551724137932,0.7241379310344828,251879.77,29,284856.42,24,2,3,0.2486,0
V005563,Delta BV,A,21.404761904761905,0.6904761904761905,436301.88,42,363847.76999999996,33,0,3,0.235,0
V005564,Net GmbH,A,22.48,0.86,660774.96,50,141793.96,17,0,1,0.1593,0
V005565,Uni Partners,B,22.71794871794872,0.8205128205128205,572072.11,39,388922.99,17,1,1,0.0654,0
V005566,Zeta Services,A,24.617021276595743,0.7659574468085106,653192.0,47,395339.02,28,0,1,0.128,0
V005567,Beta Pvt Ltd,D,22.083333333333332,0.8055555555555556,368857.62,36,251590.52,28,3,1,0.0509,0
V005568,Eco Corp,D,26.897435897435898,0.8461538461538461,380330.42,39,221899.43,19,3,1,0.1472,0
V005569,Gamma Services,B,18.075,0.7,407913.87,40,60445.24,14,1,3,0.4132,0
V005570,Infra Solutions,A,20.951219512195124,0.7804878048780488,1031375.42,41,481410.51,34,0,2,0.3087,0
V005571,Prime Inc,B,19.424242424242426,0.7575757575757576,272918.14,33,237204.75,24,1,3,0.1949,0
V005572,Inter Enterprises,B,26.733333333333334,0.8444444444444444,581777.0,45,475214.2,31,1,1,0.178,0
V005573,Gamma Corp,C,15.0,0.6363636363636364,737459.61,33,141196.15,18,2,3,0.6108,1
V005574,Sigma Partners,B,25.901960784313726,0.8627450980392157,497742.27,51,296539.71,21,1,1,0.0936,0
V005575,Uni Group,A,20.844444444444445,0.7555555555555555,798263.29,45,166665.59,22,0,2,0.1468,0
V005576,Inter AG,B,25.29032258064516,0.8387096774193549,338467.8,31,309485.07,37,1,1,0.1428,0
V005577,Delta BV,A,18.136363636363637,0.6818181818181818,683674.17,44,474974.49999999994,22,0,3,0.34,0
V005578,Metal Pvt Ltd,A,21.65714285714286,0.8,508012.98000000004,35,202405.01,21,0,1,0.0286,0
V005579,Eco Partners,A,23.2,0.85,681969.5,40,170937.8,16,0,1,0.0933,0
V005580,Trans Solutions,A,22.14,0.78,440716.58,50,163957.82,19,0,1,0.0509,0
V005581,Net Inc,A,16.41176470588235,0.7352941176470589,393951.78,34,753659.5900000001,18,0,0,0.5167,0
V005582,Delta Industries,C,18.0,0.6904761904761905,594295.9,42,350357.84,24,2,3,0.2284,0
V005583,Eco Pvt Ltd,A,24.666666666666668,0.8125,948075.0,48,108367.68000000001,16,0,2,0.2792,0
V005584,Prime Corp,A,24.457142857142856,0.7714285714285715,287241.14,35,717210.77,17,0,0,0.4462,0
V005585,Infra Group,A,23.073170731707318,0.7804878048780488,686408.56,41,207634.13,24,0,2,0.0608,0
V005586,Gamma Solutions,B,24.25,0.8055555555555556,691422.74,36,662090.61,34,1,0,0.2657,0
V005587,Prime Inc,B,20.547619047619047,0.7380952380952381,609245.46,42,550008.59,27,1,0,0.2156,0
V005588,Tech GmbH,B,21.825,0.725,605852.02,40,214100.35,24,1,3,0.104,0
V005589,Alpha BV,A,26.11764705882353,0.8431372549019608,441785.59,51,143561.85,11,0,1,0.1431,0
V005590,Uni Inc,B,22.523809523809526,0.7380952380952381,351130.5,42,159560.71,23,1,3,0.1603,0
V005591,Alpha Partners,B,21.697674418604652,0.7906976744186046,472923.84,43,444028.9,26,1,0,0.088,0
V005592,Gamma Ltd,C,27.565217391304348,0.8478260869565217,322118.4,46,251094.5,27,2,1,0.2318,0
V005593,Global Associates,C,21.454545454545453,0.7272727272727273,688570.95,44,253115.84,24,2,3,0.1134,0
V005594,Beta Pvt Ltd,B,23.645833333333332,0.8125,784594.5599999999,48,340050.22,16,1,2,0.0837,0
V005595,Uni BV,A,20.29268292682927,0.7560975609756098,640782.12,41,243622.61,27,0,3,0.083,0
V005596,Global Partners,B,32.142857142857146,0.8571428571428571,471649.64,42,411969.92,19,1,1,0.5334,0
V005597,Alpha Associates,B,14.891891891891891,0.5675675675675675,689469.5,37,761973.07,28,1,3,0.8366,1
V005598,Pro Associates,B,25.285714285714285,0.875,647681.79,56,120370.06,22,1,1,0.2106,0
V005599,Zeta Partners,A,28.594594594594593,0.8918918918918919,481437.29000000004,37,245202.74,20,0,1,0.302,0
V005600,Eco Associates,B,21.58139534883721,0.8372093023255814,359937.65,43,154514.18,17,1,1,0.1499,0
V005601,Smart Enterprises,C,29.541666666666668,0.875,767407.99,24,555811.38,24,2,1,0.533,0
V005602,Epsilon Partners,A,26.979166666666668,0.8958333333333334,475520.45,48,646952.16,30,0,0,0.4281,0
V005603,Agro Ltd,A,19.3265306122449,0.8163265306122449,958442.66,49,327325.76,26,0,2,0.2629,0
V005604,Net GmbH,A,18.025641025641026,0.6666666666666666,1055540.04,39,414198.87,18,0,3,0.5006,0
V005605,Inter GmbH,A,18.358490566037737,0.660377358490566,462507.67,53,229866.97,27,0,3,0.254,0
V005606,Net Corp,A,21.625,0.775,679062.8099999999,40,189289.95,19,0,3,0.0774,0
V005607,Alpha Associates,C,22.15909090909091,0.7954545454545454,658271.8,44,223099.1,24,2,1,0.0252,0
V005608,Infra Services,C,19.342105263157894,0.7631578947368421,595718.79,38,384560.31,25,2,3,0.1171,0
V005609,Agro GmbH,A,23.555555555555557,0.75,1161761.9000000001,36,483889.74,24,0,2,0.4,0
V005610,Trans Solutions,C,26.08695652173913,0.8478260869565217,724799.42,46,383071.23,33,2,1,0.1414,0
V005611,Energy Enterprises,A,27.217391304347824,0.8695652173913043,591755.19,46,155864.11000000002,21,0,1,0.179,0
V005612,Zeta Ltd,B,22.967741935483872,0.8387096774193549,412726.93,31,343455.3,29,1,1,0.0847,0
V005613,Gamma Partners,B,22.375,0.825,350376.82,40,224913.31,26,1,1,0.0849,0
V005614,Inter Solutions,A,15.821428571428571,0.6428571428571429,597791.3099999999,28,405652.82,22,0,3,0.4498,0
V005615,Global Enterprises,C,23.862068965517242,0.7586206896551724,1307812.93,29,367801.73,24,2,2,0.4413,0
V005616,Inter Industries,C,24.270833333333332,0.8333333333333334,698000.13,48,237681.39,24,2,1,0.0766,0
V005617,Smart Inc,A,24.318181818181817,0.8636363636363636,895077.5700000001,44,466335.17000000004,21,0,2,0.2618,0
V005618,Infra Pvt Ltd,A,26.045454545454547,0.9090909090909091,428562.3,44,334481.18,26,0,1,0.276,0
V005619,Uni Pvt Ltd,B,17.6875,0.7291666666666666,639444.74,48,289116.52,28,1,3,0.1492,0
V005620,Alpha GmbH,C,21.975,0.775,315157.08999999997,40,341968.76,18,2,3,0.1193,0
V005621,Eco Corp,D,24.918367346938776,0.8163265306122449,302268.3,49,834397.42,21,3,0,0.4827,0
V005622,Pharma Partners,B,26.61904761904762,0.7619047619047619,504279.05000000005,42,830059.93,30,1,0,0.4863,0
V005623,Prime Inc,A,25.489795918367346,0.8571428571428571,460459.37,49,594093.11,23,0,0,0.2194,0
V005624,Agro Pvt Ltd,A,23.53846153846154,0.8461538461538461,447561.04,26,379261.45999999996,24,0,1,0.0976,0
V005625,Infra Partners,B,15.622222222222222,0.7111111111111111,472282.87,45,234727.98,26,1,3,0.2645,0
V005626,Beta AG,A,23.294117647058822,0.7941176470588235,449353.84,34,157850.82,22,0,1,0.0458,0
V005627,Prime GmbH,C,27.974358974358974,0.8461538461538461,344036.66,39,426571.45,19,2,1,0.2805,0
V005628,Uni Solutions,C,22.403846153846153,0.7692307692307693,594447.38,52,321967.79,21,2,3,0.0421,0
V005629,Alpha AG,A,19.69047619047619,0.6904761904761905,886528.85,42,540705.59,25,0,3,0.4621,0
V005630,Gamma Enterprises,B,20.0625,0.7291666666666666,508506.7,48,202754.6,15,1,3,0.1004,0
V005631,Delta AG,B,18.178571428571427,0.625,1175506.64,56,644863.04,27,1,2,0.8343,1
V005632,Pro Solutions,A,23.45945945945946,0.8378378378378378,244000.06,37,694567.91,27,0,0,0.4344,0
V005633,Delta Corp,A,25.11904761904762,0.8095238095238095,494889.82,42,60582.47,16,0,1,0.2365,0
V005634,Inter GmbH,C,28.11904761904762,0.8809523809523809,609546.0,42,359320.79,17,2,1,0.2531,0
V005635,Pharma Enterprises,C,21.115384615384617,0.7692307692307693,854618.38,52,210553.78,23,2,2,0.1336,0
V005636,Epsilon Industries,A,20.705882352941178,0.7843137254901961,544955.47,51,278567.11,24,0,3,0.0366,0
V005637,Digital Inc,C,18.88235294117647,0.6666666666666666,953960.6699999999,51,242921.49,23,2,3,0.3984,0
V005638,Sigma Pvt Ltd,A,29.022727272727273,0.9318181818181818,836406.46,44,721628.86,25,0,0,0.7522,1
V005639,Zeta Pvt Ltd,A,23.25,0.8541666666666666,640027.38,48,165978.25,16,0,1,0.1009,0
V005640,Trans Pvt Ltd,A,21.08,0.82,730948.11,50,157667.12,25,0,2,0.1156,0
V005641,Delta Associates,B,21.44736842105263,0.7631578947368421,496801.01,38,121783.64,19,1,3,0.1116,0
V005642,Gamma Services,A,19.324324324324323,0.6756756756756757,216090.66999999998,37,295229.36,26,0,3,0.4058,0
V005643,Smart Ltd,B,31.962962962962962,0.8888888888888888,710105.22,54,248442.58,26,1,1,0.5205,0
V005644,Gamma BV,B,22.692307692307693,0.8205128205128205,731966.52,39,627069.9400000001,17,1,0,0.2563,0
V005645,Infra Industries,A,24.595238095238095,0.7619047619047619,1021912.0499999999,42,302302.45,17,0,2,0.2473,0
V005646,Uni Services,B,26.484848484848484,0.8181818181818182,202807.01,33,133848.18,17,1,1,0.3715,0
V005647,Eco Associates,A,27.7,0.8666666666666667,209824.13,30,255675.09,20,0,1,0.3944,0
V005648,Tech Industries,A,16.23076923076923,0.6666666666666666,517032.07,39,416905.16,27,0,3,0.3464,0
V005649,Prime Industries,A,16.41176470588235,0.6764705882352942,718693.06,34,545535.96,26,0,3,0.4811,0
V005650,Pro Enterprises,A,19.571428571428573,0.7714285714285715,358691.62,35,144588.12,17,0,3,0.1531,0
V005651,Logis Enterprises,A,22.72,0.74,744106.96,50,206473.98,24,0,2,0.1197,0
V005652,Uni BV,A,23.045454545454547,0.8863636363636364,423231.29,44,482483.96,15,0,1,0.2611,0
V005653,Pro Inc,A,19.236842105263158,0.7894736842105263,385850.89,38,305912.89,23,0,3,0.1272,0
V005654,Net Group,D,24.930232558139537,0.8372093023255814,598258.06,43,256002.21,23,3,1,0.0653,0
V005655,Pro Enterprises,B,26.42,0.84,417680.98,50,539458.86,14,1,0,0.2083,0
V005656,Tech Solutions,B,23.288888888888888,0.8,361506.14,45,187217.75,19,1,1,0.0731,0
V005657,Logis Corp,B,19.838709677419356,0.7419354838709677,343875.75,31,293588.01999999996,16,1,3,0.1287,0
V005658,Pro Inc,B,16.1875,0.8125,497175.58999999997,32,127550.83,21,1,3,0.3338,0
V005659,Infra Services,A,28.256410256410255,0.8205128205128205,693136.31,39,298874.47,17,0,1,0.2266,0
V005660,Gamma Solutions,A,18.977777777777778,0.6222222222222222,553549.66,45,140169.45,20,0,3,0.4514,0
V005661,Epsilon Pvt Ltd,C,29.634146341463413,0.8292682926829268,483808.37,41,490386.41,33,2,1,0.4229,0
V005662,Inter Ltd,B,16.097560975609756,0.6829268292682927,414965.44,41,170190.39,24,1,3,0.3591,0
V005663,Sigma Partners,B,25.32608695652174,0.8260869565217391,633215.15,46,162961.61000000002,22,1,1,0.1065,0
V005664,Delta Corp,C,15.490196078431373,0.6666666666666666,1094339.34,51,390278.1,24,2,3,0.5858,1
V005665,Inter AG,A,22.024390243902438,0.8048780487804879,400970.1,41,121986.49,16,0,1,0.0996,0
V005666,Sigma Pvt Ltd,C,25.80851063829787,0.7872340425531915,610071.96,47,399026.39,21,2,1,0.1165,0
V005667,Agro Ltd,A,22.93617021276596,0.6595744680851063,621625.58,47,415520.48,24,0,3,0.3727,0
V005668,Global Partners,C,18.88235294117647,0.6862745098039216,469920.49,51,317525.08,28,2,3,0.193,0
V005669,Eco BV,A,23.136363636363637,0.8181818181818182,371566.92,44,361906.48,27,0,1,0.0928,0
V005670,Infra Solutions,A,23.5,0.7727272727272727,501492.04,44,240868.96000000002,15,0,1,0.0334,0
V005671,Beta Inc,C,21.025,0.825,938716.13,40,305415.68,24,2,2,0.1881,0
V005672,Zeta Group,A,14.290909090909091,0.6363636363636364,672578.3,55,240192.39,26,0,3,0.5677,1
V005673,Sigma Services,D,24.82608695652174,0.8043478260869565,469374.86,46,223110.79,20,3,1,0.0395,0
V005674,Digital Pvt Ltd,A,21.658536585365855,0.7804878048780488,319843.43,41,215448.84,21,0,3,0.0991,0
V005675,Epsilon Services,B,28.11111111111111,0.8333333333333334,480138.26,36,162063.84,22,1,1,0.211,0
V005676,Logis Pvt Ltd,A,26.105263157894736,0.8421052631578947,469057.16,38,362046.34,23,0,1,0.1274,0
V005677,Net Solutions,B,27.020408163265305,0.9183673469387755,353527.67,49,315003.54,20,1,1,0.3586,0
V005678,Metal AG,B,18.615384615384617,0.6923076923076923,378139.73,39,635859.2,24,1,0,0.44,0
V005679,Gamma GmbH,A,24.41025641025641,0.8461538461538461,383142.02,39,310912.72,29,0,1,0.0874,0
V005680,Trans Services,D,24.0,0.8,593519.45,35,343816.35000000003,22,3,1,0.0454,0
V005681,Uni Associates,B,18.62962962962963,0.8518518518518519,613349.95,54,477865.85000000003,24,1,0,0.3378,0
V005682,Sigma Associates,A,22.325,0.775,287893.07,40,271626.4,20,0,1,0.1348,0
V005683,Uni AG,A,19.34090909090909,0.8181818181818182,402038.84,44,395528.14,28,0,3,0.1907,0
V005684,Global Associates,B,31.735294117647058,0.8529411764705882,495152.35000000003,34,230424.34,21,1,1,0.4714,0
V005685,Delta GmbH,A,26.863636363636363,0.8409090909090909,368420.33,44,242945.65,24,0,1,0.155,0
V005686,Eco Industries,B,20.794871794871796,0.8205128205128205,423718.02999999997,39,109512.29000000001,15,1,1,0.1681,0
V005687,Pharma Enterprises,D,17.5609756097561,0.6585365853658537,370148.83,41,206879.8,27,3,3,0.326,0
V005688,Pharma Ltd,A,21.026315789473685,0.7631578947368421,512000.01,38,398004.05,28,0,3,0.0877,0
V005689,Digital AG,B,17.0,0.7352941176470589,338648.61,34,280600.16,22,1,3,0.2197,0
V005690,Uni Solutions,D,25.193548387096776,0.9032258064516129,476866.12,31,449977.27999999997,24,3,1,0.271,0
V005691,Inter Industries,A,24.307692307692307,0.8205128205128205,523227.76,39,235935.55,33,0,1,0.0301,0
V005692,Digital Group,B,24.13157894736842,0.7368421052631579,440879.41,38,134091.57,19,1,3,0.1806,0
V005693,Alpha Group,A,28.209302325581394,0.7674418604651163,459527.73,43,179735.38,21,0,1,0.2849,0
V005694,Sigma Partners,B,19.384615384615383,0.8205128205128205,302292.44,39,482496.01999999996,26,1,0,0.2853,0
V005695,Smart Enterprises,C,22.930232558139537,0.9069767441860465,528547.32,43,211205.16999999998,24,2,1,0.2374,0
V005696,Zeta BV,C,28.65,0.85,870309.6599999999,40,688230.02,25,2,0,0.5655,1
V005697,Gamma Partners,A,19.235294117647058,0.7647058823529411,395370.48,34,190638.36,28,0,3,0.113,0
V005698,Trans GmbH,C,25.228571428571428,0.8857142857142857,484644.39,35,441917.43,31,2,1,0.2084,0
V005699,Trans Associates,A,21.11111111111111,0.8055555555555556,249510.75,36,149221.77,18,0,1,0.2296,0
V005700,Global Pvt Ltd,C,24.3,0.8,570771.43,50,227528.35,27,2,1,0.022,0
V005701,Pro Partners,A,23.4375,0.78125,233600.2,32,197143.74,18,0,1,0.221,0
V005702,Delta Ltd,B,22.148936170212767,0.8297872340425532,658419.52,47,181339.3,18,1,1,0.0716,0
V005703,Epsilon Pvt Ltd,A,28.09090909090909,0.8484848484848485,391113.91,33,216377.41,28,0,1,0.2158,0
V005704,Pro Associates,C,24.526315789473685,0.8157894736842105,823111.68,38,434295.62,35,2,2,0.1562,0
V005705,Epsilon Services,A,25.03448275862069,0.7931034482758621,565120.88,29,328053.45,24,0,1,0.06,0
V005706,Prime Corp,B,22.357142857142858,0.7857142857142857,1738643.03,42,296137.2,27,1,2,0.5484,0
V005707,Prime BV,C,22.55263157894737,0.8421052631578947,1331558.11,38,191711.57,23,2,2,0.4751,0
V005708,Beta Ltd,D,23.53846153846154,0.8205128205128205,551013.06,39,153637.61,15,3,1,0.0411,0
V005709,Alpha Corp,A,18.44,0.72,791272.1900000001,50,668331.5599999999,23,0,0,0.4438,0
V005710,Pharma Solutions,A,23.555555555555557,0.7777777777777778,708850.74,36,507427.77999999997,24,0,0,0.1683,0
V005711,Infra Solutions,B,21.470588235294116,0.7450980392156863,593730.78,51,168911.65,23,1,3,0.0954,0
V005712,Prime GmbH,B,22.511627906976745,0.7674418604651163,573793.38,43,87252.04,17,1,3,0.1608,0
V005713,Epsilon AG,A,23.428571428571427,0.8333333333333334,866700.15,42,221995.53999999998,12,0,2,0.1204,0
V005714,Prime Solutions,A,22.589285714285715,0.8214285714285714,849634.41,56,242654.4,22,0,2,0.1053,0
V005715,Inter Ltd,B,32.06818181818182,0.9090909090909091,355298.89,44,636088.49,29,1,1,0.6998,1
V005716,Alpha Pvt Ltd,A,23.87878787878788,0.9090909090909091,333939.13,33,281681.42,20,0,1,0.3104,0
V005717,Prime Industries,A,24.0,0.825,460698.43,40,153679.19,20,0,1,0.0515,0
V005718,Sigma GmbH,A,19.854166666666668,0.7083333333333334,1320310.4,48,361151.97,23,0,2,0.5508,1
V005719,Smart Inc,B,19.83783783783784,0.8648648648648649,391170.22000000003,37,627419.02,28,1,0,0.3924,0
V005720,Trans Inc,D,21.925,0.8,757071.46,40,476905.35000000003,24,3,0,0.1524,0
V005721,Alpha GmbH,C,22.547619047619047,0.7380952380952381,998163.55,42,298760.64,18,2,2,0.2303,0
V005722,Pharma Services,B,26.142857142857142,0.7380952380952381,355448.33,42,124680.2,20,1,1,0.3585,0
V005723,Alpha Ltd,A,29.846153846153847,0.8717948717948718,568368.8099999999,39,154409.55,23,0,1,0.3977,0
V005724,Smart Industries,A,26.32,0.88,901082.3999999999,50,208445.96,28,0,2,0.2461,0
V005725,Beta Pvt Ltd,C,23.05,0.85,652859.59,40,408111.78,18,2,1,0.122,0
V005726,Uni AG,B,21.47826086956522,0.8478260869565217,547097.53,46,449289.75,22,1,0,0.1645,0
V005727,Inter Enterprises,B,13.026315789473685,0.7368421052631579,467220.01999999996,38,365545.08999999997,19,1,3,0.463,0
V005728,Net Services,A,26.727272727272727,0.8409090909090909,552978.51,44,550554.1900000001,19,0,0,0.221,0
V005729,Global Services,A,28.727272727272727,0.9545454545454546,696636.33,44,597991.79,28,0,1,0.6695,1
V005730,Inter AG,A,20.024390243902438,0.6829268292682927,485101.02999999997,41,383344.31,18,0,3,0.2338,0
V005731,Epsilon Partners,B,19.135135135135137,0.7027027027027027,855868.21,37,832502.36,28,1,0,0.6284,1
V005732,Gamma Services,B,24.348837209302324,0.8372093023255814,431701.68,43,218702.4,25,1,1,0.0534,0
V005733,Epsilon Enterprises,A,22.13888888888889,0.75,1096556.8,36,449429.9,26,0,2,0.3253,0
V005734,Agro BV,A,25.864864864864863,0.7837837837837838,372004.85,37,266949.94,22,0,1,0.1309,0
V005735,Logis Enterprises,A,24.306122448979593,0.8163265306122449,898967.05,49,259045.83000000002,26,0,2,0.1297,0
V005736,Beta Enterprises,B,20.243243243243242,0.7837837837837838,694387.03,37,614789.3,22,1,0,0.2706,0
V005737,Sigma BV,C,29.390243902439025,0.8048780487804879,534304.76,41,172093.11000000002,25,2,1,0.3232,0
V005738,Zeta Ltd,C,21.906976744186046,0.7906976744186046,595763.45,43,206084.81,24,2,1,0.03,0
V005739,Energy BV,D,22.50980392156863,0.8235294117647058,533359.38,51,300554.24,22,3,1,0.0256,0
V005740,Infra Inc,C,21.08108108108108,0.8378378378378378,434024.95,37,291538.91000000003,23,2,1,0.0945,0
V005741,Smart Inc,B,21.93617021276596,0.7872340425531915,963324.09,47,329658.41000000003,14,1,2,0.158,0
V005742,Pro Partners,A,20.444444444444443,0.8222222222222222,481612.83999999997,45,485064.47,29,0,0,0.1688,0
V005743,Uni Enterprises,B,12.605263157894736,0.6052631578947368,515676.7,38,586123.27,22,1,3,0.7566,1
V005744,Pharma Inc,B,22.764705882352942,0.8235294117647058,315843.33,34,221003.41,22,1,1,0.107,0
V005745,Pharma Ltd,A,24.537037037037038,0.7962962962962963,951541.17,54,289485.44,14,0,2,0.1724,0
V005746,Uni Services,A,23.571428571428573,0.8571428571428571,543374.97,42,216318.84,17,0,1,0.0695,0
V005747,Eco Industries,A,25.785714285714285,0.8333333333333334,804408.49,42,221042.27,16,0,2,0.1502,0
V005748,Uni AG,A,24.25,0.8636363636363636,964371.66,44,109412.48,19,0,2,0.3383,0
V005749,Inter AG,B,26.153846153846153,0.8461538461538461,631590.05,39,199286.21,23,1,1,0.102,0
V005750,Smart Associates,B,22.5,0.8461538461538461,776873.82,52,122695.04000000001,15,1,2,0.1939,0
V005751,Digital Services,B,19.675,0.7,660621.37,40,241060.77,30,1,3,0.1821,0
V005752,Prime Solutions,B,26.333333333333332,0.8541666666666666,769738.49,48,189989.95,19,1,1,0.1625,0
V005753,Alpha Corp,A,15.372549019607844,0.6666666666666666,686066.76,51,293169.65,26,0,3,0.3627,0
V005754,Eco Services,B,26.148936170212767,0.8297872340425532,959223.98,47,118368.23,20,1,2,0.3177,0
V005755,Eco Pvt Ltd,B,24.65,0.775,289968.48,40,214290.76,22,1,1,0.1864,0
V005756,Alpha Services,A,23.5,0.75,602027.65,40,486601.63,23,0,0,0.1564,0
V005757,Metal GmbH,A,27.833333333333332,0.8888888888888888,794356.81,54,908856.77,22,0,0,0.6582,1
V005758,Metal BV,B,27.755555555555556,0.8,516953.32,45,558299.66,18,1,0,0.2897,0
V005759,Net BV,A,25.022222222222222,0.8666666666666667,452619.79,45,275986.41,24,0,1,0.0989,0
V005760,Beta GmbH,C,18.520833333333332,0.7708333333333334,347008.73,48,344052.49,19,2,3,0.1882,0
V005761,Agro Enterprises,C,22.395833333333332,0.7291666666666666,800799.28,48,552156.5399999999,31,2,0,0.3109,0
V005762,Energy BV,C,17.783783783783782,0.7567567567567568,823407.42,37,316967.88999999996,20,2,3,0.2086,0
V005763,Gamma Enterprises,B,27.657894736842106,0.7894736842105263,453899.23,38,321365.26,23,1,1,0.197,0
V005764,Alpha Ltd,B,19.42222222222222,0.7333333333333333,649049.63,45,138625.47,17,1,3,0.1701,0
V005765,Energy GmbH,B,18.289473684210527,0.7368421052631579,1088034.52,38,234945.93,25,1,2,0.3629,0
V005766,Gamma GmbH,B,18.844444444444445,0.7111111111111111,561742.91,45,159078.22,17,1,3,0.1769,0
V005767,Epsilon BV,A,24.23913043478261,0.717391304347826,669529.54,46,192088.84,28,0,3,0.2105,0
V005768,Sigma Inc,B,23.463414634146343,0.7560975609756098,383587.31,41,764705.26,34,1,0,0.3634,0
V005769,Agro AG,B,23.934782608695652,0.8478260869565217,474530.14,46,150845.36,20,1,1,0.073,0
V005770,Pharma Group,A,21.625,0.875,468169.72000000003,24,282222.44,18,0,1,0.1761,0
V005771,Alpha Group,B,19.3125,0.7083333333333334,686266.88,48,224904.19,19,1,3,0.1605,0
V005772,Delta Inc,D,18.46511627906977,0.7674418604651163,849367.15,43,370496.13,22,3,2,0.2427,0
V005773,Alpha Group,C,16.3125,0.6666666666666666,467326.19,48,319591.58,18,2,3,0.2913,0
V005774,Beta Associates,D,25.25,0.7727272727272727,821289.58,44,235038.15,25,3,2,0.1666,0
V005775,Smart Group,A,21.375,0.825,555101.77,40,645499.01,27,0,0,0.2735,0
V005776,Beta Associates,D,21.17948717948718,0.6923076923076923,379574.84,39,352138.71,25,3,3,0.2631,0
V005777,Trans Corp,B,22.425,0.825,303821.99,40,236407.76,25,1,1,0.1215,0
V005778,Digital Partners,C,18.59259259259259,0.7592592592592593,835759.4,54,177554.01,26,2,3,0.2263,0
V005779,Net GmbH,A,19.228571428571428,0.6571428571428571,491661.79,35,470396.51,24,0,3,0.3371,0
V005780,Global Industries,A,22.545454545454547,0.7878787878787878,302957.27999999997,33,202230.26,19,0,1,0.1133,0
V005781,Prime Partners,A,17.428571428571427,0.6666666666666666,433539.68,42,212016.86000000002,23,0,3,0.2794,0
V005782,Delta Group,A,21.91304347826087,0.7608695652173914,919166.4,46,381369.81,26,0,2,0.1658,0
V005783,Smart GmbH,C,23.444444444444443,0.7777777777777778,432524.94,36,138373.01,16,2,1,0.0795,0
V005784,Beta Enterprises,A,29.216216216216218,0.8378378378378378,698683.54,37,194363.15,23,0,1,0.3425,0
V005785,Pharma Solutions,D,23.225,0.825,625258.02,40,222905.03,25,3,1,0.0248,0
V005786,Trans Enterprises,A,25.166666666666668,0.8571428571428571,559425.71,42,584454.54,25,0,0,0.2185,0
V005787,Eco Corp,B,22.025641025641026,0.717948717948718,453362.14999999997,39,181049.09,22,1,3,0.1497,0
V005788,Energy Industries,C,14.552631578947368,0.631578947368421,316384.32,38,95105.23,17,2,3,0.7058,1
V005789,Beta Associates,B,20.9,0.78,875726.36,50,223428.31,26,1,2,0.1394,0
V005790,Eco AG,B,25.902439024390244,0.8292682926829268,688018.53,41,195013.64,25,1,1,0.1161,0
V005791,Zeta Solutions,A,15.244444444444444,0.7111111111111111,654571.9,45,858479.42,20,0,0,0.6634,1
V005792,Agro BV,A,20.192307692307693,0.7884615384615384,807908.44,52,192623.5,21,0,2,0.1557,0
V005793,Metal Group,A,24.44736842105263,0.868421052631579,521469.08,38,348364.57,29,0,1,0.107,0
V005794,Global Partners,D,23.5625,0.7708333333333334,533942.04,48,420195.87,21,3,0,0.0773,0
V005795,Delta Services,A,21.708333333333332,0.7708333333333334,668287.9,48,199152.21,27,0,3,0.0686,0
V005796,Energy Inc,D,24.2972972972973,0.8108108108108109,324681.05,37,430909.97,22,3,1,0.1589,0
V005797,Logis Partners,B,24.844444444444445,0.8666666666666667,1163250.56,45,137977.38,16,1,2,0.438,0
V005798,Trans BV,B,21.9,0.76,1115666.15,50,269324.69,26,1,2,0.278,0
V005799,Logis Group,B,22.725,0.8,337124.65,40,455066.74,20,1,0,0.1309,0
V005800,Gamma Partners,D,20.394736842105264,0.8157894736842105,519436.19,38,184433.04,22,3,1,0.0648,0
V005801,Inter GmbH,B,19.0,0.78125,317184.81,32,315509.43,19,1,3,0.1774,0
V005802,Prime AG,A,13.868421052631579,0.6842105263157895,441810.03,38,222219.14,25,0,3,0.4843,0
V005803,Global AG,B,19.80952380952381,0.8333333333333334,515399.75,42,235217.44,28,1,1,0.1345,0
V005804,Tech Inc,A,19.170731707317074,0.8048780487804879,566383.35,41,627274.14,25,0,0,0.302,0
V005805,Global Inc,A,27.790697674418606,0.8604651162790697,330370.39,43,184689.08,22,0,1,0.261,0
V005806,Delta Pvt Ltd,D,25.313725490196077,0.803921568627451,1380753.45,51,323475.11,23,3,2,0.4835,0
V005807,Prime Pvt Ltd,B,21.060606060606062,0.7878787878787878,454758.89999999997,33,603936.14,24,1,0,0.2143,0
V005808,Net Solutions,A,25.63888888888889,0.8611111111111112,333342.67,36,209263.36,20,0,1,0.1714,0
V005809,Alpha Group,C,15.102564102564102,0.6923076923076923,675839.35,39,452206.38,28,2,3,0.4327,0
V005810,Pro Services,A,23.05,0.85,727803.66,40,148534.28999999998,11,0,1,0.1198,0
V005811,Inter Corp,D,21.105263157894736,0.7631578947368421,649059.15,38,225921.48,26,3,3,0.057,0
V005812,Eco Inc,A,24.972972972972972,0.7837837837837838,1311890.19,37,95962.84999999999,13,0,2,0.5609,1
V005813,Infra AG,A,19.405405405405407,0.7297297297297297,509916.08,37,323081.45,24,0,3,0.1149,0
V005814,Inter Enterprises,B,21.236842105263158,0.7368421052631579,497335.57,38,247576.69,22,1,3,0.0756,0
V005815,Metal GmbH,C,22.72093023255814,0.7906976744186046,312358.91000000003,43,403666.6,30,2,1,0.1399,0
V005816,Alpha Partners,B,27.4375,0.84375,389509.01,32,152203.51,18,1,1,0.2145,0
V005817,Gamma Pvt Ltd,C,30.651162790697676,0.8837209302325582,366158.8,43,256718.87999999998,23,2,1,0.4849,0
V005818,Pro Pvt Ltd,A,18.02777777777778,0.6944444444444444,483812.92,36,561526.75,25,0,3,0.3443,0
V005819,Pro Pvt Ltd,B,18.625,0.75,455571.1,40,316497.42,24,1,3,0.1211,0
V005820,Smart GmbH,B,19.466666666666665,0.7111111111111111,497445.51999999996,45,230485.13,23,1,3,0.1349,0
V005821,Smart Ltd,A,17.555555555555557,0.7592592592592593,984151.02,54,240803.52,26,0,2,0.3224,0
V005822,Net Solutions,A,28.795454545454547,0.8636363636363636,475877.94,44,339513.61,28,0,1,0.2881,0
V005823,Smart Solutions,A,23.956521739130434,0.8260869565217391,691066.39,46,383409.93,22,0,1,0.0863,0
V005824,Digital Pvt Ltd,A,25.59375,0.78125,829057.88,32,391477.94999999995,20,0,2,0.1774,0
V005825,Energy Industries,A,20.681818181818183,0.7727272727272727,782464.45,44,527226.79,23,0,0,0.2276,0
V005826,Tech GmbH,A,27.736842105263158,0.868421052631579,291867.07,38,240941.83,24,0,1,0.2777,0
V005827,Trans AG,B,19.46153846153846,0.7692307692307693,412456.86,39,344194.85000000003,23,1,3,0.1223,0
V005828,Agro BV,D,25.822222222222223,0.8222222222222222,886981.98,45,318427.29,30,3,2,0.17,0
V005829,Uni GmbH,B,21.710526315789473,0.7631578947368421,477537.72,38,378615.33,27,1,3,0.0782,0
V005830,Uni Enterprises,D,28.25581395348837,0.9302325581395349,801954.62,43,254868.72,24,3,1,0.4826,0
V005831,Energy Pvt Ltd,A,22.289473684210527,0.8421052631578947,369276.38,38,399656.99,22,0,1,0.1581,0
V005832,Global Services,B,24.390243902439025,0.8048780487804879,536866.45,41,170668.35,27,1,1,0.0374,0
V005833,Agro AG,A,24.36842105263158,0.8157894736842105,485663.75,38,331621.83999999997,17,0,1,0.0428,0
V005834,Agro Inc,C,26.959183673469386,0.8979591836734694,604585.38,49,286297.97000000003,18,2,1,0.2144,0
V005835,Net Group,B,22.046511627906977,0.7674418604651163,485083.51,43,495528.81,22,1,0,0.1166,0
V005836,Prime Enterprises,A,23.88095238095238,0.8095238095238095,357303.6,42,898297.38,26,0,0,0.4894,0
V005837,Eco BV,B,25.975,0.825,632885.63,40,199681.92,23,1,1,0.0878,0
V005838,Eco Corp,D,24.875,0.78125,1206474.24,32,438190.31,24,3,2,0.4372,0
V005839,Net Partners,A,26.68421052631579,0.8157894736842105,1314473.39,38,181178.65,20,0,2,0.515,0
V005840,Energy Inc,B,21.596153846153847,0.8076923076923077,730716.26,52,87812.39,16,1,2,0.2031,0
V005841,Net Ltd,C,22.571428571428573,0.7857142857142857,450206.75,28,458341.81,30,2,0,0.0944,0
V005842,Smart Pvt Ltd,A,31.1,0.925,298257.96,40,716896.01,22,0,0,0.8137,1
V005843,Delta Inc,B,25.43243243243243,0.8378378378378378,660185.7,37,144342.25,19,1,1,0.1309,0
V005844,Agro BV,C,16.333333333333332,0.7142857142857143,532334.87,42,196319.83000000002,18,2,3,0.2319,0
V005845,Uni Enterprises,A,26.325,0.85,926348.25,40,202097.25,22,0,2,0.217,0
V005846,Alpha Corp,C,24.0,0.7105263157894737,452232.44,38,284721.52999999997,18,2,3,0.1924,0
V005847,Agro BV,B,21.805555555555557,0.75,417052.65,36,545910.34,26,1,0,0.1763,0
V005848,Prime Corp,C,24.428571428571427,0.8214285714285714,522451.79,28,550322.48,27,2,0,0.1419,0
V005849,Logis Partners,B,19.893617021276597,0.7872340425531915,452947.3,47,272613.7,19,1,3,0.0726,0
V005850,Smart BV,A,22.10810810810811,0.8108108108108109,613169.25,37,260417.64,30,0,1,0.013,0
V005851,Epsilon Inc,D,20.704545454545453,0.8409090909090909,404181.22,44,179868.02,16,3,1,0.1353,0
V005852,Pharma BV,A,22.666666666666668,0.8055555555555556,307151.08,36,285917.11,22,0,1,0.0961,0
V005853,Prime BV,A,20.5625,0.75,332710.35,32,499694.71,25,0,0,0.2186,0
V005854,Delta Enterprises,A,28.12121212121212,0.8181818181818182,308810.89,33,329754.23,18,0,1,0.2633,0
V005855,Digital Industries,A,20.94736842105263,0.6842105263157895,499797.42,38,157596.07,17,0,3,0.2502,0
V005856,Zeta Services,B,18.372549019607842,0.6470588235294118,619222.09,51,369520.94,18,1,3,0.3534,0
V005857,Pharma Group,D,28.0,0.8604651162790697,351838.02999999997,43,153386.54,17,3,1,0.2634,0
V005858,Sigma GmbH,D,19.674418604651162,0.7441860465116279,505980.13,43,203471.1,21,3,3,0.0832,0
V005859,Agro Enterprises,B,16.61111111111111,0.7222222222222222,353779.39,36,411456.5,31,1,3,0.3058,0
V005860,Logis Services,A,26.17142857142857,0.8285714285714286,440245.41,35,318650.05,23,0,1,0.0964,0
V005861,Net Services,C,23.925,0.85,513458.53,40,195839.34,22,2,1,0.066,0
V005862,Epsilon Solutions,B,20.75,0.7857142857142857,385223.34,28,463009.62,19,1,0,0.1546,0
V005863,Logis Services,A,19.451612903225808,0.6774193548387096,227861.96,31,589326.44,25,0,3,0.5577,1
V005864,Tech Corp,B,23.933333333333334,0.8,579601.58,45,415341.62,19,1,1,0.0632,0
V005865,Prime Enterprises,A,24.13888888888889,0.8055555555555556,554890.71,36,214264.15000000002,18,0,1,0.0161,0
V005866,Infra Partners,C,24.630434782608695,0.7608695652173914,763005.61,46,535743.04,20,2,0,0.236,0
V005867,Prime Associates,B,22.58974358974359,0.8205128205128205,726284.23,39,307191.0,21,1,2,0.0589,0
V005868,Inter Solutions,A,22.558139534883722,0.7674418604651163,981585.4,43,103510.41,19,0,2,0.3294,0
V005869,Delta Inc,A,16.5,0.6666666666666666,340009.97,36,343013.88,16,0,3,0.3821,0
V005870,Zeta AG,C,18.28205128205128,0.717948717948718,462964.94,39,75517.62,13,2,3,0.3194,0
V005871,Metal Partners,B,24.627906976744185,0.8604651162790697,612197.97,43,147626.84,20,1,1,0.1235,0
V005872,Gamma GmbH,C,16.925,0.575,337402.51,40,191945.15,19,2,3,0.5976,1
V005873,Net AG,B,19.325581395348838,0.6744186046511628,880550.89,43,96513.85,15,1,3,0.5087,0
V005874,Global BV,A,20.17142857142857,0.7428571428571429,358191.78,35,301495.44,25,0,3,0.1229,0
V005875,Delta Corp,B,20.977272727272727,0.7272727272727273,984848.64,44,670145.2899999999,26,1,0,0.4906,0
V005876,Epsilon AG,A,18.897435897435898,0.6666666666666666,428121.08,39,824934.65,33,0,0,0.602,1
V005877,Tech GmbH,A,27.69047619047619,0.8571428571428571,371494.84,42,147971.84,21,0,1,0.2457,0
V005878,Global Enterprises,D,19.959183673469386,0.7551020408163265,858153.0399999999,49,223915.12,22,3,2,0.1646,0
V005879,Beta Pvt Ltd,C,28.53846153846154,0.8974358974358975,381081.02,39,176078.53,20,2,1,0.3587,0
V005880,Prime Associates,C,18.625,0.775,669090.74,40,91111.62,15,2,3,0.2516,0
V005881,Pharma Ltd,C,25.73170731707317,0.8292682926829268,599151.59,41,391788.05,21,2,1,0.1021,0
V005882,Epsilon Group,B,19.897435897435898,0.7948717948717948,711117.64,39,447268.81,26,1,0,0.1787,0
V005883,Trans GmbH,A,22.060606060606062,0.7878787878787878,271615.81,33,193875.19,24,0,1,0.1612,0
V005884,Sigma Corp,A,22.566037735849058,0.8301886792452831,873488.85,53,156512.15,14,0,2,0.1749,0
V005885,Smart Pvt Ltd,A,22.823529411764707,0.8235294117647058,468984.64,34,269091.62,27,0,1,0.0316,0
V005886,Prime Industries,B,19.615384615384617,0.6923076923076923,727065.34,39,597074.06,22,1,0,0.4238,0
V005887,Logis Services,A,28.44,0.96,750768.33,50,228233.55,21,0,1,0.5729,1
V005888,Energy Associates,B,22.361702127659573,0.7446808510638298,625305.35,47,250629.15,26,1,3,0.0716,0
V005889,Uni Pvt Ltd,B,20.322580645161292,0.7419354838709677,279981.41,31,157479.33000000002,17,1,3,0.2265,0
V005890,Energy AG,B,21.13888888888889,0.7222222222222222,246408.72,36,278125.63,23,1,3,0.2706,0
V005891,Metal AG,A,25.166666666666668,0.7857142857142857,529710.09,42,533071.25,23,0,0,0.1557,0
V005892,Energy Inc,B,21.2,0.8285714285714286,465169.35000000003,35,197610.54,23,1,1,0.0791,0
V005893,Metal GmbH,C,22.425,0.8,382021.62,40,160819.69,21,2,1,0.0754,0
V005894,Inter Pvt Ltd,C,21.186046511627907,0.6744186046511628,540459.63,43,148717.9,16,2,3,0.2803,0
V005895,Net Enterprises,A,18.93877551020408,0.7142857142857143,452308.44,49,341442.76,31,0,3,0.1662,0
V005896,Zeta Industries,A,19.902439024390244,0.8536585365853658,267122.15,41,623653.6000000001,21,0,0,0.4426,0
V005897,Epsilon BV,D,20.93548387096774,0.7741935483870968,342113.98,31,253446.27,26,3,3,0.0906,0
V005898,Alpha Pvt Ltd,C,19.869565217391305,0.8043478260869565,705399.95,46,228887.22999999998,31,2,2,0.1081,0
V005899,Epsilon Partners,B,22.46511627906977,0.7906976744186046,1060836.53,43,757718.58,21,1,0,0.5154,0
V005900,Gamma Partners,A,25.25,0.7777777777777778,833878.86,36,234965.81,21,0,2,0.1551,0
V005901,Eco Solutions,D,27.177777777777777,0.9111111111111111,745220.28,45,282077.9,23,3,1,0.3088,0
V005902,Pharma Partners,B,24.68421052631579,0.7894736842105263,568157.2,38,310866.62,21,1,1,0.0523,0
V005903,Smart Services,B,26.025,0.9,837494.26,40,579848.85,24,1,0,0.4486,0
V005904,Pharma Services,A,24.954545454545453,0.8181818181818182,1116302.66,44,246993.88,21,0,2,0.2927,0
V005905,Beta BV,C,18.404255319148938,0.7446808510638298,694707.61,47,774001.37,23,2,0,0.4797,0
V005906,Zeta Corp,B,17.757575757575758,0.8484848484848485,422630.42,33,215353.69,18,1,3,0.2624,0
V005907,Alpha Group,A,25.81081081081081,0.8918918918918919,422704.38,37,259939.03,22,0,1,0.1898,0
V005908,Energy Solutions,A,18.476190476190474,0.7619047619047619,480345.2,42,340054.9,30,0,3,0.1379,0
V005909,Net AG,D,22.96153846153846,0.8076923076923077,558144.8,52,265966.51,25,3,1,0.0082,0
V005910,Prime Associates,D,21.878048780487806,0.7804878048780488,537206.29,41,228016.24,19,3,3,0.0251,0
V005911,Metal Industries,A,18.339285714285715,0.6785714285714286,555060.6900000001,56,235921.68,17,0,3,0.2291,0
V005912,Tech Group,A,21.17948717948718,0.8461538461538461,719900.3,39,382388.58,27,0,2,0.1717,0
V005913,Alpha Inc,A,18.155172413793103,0.8275862068965517,693671.62,58,231724.19,20,0,3,0.2124,0
V005914,Smart Ltd,B,20.40909090909091,0.75,346680.7,44,195536.55,28,1,3,0.1402,0
V005915,Infra AG,A,24.23076923076923,0.7307692307692307,201622.69,26,236515.53,22,0,3,0.3579,0
V005916,Logis GmbH,B,23.789473684210527,0.8157894736842105,538382.8099999999,38,581737.32,17,1,0,0.1474,0
V005917,Beta GmbH,D,14.382978723404255,0.6808510638297872,412047.26,47,544331.54,27,3,3,0.5707,1
V005918,Prime Enterprises,B,23.25,0.7272727272727273,912739.19,44,213412.29,26,1,2,0.2075,0
V005919,Smart Services,C,18.84375,0.75,288264.7,32,186016.33,19,2,3,0.2343,0
V005920,Delta Ltd,A,21.511627906976745,0.7906976744186046,608798.3400000001,43,414044.21,20,0,0,0.073,0
V005921,Pharma AG,B,23.790697674418606,0.8372093023255814,459873.01,43,169199.75,23,1,1,0.0532,0
V005922,Energy Corp,A,26.416666666666668,0.8541666666666666,662208.1900000001,48,186186.63,19,0,1,0.1332,0
V005923,Logis BV,B,17.91891891891892,0.7567567567567568,552087.28,37,158228.13999999998,19,1,3,0.1621,0
V005924,Metal GmbH,B,21.13157894736842,0.7368421052631579,292235.53,38,262248.0,23,1,3,0.1776,0
V005925,Smart BV,D,23.58974358974359,0.8205128205128205,534859.74,39,294292.67000000004,25,3,1,0.0135,0
V005926,Prime AG,B,17.22222222222222,0.6888888888888889,899336.4,45,548322.59,27,1,3,0.5321,0
V005927,Tech Ltd,B,18.923076923076923,0.6923076923076923,335911.64999999997,39,131352.87,14,1,3,0.3084,0
V005928,Uni Partners,B,22.581818181818182,0.7454545454545455,472699.15,55,436874.49,19,1,0,0.1098,0
V005929,Beta GmbH,B,24.725,0.925,425144.45,40,52227.979999999996,11,1,1,0.5096,0
V005930,Delta Inc,A,25.043478260869566,0.7608695652173914,397144.52999999997,46,150025.54,22,0,1,0.1605,0
V005931,Infra Enterprises,A,19.837209302325583,0.7674418604651163,518726.34,43,263078.19,23,0,3,0.065,0
V005932,Epsilon GmbH,B,23.428571428571427,0.7380952380952381,475562.36,42,208237.83,24,1,3,0.0874,0
V005933,Logis Corp,A,22.568181818181817,0.7954545454545454,570964.76,44,412580.02,25,0,0,0.0643,0
V005934,Prime Associates,A,23.675,0.85,480724.74,40,112097.24,18,0,1,0.1401,0
V005935,Inter Associates,B,31.57894736842105,0.868421052631579,431556.01,38,62270.96,13,1,1,0.6349,1
V005936,Pharma Solutions,A,20.77777777777778,0.8888888888888888,760453.79,45,191724.03,18,0,2,0.2833,0
V005937,Uni Group,B,21.071428571428573,0.7619047619047619,788100.89,42,280054.17,22,1,2,0.1074,0
V005938,Logis Group,B,19.390243902439025,0.6829268292682927,487933.66,41,313155.89999999997,28,1,3,0.1961,0
V005939,Tech Pvt Ltd,A,23.177777777777777,0.8666666666666667,477671.99,45,291314.17,23,0,1,0.0878,0
V005940,Delta Associates,A,28.428571428571427,0.9285714285714286,455850.46,42,194096.13999999998,26,0,1,0.4391,0
V005941,Metal Inc,B,20.73469387755102,0.8367346938775511,616777.05,49,288433.97000000003,21,1,1,0.1086,0
V005942,Digital Pvt Ltd,A,18.357142857142858,0.7619047619047619,386742.6,42,686710.37,17,0,0,0.378,0
V005943,Smart Partners,C,18.466666666666665,0.7,318604.42,30,359015.57,17,2,3,0.2908,0
V005944,Epsilon Pvt Ltd,C,24.568181818181817,0.7954545454545454,430295.67,44,222257.04,17,2,1,0.042,0
V005945,Epsilon Enterprises,D,18.473684210526315,0.7105263157894737,806511.3500000001,38,224243.59,19,3,3,0.256,0
V005946,Alpha Inc,C,20.789473684210527,0.7631578947368421,881637.61,38,343419.94,20,2,2,0.1665,0
V005947,Agro Partners,B,22.9,0.7666666666666667,740439.39,30,278898.54,15,1,2,0.083,0
V005948,Digital Associates,C,23.0,0.8064516129032258,420713.78,31,341804.11,21,2,1,0.0421,0
V005949,Gamma Pvt Ltd,C,20.735849056603772,0.8113207547169812,640229.39,53,377601.3,18,2,2,0.1086,0
V005950,Alpha Partners,A,24.613636363636363,0.7954545454545454,472451.97,44,239321.03,21,0,1,0.0337,0
V005951,Inter AG,C,22.642857142857142,0.8095238095238095,625888.49,42,147265.59,21,2,1,0.0607,0
V005952,Energy Group,A,17.977272727272727,0.75,350315.35,44,262122.49000000002,26,0,3,0.1712,0
V005953,Logis Solutions,B,24.05,0.85,642810.97,40,248406.71,16,1,1,0.0689,0
V005954,Zeta Enterprises,A,27.242424242424242,0.9090909090909091,648874.5,33,284105.01,24,0,1,0.2895,0
V005955,Smart Corp,A,21.708333333333332,0.7291666666666666,1003145.0,48,267128.79,22,0,2,0.243,0
V005956,Delta Pvt Ltd,B,14.421052631578947,0.7105263157894737,453635.05,38,197489.71,20,1,3,0.4041,0
V005957,Delta Enterprises,B,26.441176470588236,0.8235294117647058,375198.5,34,345821.97,31,1,1,0.1638,0
V005958,Prime Industries,C,27.425531914893618,0.7659574468085106,483121.83999999997,47,218961.58,24,2,1,0.217,0
V005959,Uni GmbH,A,27.0,0.7872340425531915,689480.5399999999,47,132044.08,21,0,1,0.2481,0
V005960,Inter Corp,A,18.093023255813954,0.6511627906976745,703101.7,43,233152.61000000002,28,0,3,0.344,0
V005961,Agro BV,A,25.58,0.78,910125.79,50,276838.21,29,0,2,0.2003,0
V005962,Inter Pvt Ltd,B,19.82608695652174,0.8043478260869565,706714.15,46,308867.35000000003,25,1,2,0.1147,0
V005963,Alpha Associates,D,25.025641025641026,0.8461538461538461,903848.0399999999,39,862244.7899999999,33,3,0,0.552,1
V005964,Pharma Inc,C,22.487179487179485,0.7692307692307693,699421.85,39,457316.80000000005,26,2,0,0.135,0
V005965,Beta Ltd,B,16.02777777777778,0.6666666666666666,406629.19,36,540986.0299999999,22,1,3,0.4793,0
V005966,Uni AG,A,21.970588235294116,0.8235294117647058,372938.35,34,375486.56,20,0,1,0.1212,0
V005967,Pharma AG,C,24.77777777777778,0.7592592592592593,822348.87,54,319714.63,28,2,2,0.1632,0
V005968,Alpha Enterprises,A,20.696969696969695,0.7272727272727273,412859.36,33,172994.79,22,0,3,0.1181,0
V005969,Alpha Solutions,A,21.939393939393938,0.8181818181818182,351181.24,33,353919.33,18,0,1,0.1097,0
V005970,Net Pvt Ltd,A,18.72972972972973,0.7837837837837838,747364.63,37,257180.02,21,0,3,0.1539,0
V005971,Energy Corp,A,20.58139534883721,0.6976744186046512,1026668.83,43,212601.08,19,0,2,0.3622,0
V005972,Zeta GmbH,A,29.916666666666668,0.9166666666666666,1317382.99,36,210727.01,15,0,2,0.7862,1
V005973,Global Corp,B,22.333333333333332,0.7142857142857143,991614.28,42,199119.75,25,1,2,0.2981,0
V005974,Energy Partners,D,26.615384615384617,0.8269230769230769,579250.32,52,316745.61,21,3,1,0.0885,0
V005975,Logis GmbH,A,20.733333333333334,0.8,373313.58999999997,45,141627.69,20,0,3,0.1263,0
V005976,Smart Industries,A,17.84090909090909,0.6818181818181818,373669.17,44,207254.87,20,0,3,0.2701,0
V005977,Pro Corp,D,27.696969696969695,0.8787878787878788,523786.88,33,160860.13,22,3,1,0.2315,0
V005978,Infra Pvt Ltd,A,23.075,0.75,543496.2,40,138525.51,22,0,3,0.1184,0
V005979,Uni Group,D,24.39622641509434,0.9056603773584906,718838.39,53,284073.93,23,3,1,0.2381,0
V005980,Metal AG,B,24.386363636363637,0.8409090909090909,512170.56,44,764282.91,25,1,0,0.3357,0
V005981,Pro Enterprises,A,20.37837837837838,0.7837837837837838,1195882.8800000001,37,713670.2000000001,26,0,2,0.6087,1
V005982,Eco AG,A,27.302325581395348,0.813953488372093,382221.86,43,312426.81,24,0,1,0.1688,0
V005983,Pro Enterprises,C,15.3,0.6333333333333333,274845.04,30,230474.97,20,2,3,0.559,1
V005984,Smart Industries,C,25.387096774193548,0.7741935483870968,943170.4299999999,31,91668.32,15,2,2,0.3691,0
V005985,Tech Group,B,19.205882352941178,0.7352941176470589,612924.67,34,252961.73,26,1,3,0.1002,0
V005986,Zeta BV,D,19.074074074074073,0.7592592592592593,563925.16,54,161273.91,20,3,3,0.1136,0
V005987,Metal Enterprises,A,19.285714285714285,0.7755102040816326,624261.74,49,237483.21000000002,23,0,3,0.0903,0
V005988,Gamma Industries,A,20.7,0.775,834783.1900000001,40,248177.69,19,0,2,0.1175,0
V005989,Inter Industries,A,22.107142857142858,0.7142857142857143,282284.68,28,387442.62,26,0,3,0.2876,0
V005990,Global BV,B,23.424242424242426,0.7575757575757576,375162.5,33,247003.78,22,1,1,0.0837,0
V005991,Delta Ltd,D,21.886363636363637,0.7727272727272727,518529.37,44,430179.95,18,3,0,0.0782,0
V005992,Metal Enterprises,A,25.314285714285713,0.7428571428571429,489231.54000000004,35,265183.82999999996,25,0,1,0.1543,0
V005993,Epsilon Inc,A,18.58823529411765,0.7450980392156863,843582.56,51,595202.49,19,0,0,0.3909,0
V005994,Zeta Services,A,23.885714285714286,0.8571428571428571,545193.23,35,151573.03,21,0,1,0.0906,0
V005995,Inter Group,D,21.36111111111111,0.8055555555555556,323692.41000000003,36,431179.68,14,3,0,0.1604,0
V005996,Beta Partners,B,19.568181818181817,0.7045454545454546,561083.4,44,180204.45,23,1,3,0.1586,0
V005997,Digital Solutions,B,20.975609756097562,0.7804878048780488,600225.07,41,217657.04,13,1,3,0.0457,0
V005998,Agro Associates,C,22.391304347826086,0.7608695652173914,411085.3,46,220471.22999999998,19,2,3,0.0515,0
V005999,Uni Associates,A,23.67391304347826,0.8260869565217391,347868.25,46,166418.35,28,0,1,0.1151,0
V006000,Infra Ltd,B,19.508474576271187,0.711864406779661,966700.56,59,258650.99000000002,25,1,2,0.2884,0
